ma_mon,ten_mon,nhom_mon,stt_thanh_phan,thanh_phan_goc,thanh_phan_chuan_hoa,ten_tham_chieu_tieng_anh,nhom_thanh_phan,trang_thai_tham_chieu,vai_tro_trong_mon,phan_an_duoc,loai_dong,nhom_lua_chon,tinh_vao_tong_mac_dinh,khoi_luong_uoc_tinh_g_moi_suat,kcal_tren_100g,kcal_uoc_tinh_thanh_phan_trong_suat,tong_kcal_uoc_tinh_tu_thanh_phan_da_liet_ke_mac_dinh,ty_le_kcal_trong_tong_thanh_phan_da_liet_ke_phan_tram,co_so_khoi_luong,pham_vi_du_lieu,nguon_kcal,ma_du_lieu_nguon,energy_nutrient_field,ten_ban_ghi_nguon,url_nguon_kcal,url_nguon_mon_goc,do_tin_cay_kcal_100g,do_tin_cay_khoi_luong,ghi_chu,ngay_tra_cuu
HN001,Trứng vịt lộn,Ăn vặt,1,trứng vịt lộn,Trứng vịt lộn luộc,"Balut, cooked",trứng,"chín, phần ăn được",dam_chinh,có,thành phần được liệt kê,,có,70,182,127.4,144.8,88,ước tính biên tập; không phải công thức định lượng của từng quán,toàn bộ thành phần đặc trưng đã ghi trong CSV gốc; không phải công thức đầy đủ của mọi quán,Viện Dinh dưỡng Việt Nam / FAO (proxy),không gắn mã riêng; đối chiếu theo thực phẩm tương đương,NIN/FAO Energy kcal (trên 100 g phần ăn được),"Balut, cooked",https://viendinhduong.vn/en/cong-cu-va-tien-ich/nutritional-value-of-food; https://www.fao.org/fileadmin/templates/food_composition/documents/pdf/VTN_FCT_2007.pdf,https://vietnam.travel/things-to-do/vietnam-foodie-guide-region,trung_binh,thap,"Đại diện cho trứng vịt lộn luộc. Một quả cỡ vừa, khối lượng phần ăn được không tính vỏ.",2026-08-02
HN001,Trứng vịt lộn,Ăn vặt,2,rau răm,Rau răm,Vietnamese coriander,rau thơm,"tươi, sống",rau_thom,có,thành phần được liệt kê,,có,15,30,4.5,144.8,3.1,ước tính biên tập; không phải công thức định lượng của từng quán,toàn bộ thành phần đặc trưng đã ghi trong CSV gốc; không phải công thức đầy đủ của mọi quán,Viện Dinh dưỡng Việt Nam / FAO (proxy),không gắn mã riêng; đối chiếu theo thực phẩm tương đương,NIN/FAO Energy kcal (trên 100 g phần ăn được),Vietnamese coriander,https://viendinhduong.vn/en/cong-cu-va-tien-ich/nutritional-value-of-food; https://www.fao.org/fileadmin/templates/food_composition/documents/pdf/VTN_FCT_2007.pdf,https://vietnam.travel/things-to-do/vietnam-foodie-guide-region,trung_binh,thap,Ước tính theo rau thơm tươi. Một nhúm rau thơm/lá gia vị ăn được trong một suất.,2026-08-02
HN001,Trứng vịt lộn,Ăn vặt,3,gừng,Gừng tươi,"Ginger root, raw",gia vị,"tươi, sống",gia_vi_tuoi,có,thành phần được liệt kê,,có,8,80,6.4,144.8,4.4,ước tính biên tập; không phải công thức định lượng của từng quán,toàn bộ thành phần đặc trưng đã ghi trong CSV gốc; không phải công thức đầy đủ của mọi quán,USDA SR28 / FoodData Central (proxy),USDA SR28 NDB_No 11216,USDA SR28 Energ_Kcal (trên 100 g phần ăn được),"GINGER ROOT,RAW",https://catalog.data.gov/dataset/composition-of-foods-raw-processed-prepared-usda-national-nutrient-database-for-standar-28,https://vietnam.travel/things-to-do/vietnam-foodie-guide-region,cao,thap,Gừng củ tươi. Lượng gia vị tươi ước/nấu trong một suất; không nhất thiết ăn hết phần xác. Khớp gần với bản ghi USDA SR28; điểm khớp 100%.,2026-08-02
HN001,Trứng vịt lộn,Ăn vặt,4,ngải cứu,Rau ngải cứu,Mugwort leaves,rau lá,tươi,rau_thom,có,thành phần được liệt kê,,có,15,43,6.5,144.8,4.5,ước tính biên tập; không phải công thức định lượng của từng quán,toàn bộ thành phần đặc trưng đã ghi trong CSV gốc; không phải công thức đầy đủ của mọi quán,Viện Dinh dưỡng Việt Nam / FAO (proxy),không gắn mã riêng; đối chiếu theo thực phẩm tương đương,NIN/FAO Energy kcal (trên 100 g phần ăn được),Mugwort leaves,https://viendinhduong.vn/en/cong-cu-va-tien-ich/nutritional-value-of-food; https://www.fao.org/fileadmin/templates/food_composition/documents/pdf/VTN_FCT_2007.pdf,https://vietnam.travel/things-to-do/vietnam-foodie-guide-region,trung_binh,thap,Ước tính cho lá tươi ăn được. Một nhúm rau thơm/lá gia vị ăn được trong một suất.,2026-08-02
HN002,Bánh gối,Ăn vặt chiên,1,bột mì,Bột mì đa dụng,"Wheat flour, all-purpose",bột/ngũ cốc,khô,tinh_bot_chinh_kho,có,thành phần được liệt kê,,có,70,364,254.8,642.2,39.7,ước tính biên tập; không phải công thức định lượng của từng quán,toàn bộ thành phần đặc trưng đã ghi trong CSV gốc; không phải công thức đầy đủ của mọi quán,USDA SR28 / FoodData Central (proxy),không gắn mã riêng; đối chiếu theo thực phẩm tương đương,USDA SR28 Energ_Kcal (trên 100 g phần ăn được),"Wheat flour, all-purpose",https://catalog.data.gov/dataset/composition-of-foods-raw-processed-prepared-usda-national-nutrient-database-for-standar-28,https://vietnam.travel/node/1560,cao,thap,Bột mì trắng đa dụng. Lượng bột khô quy đổi trong một phần bánh/món.,2026-08-02
HN002,Bánh gối,Ăn vặt chiên,2,thịt băm,Thịt lợn băm chín,"Ground pork, cooked",thịt,chín,dam_chinh_hoac_nhan,có,thành phần được liệt kê,,có,70,297,207.9,642.2,32.4,ước tính biên tập; không phải công thức định lượng của từng quán,toàn bộ thành phần đặc trưng đã ghi trong CSV gốc; không phải công thức đầy đủ của mọi quán,Viện Dinh dưỡng Việt Nam / FAO (proxy),không gắn mã riêng; đối chiếu theo thực phẩm tương đương,NIN/FAO Energy kcal (trên 100 g phần ăn được),"Ground pork, cooked",https://viendinhduong.vn/en/cong-cu-va-tien-ich/nutritional-value-of-food; https://www.fao.org/fileadmin/templates/food_composition/documents/pdf/VTN_FCT_2007.pdf,https://vietnam.travel/node/1560,trung_binh,thap,Giả định thịt lợn băm độ béo vừa. Thịt chín dùng làm nhân/topping; nếu là nguyên liệu đầu tiên của món có thể nâng lên 90 g.,2026-08-02
HN002,Bánh gối,Ăn vặt chiên,3,miến,Miến dong đã nấu,"Glass noodles, cooked",mì/bún,"chín, ngậm nước",tinh_bot_chinh_da_chin,có,thành phần được liệt kê,,có,160,80,128,642.2,19.9,ước tính biên tập; không phải công thức định lượng của từng quán,toàn bộ thành phần đặc trưng đã ghi trong CSV gốc; không phải công thức đầy đủ của mọi quán,Viện Dinh dưỡng Việt Nam / FAO (proxy),không gắn mã riêng; đối chiếu theo thực phẩm tương đương,NIN/FAO Energy kcal (trên 100 g phần ăn được),"Glass noodles, cooked",https://viendinhduong.vn/en/cong-cu-va-tien-ich/nutritional-value-of-food; https://www.fao.org/fileadmin/templates/food_composition/documents/pdf/VTN_FCT_2007.pdf,https://vietnam.travel/node/1560,trung_binh,thap,Mật độ năng lượng sau khi nấu. Khối lượng miến đã ngâm/nấu trong một phần.,2026-08-02
HN002,Bánh gối,Ăn vặt chiên,4,mộc nhĩ,Mộc nhĩ ngâm nở,"Wood ear mushroom, rehydrated",nấm,ngâm nở,nam_rau_phu,có,thành phần được liệt kê,,có,35,25,8.8,642.2,1.4,ước tính biên tập; không phải công thức định lượng của từng quán,toàn bộ thành phần đặc trưng đã ghi trong CSV gốc; không phải công thức đầy đủ của mọi quán,Viện Dinh dưỡng Việt Nam / FAO (proxy),không gắn mã riêng; đối chiếu theo thực phẩm tương đương,NIN/FAO Energy kcal (trên 100 g phần ăn được),"Wood ear mushroom, rehydrated",https://viendinhduong.vn/en/cong-cu-va-tien-ich/nutritional-value-of-food; https://www.fao.org/fileadmin/templates/food_composition/documents/pdf/VTN_FCT_2007.pdf,https://vietnam.travel/node/1560,trung_binh,thap,Không dùng giá trị mộc nhĩ khô. Khối lượng nấm/mộc nhĩ sau ngâm hoặc nấu trong một suất.,2026-08-02
HN002,Bánh gối,Ăn vặt chiên,5,trứng cút,Trứng cút nguyên quả,"Quail egg, whole",trứng,chín hoặc sống nguyên quả,dam_phu,có,thành phần được liệt kê,,có,27,158,42.7,642.2,6.6,ước tính biên tập; không phải công thức định lượng của từng quán,toàn bộ thành phần đặc trưng đã ghi trong CSV gốc; không phải công thức đầy đủ của mọi quán,USDA SR28 / FoodData Central (proxy),USDA SR28 NDB_No 01140,USDA SR28 Energ_Kcal (trên 100 g phần ăn được),"EGG,QUAIL,WHOLE,FRESH,RAW",https://catalog.data.gov/dataset/composition-of-foods-raw-processed-prepared-usda-national-nutrient-database-for-standar-28,https://vietnam.travel/node/1560,cao,thap,"Giá trị nguyên quả phần ăn được. Khoảng ba quả trứng cút, bỏ vỏ. Khớp gần với bản ghi USDA SR28; điểm khớp 100%.",2026-08-02
HN003,Bánh rán mặn,Ăn vặt chiên,1,bột nếp,Bột gạo nếp,Glutinous rice flour,bột/ngũ cốc,khô,tinh_bot_chinh_kho,có,thành phần được liệt kê,,có,70,366,256.2,631,40.6,ước tính biên tập; không phải công thức định lượng của từng quán,toàn bộ thành phần đặc trưng đã ghi trong CSV gốc; không phải công thức đầy đủ của mọi quán,Viện Dinh dưỡng Việt Nam / FAO (proxy),không gắn mã riêng; đối chiếu theo thực phẩm tương đương,NIN/FAO Energy kcal (trên 100 g phần ăn được),Glutinous rice flour,https://viendinhduong.vn/en/cong-cu-va-tien-ich/nutritional-value-of-food; https://www.fao.org/fileadmin/templates/food_composition/documents/pdf/VTN_FCT_2007.pdf,https://vietnam.travel/things-to-do/vietnam-foodie-guide-region,cao,thap,Bột nếp khô. Lượng nguyên liệu nếp/cốm cho một phần bánh/quà.,2026-08-02
HN003,Bánh rán mặn,Ăn vặt chiên,2,thịt băm,Thịt lợn băm chín,"Ground pork, cooked",thịt,chín,dam_chinh_hoac_nhan,có,thành phần được liệt kê,,có,70,297,207.9,631,32.9,ước tính biên tập; không phải công thức định lượng của từng quán,toàn bộ thành phần đặc trưng đã ghi trong CSV gốc; không phải công thức đầy đủ của mọi quán,Viện Dinh dưỡng Việt Nam / FAO (proxy),không gắn mã riêng; đối chiếu theo thực phẩm tương đương,NIN/FAO Energy kcal (trên 100 g phần ăn được),"Ground pork, cooked",https://viendinhduong.vn/en/cong-cu-va-tien-ich/nutritional-value-of-food; https://www.fao.org/fileadmin/templates/food_composition/documents/pdf/VTN_FCT_2007.pdf,https://vietnam.travel/things-to-do/vietnam-foodie-guide-region,trung_binh,thap,Giả định thịt lợn băm độ béo vừa. Thịt chín dùng làm nhân/topping; nếu là nguyên liệu đầu tiên của món có thể nâng lên 90 g.,2026-08-02
HN003,Bánh rán mặn,Ăn vặt chiên,3,miến,Miến dong đã nấu,"Glass noodles, cooked",mì/bún,"chín, ngậm nước",tinh_bot_chinh_da_chin,có,thành phần được liệt kê,,có,160,80,128,631,20.3,ước tính biên tập; không phải công thức định lượng của từng quán,toàn bộ thành phần đặc trưng đã ghi trong CSV gốc; không phải công thức đầy đủ của mọi quán,Viện Dinh dưỡng Việt Nam / FAO (proxy),không gắn mã riêng; đối chiếu theo thực phẩm tương đương,NIN/FAO Energy kcal (trên 100 g phần ăn được),"Glass noodles, cooked",https://viendinhduong.vn/en/cong-cu-va-tien-ich/nutritional-value-of-food; https://www.fao.org/fileadmin/templates/food_composition/documents/pdf/VTN_FCT_2007.pdf,https://vietnam.travel/things-to-do/vietnam-foodie-guide-region,trung_binh,thap,Mật độ năng lượng sau khi nấu. Khối lượng miến đã ngâm/nấu trong một phần.,2026-08-02
HN003,Bánh rán mặn,Ăn vặt chiên,4,mộc nhĩ,Mộc nhĩ ngâm nở,"Wood ear mushroom, rehydrated",nấm,ngâm nở,nam_rau_phu,có,thành phần được liệt kê,,có,35,25,8.8,631,1.4,ước tính biên tập; không phải công thức định lượng của từng quán,toàn bộ thành phần đặc trưng đã ghi trong CSV gốc; không phải công thức đầy đủ của mọi quán,Viện Dinh dưỡng Việt Nam / FAO (proxy),không gắn mã riêng; đối chiếu theo thực phẩm tương đương,NIN/FAO Energy kcal (trên 100 g phần ăn được),"Wood ear mushroom, rehydrated",https://viendinhduong.vn/en/cong-cu-va-tien-ich/nutritional-value-of-food; https://www.fao.org/fileadmin/templates/food_composition/documents/pdf/VTN_FCT_2007.pdf,https://vietnam.travel/things-to-do/vietnam-foodie-guide-region,trung_binh,thap,Không dùng giá trị mộc nhĩ khô. Khối lượng nấm/mộc nhĩ sau ngâm hoặc nấu trong một suất.,2026-08-02
HN003,Bánh rán mặn,Ăn vặt chiên,5,đu đủ,Đu đủ chín,"Papaya, ripe, raw",trái cây,"tươi, chín",rau_cu_an_kem,có,thành phần được liệt kê,,có,70,43,30.1,631,4.8,ước tính biên tập; không phải công thức định lượng của từng quán,toàn bộ thành phần đặc trưng đã ghi trong CSV gốc; không phải công thức đầy đủ của mọi quán,USDA SR28 / FoodData Central (proxy),không gắn mã riêng; đối chiếu theo thực phẩm tương đương,USDA SR28 Energ_Kcal (trên 100 g phần ăn được),"Papaya, ripe, raw",https://catalog.data.gov/dataset/composition-of-foods-raw-processed-prepared-usda-national-nutrient-database-for-standar-28,https://vietnam.travel/things-to-do/vietnam-foodie-guide-region,cao,thap,Đu đủ chín phần ăn được. Khối lượng rau/củ ăn kèm hoặc làm nộm trong một phần.,2026-08-02
HN004,Nem chua rán,Ăn vặt đường phố,1,thịt lợn,"Thịt lợn chín, nạc mỡ vừa","Pork, cooked, lean and fat",thịt,chín,dam_chinh,có,thành phần được liệt kê,,có,80,242,193.6,650.9,29.7,ước tính biên tập; không phải công thức định lượng của từng quán,toàn bộ thành phần đặc trưng đã ghi trong CSV gốc; không phải công thức đầy đủ của mọi quán,Viện Dinh dưỡng Việt Nam / FAO (proxy),không gắn mã riêng; đối chiếu theo thực phẩm tương đương,NIN/FAO Energy kcal (trên 100 g phần ăn được),"Pork, cooked, lean and fat",https://viendinhduong.vn/en/cong-cu-va-tien-ich/nutritional-value-of-food; https://www.fao.org/fileadmin/templates/food_composition/documents/pdf/VTN_FCT_2007.pdf,https://www.vietnam.travel/things-to-do/10-must-try-hanoi-dishes/,trung_binh,thap,Giá trị đại diện nhiều phần cắt. Khối lượng thịt lợn thành phẩm trong một suất.,2026-08-02
HN004,Nem chua rán,Ăn vặt đường phố,2,bì,Bì lợn chín,"Pork skin, cooked",thịt/nội tạng,chín,dam_noi_tang_bi,có,thành phần được liệt kê,,có,60,550,330,650.9,50.7,ước tính biên tập; không phải công thức định lượng của từng quán,toàn bộ thành phần đặc trưng đã ghi trong CSV gốc; không phải công thức đầy đủ của mọi quán,USDA SR28 / FoodData Central (proxy),không gắn mã riêng; đối chiếu theo thực phẩm tương đương,USDA SR28 Energ_Kcal (trên 100 g phần ăn được),"Pork skin, cooked",https://catalog.data.gov/dataset/composition-of-foods-raw-processed-prepared-usda-national-nutrient-database-for-standar-28,https://www.vietnam.travel/things-to-do/10-must-try-hanoi-dishes/,trung_binh,thap,Biến thiên theo lượng mỡ còn bám. Khối lượng nội tạng/bì chín trong một phần.,2026-08-02
HN004,Nem chua rán,Ăn vặt đường phố,3,thính,Thính gạo rang,Roasted rice powder,bột/ngũ cốc,"khô, rang",phu_gia_len_men_tao_huong,có,thành phần được liệt kê,,có,4,370,14.8,650.9,2.3,ước tính biên tập; không phải công thức định lượng của từng quán,toàn bộ thành phần đặc trưng đã ghi trong CSV gốc; không phải công thức đầy đủ của mọi quán,Viện Dinh dưỡng Việt Nam / FAO (proxy),không gắn mã riêng; đối chiếu theo thực phẩm tương đương,NIN/FAO Energy kcal (trên 100 g phần ăn được),Roasted rice powder,https://viendinhduong.vn/en/cong-cu-va-tien-ich/nutritional-value-of-food; https://www.fao.org/fileadmin/templates/food_composition/documents/pdf/VTN_FCT_2007.pdf,https://www.vietnam.travel/things-to-do/10-must-try-hanoi-dishes/,trung_binh,thap,Proxy từ gạo rang xay. Lượng men/thính khô trong một phần.,2026-08-02
HN004,Nem chua rán,Ăn vặt đường phố,4,bột chiên,Bột chiên pha sẵn,"Seasoned frying flour, dry",bột/ngũ cốc,khô,ao_bot,có,thành phần được liệt kê,,có,25,360,90,650.9,13.8,ước tính biên tập; không phải công thức định lượng của từng quán,toàn bộ thành phần đặc trưng đã ghi trong CSV gốc; không phải công thức đầy đủ của mọi quán,USDA SR28 / FoodData Central (proxy),không gắn mã riêng; đối chiếu theo thực phẩm tương đương,USDA SR28 Energ_Kcal (trên 100 g phần ăn được),"Seasoned frying flour, dry",https://catalog.data.gov/dataset/composition-of-foods-raw-processed-prepared-usda-national-nutrient-database-for-standar-28,https://www.vietnam.travel/things-to-do/10-must-try-hanoi-dishes/,thap,thap,Công thức bột pha sẵn thay đổi theo hãng. Lượng bột áo/bột chiên bám lại trên một suất sau chế biến.,2026-08-02
HN004,Nem chua rán,Ăn vặt đường phố,5,tương ớt,Tương ớt,Chili sauce,nước sốt,chế biến sẵn,sot_nuoc_cham,có,thành phần được liệt kê,,có,25,90,22.5,650.9,3.5,ước tính biên tập; không phải công thức định lượng của từng quán,toàn bộ thành phần đặc trưng đã ghi trong CSV gốc; không phải công thức đầy đủ của mọi quán,Viện Dinh dưỡng Việt Nam / FAO (proxy),không gắn mã riêng; đối chiếu theo thực phẩm tương đương,NIN/FAO Energy kcal (trên 100 g phần ăn được),Chili sauce,https://viendinhduong.vn/en/cong-cu-va-tien-ich/nutritional-value-of-food; https://www.fao.org/fileadmin/templates/food_composition/documents/pdf/VTN_FCT_2007.pdf,https://www.vietnam.travel/things-to-do/10-must-try-hanoi-dishes/,trung_binh,thap,Loại tương ớt ngọt thông dụng. Lượng sốt/nước chấm bám và được ăn trong một suất.,2026-08-02
HN005,Nộm bò khô,Ăn vặt Hà Nội,1,đu đủ xanh,Đu đủ xanh,"Green papaya, raw",rau củ/trái cây,"tươi, sống",rau_cu_an_kem,có,thành phần được liệt kê,,có,70,39,27.3,267.8,10.2,ước tính biên tập; không phải công thức định lượng của từng quán,toàn bộ thành phần đặc trưng đã ghi trong CSV gốc; không phải công thức đầy đủ của mọi quán,Viện Dinh dưỡng Việt Nam / FAO (proxy),không gắn mã riêng; đối chiếu theo thực phẩm tương đương,NIN/FAO Energy kcal (trên 100 g phần ăn được),"Green papaya, raw",https://viendinhduong.vn/en/cong-cu-va-tien-ich/nutritional-value-of-food; https://www.fao.org/fileadmin/templates/food_composition/documents/pdf/VTN_FCT_2007.pdf,https://www.vietnam.travel/things-to-do/10-must-try-hanoi-dishes/,trung_binh,thap,Phần thịt quả non ăn được. Khối lượng rau/củ ăn kèm hoặc làm nộm trong một phần.,2026-08-02
HN005,Nộm bò khô,Ăn vặt Hà Nội,2,bò khô,Thịt bò khô,Beef jerky,thịt chế biến,sấy khô,dam_kho_topping,có,thành phần được liệt kê,,có,35,410,143.5,267.8,53.6,ước tính biên tập; không phải công thức định lượng của từng quán,toàn bộ thành phần đặc trưng đã ghi trong CSV gốc; không phải công thức đầy đủ của mọi quán,USDA SR28 / FoodData Central (proxy),USDA SR28 NDB_No 19002,USDA SR28 Energ_Kcal (trên 100 g phần ăn được),"BEEF JERKY,CHOPD&FORMED",https://catalog.data.gov/dataset/composition-of-foods-raw-processed-prepared-usda-national-nutrient-database-for-standar-28,https://www.vietnam.travel/things-to-do/10-must-try-hanoi-dishes/,trung_binh,thap,"Biến thiên theo đường và độ ẩm. Thịt bò khô đã mất nước, dùng làm topping/nộm. Khớp gần với bản ghi USDA SR28; điểm khớp 100%.",2026-08-02
HN005,Nộm bò khô,Ăn vặt Hà Nội,3,lạc,Lạc nhân,Peanuts,hạt/đậu,khô hoặc rang,hat_beo_topping,có,thành phần được liệt kê,,có,15,567,85.1,267.8,31.8,ước tính biên tập; không phải công thức định lượng của từng quán,toàn bộ thành phần đặc trưng đã ghi trong CSV gốc; không phải công thức đầy đủ của mọi quán,Viện Dinh dưỡng Việt Nam / FAO (proxy),không gắn mã riêng; đối chiếu theo thực phẩm tương đương,NIN/FAO Energy kcal (trên 100 g phần ăn được),Peanuts,https://viendinhduong.vn/en/cong-cu-va-tien-ich/nutritional-value-of-food; https://www.fao.org/fileadmin/templates/food_composition/documents/pdf/VTN_FCT_2007.pdf,https://www.vietnam.travel/things-to-do/10-must-try-hanoi-dishes/,cao,thap,"Nhân lạc ăn được, không vỏ. Một nhúm hạt/lạc/vừng làm topping.",2026-08-02
HN005,Nộm bò khô,Ăn vặt Hà Nội,4,rau kinh giới,Rau kinh giới,Vietnamese balm leaves,rau thơm,"tươi, sống",rau_thom,có,thành phần được liệt kê,,có,15,44,6.6,267.8,2.5,ước tính biên tập; không phải công thức định lượng của từng quán,toàn bộ thành phần đặc trưng đã ghi trong CSV gốc; không phải công thức đầy đủ của mọi quán,Viện Dinh dưỡng Việt Nam / FAO (proxy),không gắn mã riêng; đối chiếu theo thực phẩm tương đương,NIN/FAO Energy kcal (trên 100 g phần ăn được),Vietnamese balm leaves,https://viendinhduong.vn/en/cong-cu-va-tien-ich/nutritional-value-of-food; https://www.fao.org/fileadmin/templates/food_composition/documents/pdf/VTN_FCT_2007.pdf,https://www.vietnam.travel/things-to-do/10-must-try-hanoi-dishes/,trung_binh,thap,Ước tính cho lá tươi. Một nhúm rau thơm/lá gia vị ăn được trong một suất.,2026-08-02
HN005,Nộm bò khô,Ăn vặt Hà Nội,5,nước mắm,Nước mắm,Fish sauce,gia vị/nước chấm,dạng lỏng,nuoc_cham_gia_vi_long,có,thành phần được liệt kê,,có,15,35,5.3,267.8,2,ước tính biên tập; không phải công thức định lượng của từng quán,toàn bộ thành phần đặc trưng đã ghi trong CSV gốc; không phải công thức đầy đủ của mọi quán,Viện Dinh dưỡng Việt Nam / FAO (proxy),không gắn mã riêng; đối chiếu theo thực phẩm tương đương,NIN/FAO Energy kcal (trên 100 g phần ăn được),Fish sauce,https://viendinhduong.vn/en/cong-cu-va-tien-ich/nutritional-value-of-food; https://www.fao.org/fileadmin/templates/food_composition/documents/pdf/VTN_FCT_2007.pdf,https://www.vietnam.travel/things-to-do/10-must-try-hanoi-dishes/,cao,thap,"Loại nước mắm thông dụng. Lượng nước chấm/gia vị lỏng thực ăn trong một suất, không phải toàn bộ bát chấm.",2026-08-02
HN006,Ngao hấp sả,Ăn vặt hải sản,1,ngao,Ngao chín,"Clams, cooked",hải sản,"chín, thịt ăn được",dam_chinh_nhuyen_the,có,thành phần được liệt kê,,có,90,148,133.2,191.9,69.4,ước tính biên tập; không phải công thức định lượng của từng quán,toàn bộ thành phần đặc trưng đã ghi trong CSV gốc; không phải công thức đầy đủ của mọi quán,USDA SR28 / FoodData Central (proxy),không gắn mã riêng; đối chiếu theo thực phẩm tương đương,USDA SR28 Energ_Kcal (trên 100 g phần ăn được),"Clams, cooked",https://catalog.data.gov/dataset/composition-of-foods-raw-processed-prepared-usda-national-nutrient-database-for-standar-28,https://vietnamtourism.vn/en/index.php/services/restaurants/search/19,cao,thap,"Không tính vỏ. Khối lượng ruột/thịt ăn được, không tính vỏ.",2026-08-02
HN006,Ngao hấp sả,Ăn vặt hải sản,2,sả,Sả tươi,"Lemongrass, raw",gia vị,tươi,gia_vi_tuoi,có,thành phần được liệt kê,,có,8,99,7.9,191.9,4.1,ước tính biên tập; không phải công thức định lượng của từng quán,toàn bộ thành phần đặc trưng đã ghi trong CSV gốc; không phải công thức đầy đủ của mọi quán,USDA SR28 / FoodData Central (proxy),không gắn mã riêng; đối chiếu theo thực phẩm tương đương,USDA SR28 Energ_Kcal (trên 100 g phần ăn được),"Lemongrass, raw",https://catalog.data.gov/dataset/composition-of-foods-raw-processed-prepared-usda-national-nutrient-database-for-standar-28,https://vietnamtourism.vn/en/index.php/services/restaurants/search/19,cao,thap,Phần thân ăn được. Lượng gia vị tươi ước/nấu trong một suất; không nhất thiết ăn hết phần xác.,2026-08-02
HN006,Ngao hấp sả,Ăn vặt hải sản,3,ớt,Ớt tươi,"Chili pepper, raw",gia vị/rau quả,"tươi, sống",gia_vi,có,thành phần được liệt kê,,có,2,40,0.8,191.9,0.4,ước tính biên tập; không phải công thức định lượng của từng quán,toàn bộ thành phần đặc trưng đã ghi trong CSV gốc; không phải công thức đầy đủ của mọi quán,USDA SR28 / FoodData Central (proxy),không gắn mã riêng; đối chiếu theo thực phẩm tương đương,USDA SR28 Energ_Kcal (trên 100 g phần ăn được),"Chili pepper, raw",https://catalog.data.gov/dataset/composition-of-foods-raw-processed-prepared-usda-national-nutrient-database-for-standar-28,https://vietnamtourism.vn/en/index.php/services/restaurants/search/19,cao,thap,Ớt đỏ tươi đại diện. Lượng gia vị ước tính được ăn trong một suất.,2026-08-02
HN006,Ngao hấp sả,Ăn vặt hải sản,4,lá chanh,Lá chanh Thái/chanh ta,Kaffir lime leaves,rau thơm/gia vị,tươi,la_tao_huong,có,thành phần được liệt kê,,có,5,43,2.2,191.9,1.1,ước tính biên tập; không phải công thức định lượng của từng quán,toàn bộ thành phần đặc trưng đã ghi trong CSV gốc; không phải công thức đầy đủ của mọi quán,Viện Dinh dưỡng Việt Nam / FAO (proxy),không gắn mã riêng; đối chiếu theo thực phẩm tương đương,NIN/FAO Energy kcal (trên 100 g phần ăn được),Kaffir lime leaves,https://viendinhduong.vn/en/cong-cu-va-tien-ich/nutritional-value-of-food; https://www.fao.org/fileadmin/templates/food_composition/documents/pdf/VTN_FCT_2007.pdf,https://vietnamtourism.vn/en/index.php/services/restaurants/search/19,thap,thap,Proxy từ lá gia vị tươi; lượng dùng rất nhỏ. Lượng lá tạo hương/chua trong một suất.,2026-08-02
HN006,Ngao hấp sả,Ăn vặt hải sản,5,me,Thịt quả me,"Tamarind pulp, raw",trái cây/gia vị,phần thịt quả,qua_tao_chua,có,thành phần được liệt kê,,có,20,239,47.8,191.9,24.9,ước tính biên tập; không phải công thức định lượng của từng quán,toàn bộ thành phần đặc trưng đã ghi trong CSV gốc; không phải công thức đầy đủ của mọi quán,USDA SR28 / FoodData Central (proxy),không gắn mã riêng; đối chiếu theo thực phẩm tương đương,USDA SR28 Energ_Kcal (trên 100 g phần ăn được),"Tamarind pulp, raw",https://catalog.data.gov/dataset/composition-of-foods-raw-processed-prepared-usda-national-nutrient-database-for-standar-28,https://vietnamtourism.vn/en/index.php/services/restaurants/search/19,cao,thap,Không tính hạt và vỏ. Khối lượng phần nước/thịt quả dùng để tạo vị; không tính vỏ/hạt.,2026-08-02
HN007,Ốc luộc,Ăn vặt hải sản,1,ốc,Thịt ốc chín,"Snail meat, cooked",hải sản,"chín, phần ăn được",dam_chinh_nhuyen_the,có,thành phần được liệt kê,,có,90,90,81,102.8,78.8,ước tính biên tập; không phải công thức định lượng của từng quán,toàn bộ thành phần đặc trưng đã ghi trong CSV gốc; không phải công thức đầy đủ của mọi quán,Viện Dinh dưỡng Việt Nam / FAO (proxy),không gắn mã riêng; đối chiếu theo thực phẩm tương đương,NIN/FAO Energy kcal (trên 100 g phần ăn được),"Snail meat, cooked",https://viendinhduong.vn/en/cong-cu-va-tien-ich/nutritional-value-of-food; https://www.fao.org/fileadmin/templates/food_composition/documents/pdf/VTN_FCT_2007.pdf,https://vietnam.travel/node/1560,trung_binh,thap,"Không tính vỏ ốc. Khối lượng ruột/thịt ăn được, không tính vỏ.",2026-08-02
HN007,Ốc luộc,Ăn vặt hải sản,2,sả,Sả tươi,"Lemongrass, raw",gia vị,tươi,gia_vi_tuoi,có,thành phần được liệt kê,,có,8,99,7.9,102.8,7.7,ước tính biên tập; không phải công thức định lượng của từng quán,toàn bộ thành phần đặc trưng đã ghi trong CSV gốc; không phải công thức đầy đủ của mọi quán,USDA SR28 / FoodData Central (proxy),không gắn mã riêng; đối chiếu theo thực phẩm tương đương,USDA SR28 Energ_Kcal (trên 100 g phần ăn được),"Lemongrass, raw",https://catalog.data.gov/dataset/composition-of-foods-raw-processed-prepared-usda-national-nutrient-database-for-standar-28,https://vietnam.travel/node/1560,cao,thap,Phần thân ăn được. Lượng gia vị tươi ước/nấu trong một suất; không nhất thiết ăn hết phần xác.,2026-08-02
HN007,Ốc luộc,Ăn vặt hải sản,3,lá chanh,Lá chanh Thái/chanh ta,Kaffir lime leaves,rau thơm/gia vị,tươi,la_tao_huong,có,thành phần được liệt kê,,có,5,43,2.2,102.8,2.1,ước tính biên tập; không phải công thức định lượng của từng quán,toàn bộ thành phần đặc trưng đã ghi trong CSV gốc; không phải công thức đầy đủ của mọi quán,Viện Dinh dưỡng Việt Nam / FAO (proxy),không gắn mã riêng; đối chiếu theo thực phẩm tương đương,NIN/FAO Energy kcal (trên 100 g phần ăn được),Kaffir lime leaves,https://viendinhduong.vn/en/cong-cu-va-tien-ich/nutritional-value-of-food; https://www.fao.org/fileadmin/templates/food_composition/documents/pdf/VTN_FCT_2007.pdf,https://vietnam.travel/node/1560,thap,thap,Proxy từ lá gia vị tươi; lượng dùng rất nhỏ. Lượng lá tạo hương/chua trong một suất.,2026-08-02
HN007,Ốc luộc,Ăn vặt hải sản,4,gừng,Gừng tươi,"Ginger root, raw",gia vị,"tươi, sống",gia_vi_tuoi,có,thành phần được liệt kê,,có,8,80,6.4,102.8,6.2,ước tính biên tập; không phải công thức định lượng của từng quán,toàn bộ thành phần đặc trưng đã ghi trong CSV gốc; không phải công thức đầy đủ của mọi quán,USDA SR28 / FoodData Central (proxy),USDA SR28 NDB_No 11216,USDA SR28 Energ_Kcal (trên 100 g phần ăn được),"GINGER ROOT,RAW",https://catalog.data.gov/dataset/composition-of-foods-raw-processed-prepared-usda-national-nutrient-database-for-standar-28,https://vietnam.travel/node/1560,cao,thap,Gừng củ tươi. Lượng gia vị tươi ước/nấu trong một suất; không nhất thiết ăn hết phần xác. Khớp gần với bản ghi USDA SR28; điểm khớp 100%.,2026-08-02
HN007,Ốc luộc,Ăn vặt hải sản,5,nước mắm,Nước mắm,Fish sauce,gia vị/nước chấm,dạng lỏng,nuoc_cham_gia_vi_long,có,thành phần được liệt kê,,có,15,35,5.3,102.8,5.2,ước tính biên tập; không phải công thức định lượng của từng quán,toàn bộ thành phần đặc trưng đã ghi trong CSV gốc; không phải công thức đầy đủ của mọi quán,Viện Dinh dưỡng Việt Nam / FAO (proxy),không gắn mã riêng; đối chiếu theo thực phẩm tương đương,NIN/FAO Energy kcal (trên 100 g phần ăn được),Fish sauce,https://viendinhduong.vn/en/cong-cu-va-tien-ich/nutritional-value-of-food; https://www.fao.org/fileadmin/templates/food_composition/documents/pdf/VTN_FCT_2007.pdf,https://vietnam.travel/node/1560,cao,thap,"Loại nước mắm thông dụng. Lượng nước chấm/gia vị lỏng thực ăn trong một suất, không phải toàn bộ bát chấm.",2026-08-02
HN008,Bánh tráng trộn,Ăn vặt miền Nam,1,bánh tráng,Bánh tráng gạo khô,"Rice paper, dry",bánh/bột gạo,khô,vo_banh_tinh_bot,có,thành phần được liệt kê,,có,35,340,119,385.7,30.9,ước tính biên tập; không phải công thức định lượng của từng quán,toàn bộ thành phần đặc trưng đã ghi trong CSV gốc; không phải công thức đầy đủ của mọi quán,Viện Dinh dưỡng Việt Nam / FAO (proxy),không gắn mã riêng; đối chiếu theo thực phẩm tương đương,NIN/FAO Energy kcal (trên 100 g phần ăn được),"Rice paper, dry",https://viendinhduong.vn/en/cong-cu-va-tien-ich/nutritional-value-of-food; https://www.fao.org/fileadmin/templates/food_composition/documents/pdf/VTN_FCT_2007.pdf,https://vietnam.travel/things-to-do/vietnam-foodie-guide-region,trung_binh,thap,Loại bánh tráng mỏng chưa chiên. Tổng khối lượng lá/vỏ bánh ăn được trong một suất.,2026-08-02
HN008,Bánh tráng trộn,Ăn vặt miền Nam,2,xoài,Xoài tươi,"Mango, raw",trái cây,tươi,trai_cay,có,thành phần được liệt kê,,có,80,60,48,385.7,12.4,ước tính biên tập; không phải công thức định lượng của từng quán,toàn bộ thành phần đặc trưng đã ghi trong CSV gốc; không phải công thức đầy đủ của mọi quán,USDA SR28 / FoodData Central (proxy),không gắn mã riêng; đối chiếu theo thực phẩm tương đương,USDA SR28 Energ_Kcal (trên 100 g phần ăn được),"Mango, raw",https://catalog.data.gov/dataset/composition-of-foods-raw-processed-prepared-usda-national-nutrient-database-for-standar-28,https://vietnam.travel/things-to-do/vietnam-foodie-guide-region,cao,thap,Phần thịt quả ăn được. Phần trái cây ăn được; chuỗi có dấu gạch chéo là biến thể/lựa chọn.,2026-08-02
HN008,Bánh tráng trộn,Ăn vặt miền Nam,3,bò khô,Thịt bò khô,Beef jerky,thịt chế biến,sấy khô,dam_kho_topping,có,thành phần được liệt kê,,có,35,410,143.5,385.7,37.2,ước tính biên tập; không phải công thức định lượng của từng quán,toàn bộ thành phần đặc trưng đã ghi trong CSV gốc; không phải công thức đầy đủ của mọi quán,USDA SR28 / FoodData Central (proxy),USDA SR28 NDB_No 19002,USDA SR28 Energ_Kcal (trên 100 g phần ăn được),"BEEF JERKY,CHOPD&FORMED",https://catalog.data.gov/dataset/composition-of-foods-raw-processed-prepared-usda-national-nutrient-database-for-standar-28,https://vietnam.travel/things-to-do/vietnam-foodie-guide-region,trung_binh,thap,"Biến thiên theo đường và độ ẩm. Thịt bò khô đã mất nước, dùng làm topping/nộm. Khớp gần với bản ghi USDA SR28; điểm khớp 100%.",2026-08-02
HN008,Bánh tráng trộn,Ăn vặt miền Nam,4,trứng cút,Trứng cút nguyên quả,"Quail egg, whole",trứng,chín hoặc sống nguyên quả,dam_phu,có,thành phần được liệt kê,,có,27,158,42.7,385.7,11.1,ước tính biên tập; không phải công thức định lượng của từng quán,toàn bộ thành phần đặc trưng đã ghi trong CSV gốc; không phải công thức đầy đủ của mọi quán,USDA SR28 / FoodData Central (proxy),USDA SR28 NDB_No 01140,USDA SR28 Energ_Kcal (trên 100 g phần ăn được),"EGG,QUAIL,WHOLE,FRESH,RAW",https://catalog.data.gov/dataset/composition-of-foods-raw-processed-prepared-usda-national-nutrient-database-for-standar-28,https://vietnam.travel/things-to-do/vietnam-foodie-guide-region,cao,thap,"Giá trị nguyên quả phần ăn được. Khoảng ba quả trứng cút, bỏ vỏ. Khớp gần với bản ghi USDA SR28; điểm khớp 100%.",2026-08-02
HN008,Bánh tráng trộn,Ăn vặt miền Nam,5,sa tế,Sa tế dầu ớt,Chili oil paste,nước sốt/gia vị,"chế biến, nhiều dầu",gia_vi_cay,có,thành phần được liệt kê,,có,5,560,28,385.7,7.3,ước tính biên tập; không phải công thức định lượng của từng quán,toàn bộ thành phần đặc trưng đã ghi trong CSV gốc; không phải công thức đầy đủ của mọi quán,USDA SR28 / FoodData Central (proxy),không gắn mã riêng; đối chiếu theo thực phẩm tương đương,USDA SR28 Energ_Kcal (trên 100 g phần ăn được),Chili oil paste,https://catalog.data.gov/dataset/composition-of-foods-raw-processed-prepared-usda-national-nutrient-database-for-standar-28,https://vietnam.travel/things-to-do/vietnam-foodie-guide-region,thap,thap,Biến thiên lớn theo tỷ lệ dầu. Lượng gia vị cay/sa tế trong một phần.,2026-08-02
HN008,Bánh tráng trộn,Ăn vặt miền Nam,6,rau răm,Rau răm,Vietnamese coriander,rau thơm,"tươi, sống",rau_thom,có,thành phần được liệt kê,,có,15,30,4.5,385.7,1.2,ước tính biên tập; không phải công thức định lượng của từng quán,toàn bộ thành phần đặc trưng đã ghi trong CSV gốc; không phải công thức đầy đủ của mọi quán,Viện Dinh dưỡng Việt Nam / FAO (proxy),không gắn mã riêng; đối chiếu theo thực phẩm tương đương,NIN/FAO Energy kcal (trên 100 g phần ăn được),Vietnamese coriander,https://viendinhduong.vn/en/cong-cu-va-tien-ich/nutritional-value-of-food; https://www.fao.org/fileadmin/templates/food_composition/documents/pdf/VTN_FCT_2007.pdf,https://vietnam.travel/things-to-do/vietnam-foodie-guide-region,trung_binh,thap,Ước tính theo rau thơm tươi. Một nhúm rau thơm/lá gia vị ăn được trong một suất.,2026-08-02
HN009,Chân gà nướng,Ăn vặt nướng,1,chân gà,Chân gà chín,"Chicken feet, cooked",thịt gia cầm,"chín, phần ăn được",dam_chinh_co_xuong,có,thành phần được liệt kê,,có,130,215,279.5,353.8,79,ước tính biên tập; không phải công thức định lượng của từng quán,toàn bộ thành phần đặc trưng đã ghi trong CSV gốc; không phải công thức đầy đủ của mọi quán,USDA SR28 / FoodData Central (proxy),không gắn mã riêng; đối chiếu theo thực phẩm tương đương,USDA SR28 Energ_Kcal (trên 100 g phần ăn được),"Chicken feet, cooked",https://catalog.data.gov/dataset/composition-of-foods-raw-processed-prepared-usda-national-nutrient-database-for-standar-28,https://vietnamtourism.vn/en/index.php/services/restaurants/search/19,trung_binh,thap,Không tính phần xương không ăn. Khối lượng phần ăn được sau khi bỏ xương; phù hợp món nguyên phần/con nhỏ.,2026-08-02
HN009,Chân gà nướng,Ăn vặt nướng,2,mật ong,Mật ong,Honey,đường/chất tạo ngọt,dạng lỏng,chat_tao_ngot,có,thành phần được liệt kê,,có,15,304,45.6,353.8,12.9,ước tính biên tập; không phải công thức định lượng của từng quán,toàn bộ thành phần đặc trưng đã ghi trong CSV gốc; không phải công thức đầy đủ của mọi quán,USDA SR28 / FoodData Central (proxy),USDA SR28 NDB_No 04686,USDA SR28 Energ_Kcal (trên 100 g phần ăn được),"SALAD DRSNG,HONEY MUSTARD DRSNG,RED CAL",https://catalog.data.gov/dataset/composition-of-foods-raw-processed-prepared-usda-national-nutrient-database-for-standar-28,https://vietnamtourism.vn/en/index.php/services/restaurants/search/19,cao,thap,Mật ong nguyên chất đại diện. Khoảng một thìa canh chất tạo ngọt cho một suất. Khớp gần với bản ghi USDA SR28; điểm khớp 100%.,2026-08-02
HN009,Chân gà nướng,Ăn vặt nướng,3,sả,Sả tươi,"Lemongrass, raw",gia vị,tươi,gia_vi_tuoi,có,thành phần được liệt kê,,có,8,99,7.9,353.8,2.2,ước tính biên tập; không phải công thức định lượng của từng quán,toàn bộ thành phần đặc trưng đã ghi trong CSV gốc; không phải công thức đầy đủ của mọi quán,USDA SR28 / FoodData Central (proxy),không gắn mã riêng; đối chiếu theo thực phẩm tương đương,USDA SR28 Energ_Kcal (trên 100 g phần ăn được),"Lemongrass, raw",https://catalog.data.gov/dataset/composition-of-foods-raw-processed-prepared-usda-national-nutrient-database-for-standar-28,https://vietnamtourism.vn/en/index.php/services/restaurants/search/19,cao,thap,Phần thân ăn được. Lượng gia vị tươi ước/nấu trong một suất; không nhất thiết ăn hết phần xác.,2026-08-02
HN009,Chân gà nướng,Ăn vặt nướng,4,ớt,Ớt tươi,"Chili pepper, raw",gia vị/rau quả,"tươi, sống",gia_vi,có,thành phần được liệt kê,,có,2,40,0.8,353.8,0.2,ước tính biên tập; không phải công thức định lượng của từng quán,toàn bộ thành phần đặc trưng đã ghi trong CSV gốc; không phải công thức đầy đủ của mọi quán,USDA SR28 / FoodData Central (proxy),không gắn mã riêng; đối chiếu theo thực phẩm tương đương,USDA SR28 Energ_Kcal (trên 100 g phần ăn được),"Chili pepper, raw",https://catalog.data.gov/dataset/composition-of-foods-raw-processed-prepared-usda-national-nutrient-database-for-standar-28,https://vietnamtourism.vn/en/index.php/services/restaurants/search/19,cao,thap,Ớt đỏ tươi đại diện. Lượng gia vị ước tính được ăn trong một suất.,2026-08-02
HN009,Chân gà nướng,Ăn vặt nướng,5,dưa góp,Dưa góp rau củ ngâm chua ngọt,Vietnamese pickled vegetables,rau củ muối chua,ngâm chua ngọt,rau_muoi_chua,có,thành phần được liệt kê,,có,50,40,20,353.8,5.7,ước tính biên tập; không phải công thức định lượng của từng quán,toàn bộ thành phần đặc trưng đã ghi trong CSV gốc; không phải công thức đầy đủ của mọi quán,Viện Dinh dưỡng Việt Nam / FAO (proxy),không gắn mã riêng; đối chiếu theo thực phẩm tương đương,NIN/FAO Energy kcal (trên 100 g phần ăn được),Vietnamese pickled vegetables,https://viendinhduong.vn/en/cong-cu-va-tien-ich/nutritional-value-of-food; https://www.fao.org/fileadmin/templates/food_composition/documents/pdf/VTN_FCT_2007.pdf,https://vietnamtourism.vn/en/index.php/services/restaurants/search/19,thap,thap,Phụ thuộc lượng đường trong nước ngâm. Khẩu phần rau muối/chua dùng kèm hoặc nấu trong một suất.,2026-08-02
HN010,Thịt xiên nướng,Ăn vặt nướng,1,thịt lợn,"Thịt lợn chín, nạc mỡ vừa","Pork, cooked, lean and fat",thịt,chín,dam_chinh,có,thành phần được liệt kê,,có,80,242,193.6,341.1,56.8,ước tính biên tập; không phải công thức định lượng của từng quán,toàn bộ thành phần đặc trưng đã ghi trong CSV gốc; không phải công thức đầy đủ của mọi quán,Viện Dinh dưỡng Việt Nam / FAO (proxy),không gắn mã riêng; đối chiếu theo thực phẩm tương đương,NIN/FAO Energy kcal (trên 100 g phần ăn được),"Pork, cooked, lean and fat",https://viendinhduong.vn/en/cong-cu-va-tien-ich/nutritional-value-of-food; https://www.fao.org/fileadmin/templates/food_composition/documents/pdf/VTN_FCT_2007.pdf,https://vietnamtourism.vn/en/index.php/services/restaurants/search/19,trung_binh,thap,Giá trị đại diện nhiều phần cắt. Khối lượng thịt lợn thành phẩm trong một suất.,2026-08-02
HN010,Thịt xiên nướng,Ăn vặt nướng,2,sả,Sả tươi,"Lemongrass, raw",gia vị,tươi,gia_vi_tuoi,có,thành phần được liệt kê,,có,8,99,7.9,341.1,2.3,ước tính biên tập; không phải công thức định lượng của từng quán,toàn bộ thành phần đặc trưng đã ghi trong CSV gốc; không phải công thức đầy đủ của mọi quán,USDA SR28 / FoodData Central (proxy),không gắn mã riêng; đối chiếu theo thực phẩm tương đương,USDA SR28 Energ_Kcal (trên 100 g phần ăn được),"Lemongrass, raw",https://catalog.data.gov/dataset/composition-of-foods-raw-processed-prepared-usda-national-nutrient-database-for-standar-28,https://vietnamtourism.vn/en/index.php/services/restaurants/search/19,cao,thap,Phần thân ăn được. Lượng gia vị tươi ước/nấu trong một suất; không nhất thiết ăn hết phần xác.,2026-08-02
HN010,Thịt xiên nướng,Ăn vặt nướng,3,mật ong,Mật ong,Honey,đường/chất tạo ngọt,dạng lỏng,chat_tao_ngot,có,thành phần được liệt kê,,có,15,304,45.6,341.1,13.4,ước tính biên tập; không phải công thức định lượng của từng quán,toàn bộ thành phần đặc trưng đã ghi trong CSV gốc; không phải công thức đầy đủ của mọi quán,USDA SR28 / FoodData Central (proxy),USDA SR28 NDB_No 04686,USDA SR28 Energ_Kcal (trên 100 g phần ăn được),"SALAD DRSNG,HONEY MUSTARD DRSNG,RED CAL",https://catalog.data.gov/dataset/composition-of-foods-raw-processed-prepared-usda-national-nutrient-database-for-standar-28,https://vietnamtourism.vn/en/index.php/services/restaurants/search/19,cao,thap,Mật ong nguyên chất đại diện. Khoảng một thìa canh chất tạo ngọt cho một suất. Khớp gần với bản ghi USDA SR28; điểm khớp 100%.,2026-08-02
HN010,Thịt xiên nướng,Ăn vặt nướng,4,xì dầu,Nước tương,Soy sauce,gia vị/nước chấm,dạng lỏng,nuoc_cham_gia_vi_long,có,thành phần được liệt kê,,có,15,53,8,341.1,2.3,ước tính biên tập; không phải công thức định lượng của từng quán,toàn bộ thành phần đặc trưng đã ghi trong CSV gốc; không phải công thức đầy đủ của mọi quán,USDA SR28 / FoodData Central (proxy),không gắn mã riêng; đối chiếu theo thực phẩm tương đương,USDA SR28 Energ_Kcal (trên 100 g phần ăn được),Soy sauce,https://catalog.data.gov/dataset/composition-of-foods-raw-processed-prepared-usda-national-nutrient-database-for-standar-28,https://vietnamtourism.vn/en/index.php/services/restaurants/search/19,cao,thap,"Nước tương thông dụng. Lượng nước chấm/gia vị lỏng thực ăn trong một suất, không phải toàn bộ bát chấm.",2026-08-02
HN010,Thịt xiên nướng,Ăn vặt nướng,5,vừng,Hạt vừng,Sesame seeds,hạt,khô hoặc rang,hat_beo_topping,có,thành phần được liệt kê,,có,15,573,86,341.1,25.2,ước tính biên tập; không phải công thức định lượng của từng quán,toàn bộ thành phần đặc trưng đã ghi trong CSV gốc; không phải công thức đầy đủ của mọi quán,Viện Dinh dưỡng Việt Nam / FAO (proxy),không gắn mã riêng; đối chiếu theo thực phẩm tương đương,NIN/FAO Energy kcal (trên 100 g phần ăn được),Sesame seeds,https://viendinhduong.vn/en/cong-cu-va-tien-ich/nutritional-value-of-food; https://www.fao.org/fileadmin/templates/food_composition/documents/pdf/VTN_FCT_2007.pdf,https://vietnamtourism.vn/en/index.php/services/restaurants/search/19,cao,thap,Hạt vừng nguyên phần ăn được. Một nhúm hạt/lạc/vừng làm topping.,2026-08-02
HN011,Bánh tráng nướng,Ăn vặt vùng miền,1,bánh tráng,Bánh tráng gạo khô,"Rice paper, dry",bánh/bột gạo,khô,vo_banh_tinh_bot,có,thành phần được liệt kê,,có,35,340,119,503.7,23.6,ước tính biên tập; không phải công thức định lượng của từng quán,toàn bộ thành phần đặc trưng đã ghi trong CSV gốc; không phải công thức đầy đủ của mọi quán,Viện Dinh dưỡng Việt Nam / FAO (proxy),không gắn mã riêng; đối chiếu theo thực phẩm tương đương,NIN/FAO Energy kcal (trên 100 g phần ăn được),"Rice paper, dry",https://viendinhduong.vn/en/cong-cu-va-tien-ich/nutritional-value-of-food; https://www.fao.org/fileadmin/templates/food_composition/documents/pdf/VTN_FCT_2007.pdf,https://vietnam.travel/things-to-do/vietnam-foodie-guide-region,trung_binh,thap,Loại bánh tráng mỏng chưa chiên. Tổng khối lượng lá/vỏ bánh ăn được trong một suất.,2026-08-02
HN011,Bánh tráng nướng,Ăn vặt vùng miền,2,trứng,Trứng gà nguyên quả,"Chicken egg, whole, cooked",trứng,chín,dam_phu,có,thành phần được liệt kê,,có,55,155,85.3,503.7,16.9,ước tính biên tập; không phải công thức định lượng của từng quán,toàn bộ thành phần đặc trưng đã ghi trong CSV gốc; không phải công thức đầy đủ của mọi quán,USDA SR28 / FoodData Central (proxy),không gắn mã riêng; đối chiếu theo thực phẩm tương đương,USDA SR28 Energ_Kcal (trên 100 g phần ăn được),"Chicken egg, whole, cooked",https://catalog.data.gov/dataset/composition-of-foods-raw-processed-prepared-usda-national-nutrient-database-for-standar-28,https://vietnam.travel/things-to-do/vietnam-foodie-guide-region,cao,thap,"Trứng gà nguyên quả đại diện. Quy đổi một quả trứng gà cỡ vừa, bỏ vỏ.",2026-08-02
HN011,Bánh tráng nướng,Ăn vặt vùng miền,3,hành,Hành lá,"Spring onion, raw",rau thơm,tươi,rau_thom_tao_nen,có,thành phần được liệt kê,,có,20,32,6.4,503.7,1.3,ước tính biên tập; không phải công thức định lượng của từng quán,toàn bộ thành phần đặc trưng đã ghi trong CSV gốc; không phải công thức đầy đủ của mọi quán,Viện Dinh dưỡng Việt Nam / FAO (proxy),không gắn mã riêng; đối chiếu theo thực phẩm tương đương,NIN/FAO Energy kcal (trên 100 g phần ăn được),"Spring onion, raw",https://viendinhduong.vn/en/cong-cu-va-tien-ich/nutritional-value-of-food; https://www.fao.org/fileadmin/templates/food_composition/documents/pdf/VTN_FCT_2007.pdf,https://vietnam.travel/things-to-do/vietnam-foodie-guide-region,trung_binh,thap,"Giả định hành lá, không phải hành củ. Lượng hành trong một suất; nếu chỉ rắc mặt có thể giảm còn 5–10 g theo thứ tự thành phần.",2026-08-02
HN011,Bánh tráng nướng,Ăn vặt vùng miền,4,ruốc,Ruốc thịt lợn,Pork floss,thịt chế biến,sấy/rang khô,dam_topping,có,thành phần được liệt kê,,có,30,400,120,503.7,23.8,ước tính biên tập; không phải công thức định lượng của từng quán,toàn bộ thành phần đặc trưng đã ghi trong CSV gốc; không phải công thức đầy đủ của mọi quán,Viện Dinh dưỡng Việt Nam / FAO (proxy),không gắn mã riêng; đối chiếu theo thực phẩm tương đương,NIN/FAO Energy kcal (trên 100 g phần ăn được),Pork floss,https://viendinhduong.vn/en/cong-cu-va-tien-ich/nutritional-value-of-food; https://www.fao.org/fileadmin/templates/food_composition/documents/pdf/VTN_FCT_2007.pdf,https://vietnam.travel/things-to-do/vietnam-foodie-guide-region,thap,thap,"Biến thiên theo đường, dầu và độ khô. Topping đạm mặn/khô trong một suất.",2026-08-02
HN011,Bánh tráng nướng,Ăn vặt vùng miền,5,xúc xích,Xúc xích chín,"Sausage, cooked",thịt chế biến,chín,thit_che_bien_topping,có,thành phần được liệt kê,,có,45,301,135.5,503.7,26.9,ước tính biên tập; không phải công thức định lượng của từng quán,toàn bộ thành phần đặc trưng đã ghi trong CSV gốc; không phải công thức đầy đủ của mọi quán,USDA SR28 / FoodData Central (proxy),USDA SR28 NDB_No 07954,USDA SR28 Energ_Kcal (trên 100 g phần ăn được),"BEEF SAUSAGE,PRE-COOKED",https://catalog.data.gov/dataset/composition-of-foods-raw-processed-prepared-usda-national-nutrient-database-for-standar-28,https://vietnam.travel/things-to-do/vietnam-foodie-guide-region,trung_binh,thap,Xúc xích thịt hỗn hợp thông dụng. Một khẩu phần thịt chế biến dùng kèm/bị kẹp. Khớp gần với bản ghi USDA SR28; điểm khớp 104%.,2026-08-02
HN011,Bánh tráng nướng,Ăn vặt vùng miền,6,sốt,Nước sốt tổng hợp,"Prepared sauce, generic",nước sốt,chế biến sẵn,sot_nuoc_cham,có,thành phần được liệt kê,,có,25,150,37.5,503.7,7.4,ước tính biên tập; không phải công thức định lượng của từng quán,toàn bộ thành phần đặc trưng đã ghi trong CSV gốc; không phải công thức đầy đủ của mọi quán,USDA SR28 / FoodData Central (proxy),USDA SR28 NDB_No 06151,USDA SR28 Energ_Kcal (trên 100 g phần ăn được),"SAUCE,PLUM,READY-TO-SERVE",https://catalog.data.gov/dataset/composition-of-foods-raw-processed-prepared-usda-national-nutrient-database-for-standar-28,https://vietnam.travel/things-to-do/vietnam-foodie-guide-region,thap,thap,Tên quá rộng; dùng giá trị sốt mặn-ngọt trung bình. Lượng sốt/nước chấm bám và được ăn trong một suất. Khớp gần với bản ghi USDA SR28; điểm khớp 104%.,2026-08-02
HN012,Naan,Bánh Ấn Độ,1,bột mì,Bột mì đa dụng,"Wheat flour, all-purpose",bột/ngũ cốc,khô,tinh_bot_chinh_kho,có,thành phần được liệt kê,,có,70,364,254.8,456.7,55.8,ước tính biên tập; không phải công thức định lượng của từng quán,toàn bộ thành phần đặc trưng đã ghi trong CSV gốc; không phải công thức đầy đủ của mọi quán,USDA SR28 / FoodData Central (proxy),không gắn mã riêng; đối chiếu theo thực phẩm tương đương,USDA SR28 Energ_Kcal (trên 100 g phần ăn được),"Wheat flour, all-purpose",https://catalog.data.gov/dataset/composition-of-foods-raw-processed-prepared-usda-national-nutrient-database-for-standar-28,https://vietnam.travel/things-to-do/must-try-food-in-hanoi; https://vietnamtourism.vn/en/index.php/services/restaurants/search/19,cao,thap,Bột mì trắng đa dụng. Lượng bột khô quy đổi trong một phần bánh/món.,2026-08-02
HN012,Naan,Bánh Ấn Độ,2,sữa chua,Sữa chua nguyên chất,"Yogurt, plain",sữa,lên men,sua_nen_hoac_uop,có,thành phần được liệt kê,,có,60,61,36.6,456.7,8,ước tính biên tập; không phải công thức định lượng của từng quán,toàn bộ thành phần đặc trưng đã ghi trong CSV gốc; không phải công thức đầy đủ của mọi quán,USDA SR28 / FoodData Central (proxy),không gắn mã riêng; đối chiếu theo thực phẩm tương đương,USDA SR28 Energ_Kcal (trên 100 g phần ăn được),"Yogurt, plain",https://catalog.data.gov/dataset/composition-of-foods-raw-processed-prepared-usda-national-nutrient-database-for-standar-28,https://vietnam.travel/things-to-do/must-try-food-in-hanoi; https://vietnamtourism.vn/en/index.php/services/restaurants/search/19,cao,thap,"Loại nguyên chất, không đường. Lượng sữa chua dùng trong bột/ướp/sốt cho một phần.",2026-08-02
HN012,Naan,Bánh Ấn Độ,3,men,Men bánh mì khô,"Baker's yeast, active dry",phụ gia làm bánh,khô,phu_gia_len_men_tao_huong,có,thành phần được liệt kê,,có,4,325,13,456.7,2.8,ước tính biên tập; không phải công thức định lượng của từng quán,toàn bộ thành phần đặc trưng đã ghi trong CSV gốc; không phải công thức đầy đủ của mọi quán,USDA SR28 / FoodData Central (proxy),USDA SR28 NDB_No 18375,USDA SR28 Energ_Kcal (trên 100 g phần ăn được),"LEAVENING AGENTS,YEAST,BAKER'S,ACTIVE DRY",https://catalog.data.gov/dataset/composition-of-foods-raw-processed-prepared-usda-national-nutrient-database-for-standar-28,https://vietnam.travel/things-to-do/must-try-food-in-hanoi; https://vietnamtourism.vn/en/index.php/services/restaurants/search/19,trung_binh,thap,Giả định men bánh mì; lượng dùng nhỏ. Lượng men/thính khô trong một phần. Khớp gần với bản ghi USDA SR28; điểm khớp 100%.,2026-08-02
HN012,Naan,Bánh Ấn Độ,4,bơ,Bơ động vật,Butter,chất béo,dạng rắn,chat_beo,có,thành phần được liệt kê,,có,15,717,107.6,456.7,23.6,ước tính biên tập; không phải công thức định lượng của từng quán,toàn bộ thành phần đặc trưng đã ghi trong CSV gốc; không phải công thức đầy đủ của mọi quán,USDA SR28 / FoodData Central (proxy),USDA SR28 NDB_No 12171,USDA SR28 Energ_Kcal (trên 100 g phần ăn được),"SESAME BUTTER,TAHINI,FROM UNROASTED KRNLS",https://catalog.data.gov/dataset/composition-of-foods-raw-processed-prepared-usda-national-nutrient-database-for-standar-28,https://vietnam.travel/things-to-do/must-try-food-in-hanoi; https://vietnamtourism.vn/en/index.php/services/restaurants/search/19,cao,thap,"Giả định butter, không phải quả bơ. Khoảng một thìa canh bơ cho một phần. Khớp gần với bản ghi USDA SR28; điểm khớp 104%.",2026-08-02
HN012,Naan,Bánh Ấn Độ,5,tỏi/phô mai,Tỏi tươi,"Garlic, raw",gia vị,tươi,sua_dam_beo,có,lựa chọn mặc định,HN012-05,có,30,149,44.7,456.7,9.8,ước tính biên tập; không phải công thức định lượng của từng quán,toàn bộ thành phần đặc trưng đã ghi trong CSV gốc; không phải công thức đầy đủ của mọi quán,USDA SR28 / FoodData Central (proxy),USDA SR28 NDB_No 11215,USDA SR28 Energ_Kcal (trên 100 g phần ăn được),"GARLIC,RAW",https://catalog.data.gov/dataset/composition-of-foods-raw-processed-prepared-usda-national-nutrient-database-for-standar-28,https://vietnam.travel/things-to-do/must-try-food-in-hanoi; https://vietnamtourism.vn/en/index.php/services/restaurants/search/19,cao,thap,Tép tỏi ăn được. Phần phô mai trong một suất; chuỗi kết hợp được coi là topping nhỏ. Khớp gần với bản ghi USDA SR28; điểm khớp 100%. Các lựa chọn cùng nhóm không dùng để cộng đồng thời.,2026-08-02
HN012,Naan,Bánh Ấn Độ,6,tỏi/phô mai,Phô mai bán cứng,"Cheese, semi-hard",sữa/phô mai,ăn liền,sua_dam_beo,có,lựa chọn thay thế,HN012-05,không,30,350,105,456.7,0,ước tính biên tập; không phải công thức định lượng của từng quán,toàn bộ thành phần đặc trưng đã ghi trong CSV gốc; không phải công thức đầy đủ của mọi quán,USDA SR28 / FoodData Central (proxy),không gắn mã riêng; đối chiếu theo thực phẩm tương đương,USDA SR28 Energ_Kcal (trên 100 g phần ăn được),"Cheese, semi-hard",https://catalog.data.gov/dataset/composition-of-foods-raw-processed-prepared-usda-national-nutrient-database-for-standar-28,https://vietnam.travel/things-to-do/must-try-food-in-hanoi; https://vietnamtourism.vn/en/index.php/services/restaurants/search/19,trung_binh,thap,Giá trị đại diện nhiều loại phô mai. Phần phô mai trong một suất; chuỗi kết hợp được coi là topping nhỏ. Các lựa chọn cùng nhóm không dùng để cộng đồng thời.,2026-08-02
HN013,Baguette sandwich,Bánh Âu,1,baguette,Bánh mì baguette,French baguette,bánh mì,nướng chín,banh_mi_tinh_bot,có,thành phần được liệt kê,,có,90,274,246.6,545.5,45.2,ước tính biên tập; không phải công thức định lượng của từng quán,toàn bộ thành phần đặc trưng đã ghi trong CSV gốc; không phải công thức đầy đủ của mọi quán,USDA SR28 / FoodData Central (proxy),không gắn mã riêng; đối chiếu theo thực phẩm tương đương,USDA SR28 Energ_Kcal (trên 100 g phần ăn được),French baguette,https://catalog.data.gov/dataset/composition-of-foods-raw-processed-prepared-usda-national-nutrient-database-for-standar-28,https://vietnam.travel/things-to-do/must-try-food-in-hanoi; https://vietnamtourism.vn/en/index.php/services/restaurants/search/19,cao,thap,Baguette trắng thông dụng. Một phần bánh/vỏ bánh cho một suất.,2026-08-02
HN013,Baguette sandwich,Bánh Âu,2,jambon,Giăm bông,"Ham, cooked",thịt chế biến,chín,thit_che_bien_topping,có,thành phần được liệt kê,,có,45,145,65.3,545.5,12,ước tính biên tập; không phải công thức định lượng của từng quán,toàn bộ thành phần đặc trưng đã ghi trong CSV gốc; không phải công thức đầy đủ của mọi quán,USDA SR28 / FoodData Central (proxy),không gắn mã riêng; đối chiếu theo thực phẩm tương đương,USDA SR28 Energ_Kcal (trên 100 g phần ăn được),"Ham, cooked",https://catalog.data.gov/dataset/composition-of-foods-raw-processed-prepared-usda-national-nutrient-database-for-standar-28,https://vietnam.travel/things-to-do/must-try-food-in-hanoi; https://vietnamtourism.vn/en/index.php/services/restaurants/search/19,trung_binh,thap,Giăm bông nạc thông dụng. Một khẩu phần thịt chế biến dùng kèm/bị kẹp.,2026-08-02
HN013,Baguette sandwich,Bánh Âu,3,phô mai,Phô mai bán cứng,"Cheese, semi-hard",sữa/phô mai,ăn liền,sua_dam_beo,có,thành phần được liệt kê,,có,30,350,105,545.5,19.2,ước tính biên tập; không phải công thức định lượng của từng quán,toàn bộ thành phần đặc trưng đã ghi trong CSV gốc; không phải công thức đầy đủ của mọi quán,USDA SR28 / FoodData Central (proxy),không gắn mã riêng; đối chiếu theo thực phẩm tương đương,USDA SR28 Energ_Kcal (trên 100 g phần ăn được),"Cheese, semi-hard",https://catalog.data.gov/dataset/composition-of-foods-raw-processed-prepared-usda-national-nutrient-database-for-standar-28,https://vietnam.travel/things-to-do/must-try-food-in-hanoi; https://vietnamtourism.vn/en/index.php/services/restaurants/search/19,trung_binh,thap,Giá trị đại diện nhiều loại phô mai. Phần phô mai trong một suất; chuỗi kết hợp được coi là topping nhỏ.,2026-08-02
HN013,Baguette sandwich,Bánh Âu,4,bơ,Bơ động vật,Butter,chất béo,dạng rắn,chat_beo,có,thành phần được liệt kê,,có,15,717,107.6,545.5,19.7,ước tính biên tập; không phải công thức định lượng của từng quán,toàn bộ thành phần đặc trưng đã ghi trong CSV gốc; không phải công thức đầy đủ của mọi quán,USDA SR28 / FoodData Central (proxy),USDA SR28 NDB_No 12171,USDA SR28 Energ_Kcal (trên 100 g phần ăn được),"SESAME BUTTER,TAHINI,FROM UNROASTED KRNLS",https://catalog.data.gov/dataset/composition-of-foods-raw-processed-prepared-usda-national-nutrient-database-for-standar-28,https://vietnam.travel/things-to-do/must-try-food-in-hanoi; https://vietnamtourism.vn/en/index.php/services/restaurants/search/19,cao,thap,"Giả định butter, không phải quả bơ. Khoảng một thìa canh bơ cho một phần. Khớp gần với bản ghi USDA SR28; điểm khớp 104%.",2026-08-02
HN013,Baguette sandwich,Bánh Âu,5,rau,Rau hỗn hợp,Mixed vegetables,rau củ,tươi hoặc chín nhẹ,rau_an_kem,có,thành phần được liệt kê,,có,70,30,21,545.5,3.8,ước tính biên tập; không phải công thức định lượng của từng quán,toàn bộ thành phần đặc trưng đã ghi trong CSV gốc; không phải công thức đầy đủ của mọi quán,Viện Dinh dưỡng Việt Nam / FAO (proxy),không gắn mã riêng; đối chiếu theo thực phẩm tương đương,NIN/FAO Energy kcal (trên 100 g phần ăn được),Mixed vegetables,https://viendinhduong.vn/en/cong-cu-va-tien-ich/nutritional-value-of-food; https://www.fao.org/fileadmin/templates/food_composition/documents/pdf/VTN_FCT_2007.pdf,https://vietnam.travel/things-to-do/must-try-food-in-hanoi; https://vietnamtourism.vn/en/index.php/services/restaurants/search/19,thap,thap,Tên chung; dùng trung bình rau ít tinh bột. Một nắm/đĩa rau ăn kèm cho một người; nếu là nguyên liệu đầu tiên của salad/nộm có thể nâng lên 120–150 g.,2026-08-02
HN014,Quẩy nóng,Bánh chiên,1,bột mì,Bột mì đa dụng,"Wheat flour, all-purpose",bột/ngũ cốc,khô,tinh_bot_chinh_kho,có,thành phần được liệt kê,,có,70,364,254.8,400.4,63.6,ước tính biên tập; không phải công thức định lượng của từng quán,toàn bộ thành phần đặc trưng đã ghi trong CSV gốc; không phải công thức đầy đủ của mọi quán,USDA SR28 / FoodData Central (proxy),không gắn mã riêng; đối chiếu theo thực phẩm tương đương,USDA SR28 Energ_Kcal (trên 100 g phần ăn được),"Wheat flour, all-purpose",https://catalog.data.gov/dataset/composition-of-foods-raw-processed-prepared-usda-national-nutrient-database-for-standar-28,https://www.vietnam.travel/things-to-do/10-must-try-hanoi-dishes/,cao,thap,Bột mì trắng đa dụng. Lượng bột khô quy đổi trong một phần bánh/món.,2026-08-02
HN014,Quẩy nóng,Bánh chiên,2,men,Men bánh mì khô,"Baker's yeast, active dry",phụ gia làm bánh,khô,phu_gia_len_men_tao_huong,có,thành phần được liệt kê,,có,4,325,13,400.4,3.2,ước tính biên tập; không phải công thức định lượng của từng quán,toàn bộ thành phần đặc trưng đã ghi trong CSV gốc; không phải công thức đầy đủ của mọi quán,USDA SR28 / FoodData Central (proxy),USDA SR28 NDB_No 18375,USDA SR28 Energ_Kcal (trên 100 g phần ăn được),"LEAVENING AGENTS,YEAST,BAKER'S,ACTIVE DRY",https://catalog.data.gov/dataset/composition-of-foods-raw-processed-prepared-usda-national-nutrient-database-for-standar-28,https://www.vietnam.travel/things-to-do/10-must-try-hanoi-dishes/,trung_binh,thap,Giả định men bánh mì; lượng dùng nhỏ. Lượng men/thính khô trong một phần. Khớp gần với bản ghi USDA SR28; điểm khớp 100%.,2026-08-02
HN014,Quẩy nóng,Bánh chiên,3,dầu chiên,Dầu thực vật dùng chiên,Vegetable oil,chất béo,dạng lỏng,chat_beo_hap_thu,có,thành phần được liệt kê,,có,15,884,132.6,400.4,33.1,ước tính biên tập; không phải công thức định lượng của từng quán,toàn bộ thành phần đặc trưng đã ghi trong CSV gốc; không phải công thức đầy đủ của mọi quán,USDA SR28 / FoodData Central (proxy),USDA SR28 NDB_No 04513,USDA SR28 Energ_Kcal (trên 100 g phần ăn được),"VEGETABLE OIL,PALM KERNEL",https://catalog.data.gov/dataset/composition-of-foods-raw-processed-prepared-usda-national-nutrient-database-for-standar-28,https://www.vietnam.travel/things-to-do/10-must-try-hanoi-dishes/,cao,thap,"Kcal/100 g dầu; suất ăn chỉ tính lượng hấp thụ. Lượng dầu ước tính còn lại/hấp thụ trong một suất, không phải toàn bộ dầu trong chảo. Khớp gần với bản ghi USDA SR28; điểm khớp 100%.",2026-08-02
HN015,Bánh giò,Bánh đường phố,1,bột gạo,Bột gạo tẻ,Rice flour,bột/ngũ cốc,khô,tinh_bot_chinh_kho,có,thành phần được liệt kê,,có,65,366,237.9,592.1,40.2,ước tính biên tập; không phải công thức định lượng của từng quán,toàn bộ thành phần đặc trưng đã ghi trong CSV gốc; không phải công thức đầy đủ của mọi quán,Viện Dinh dưỡng Việt Nam / FAO (proxy),không gắn mã riêng; đối chiếu theo thực phẩm tương đương,NIN/FAO Energy kcal (trên 100 g phần ăn được),Rice flour,https://viendinhduong.vn/en/cong-cu-va-tien-ich/nutritional-value-of-food; https://www.fao.org/fileadmin/templates/food_composition/documents/pdf/VTN_FCT_2007.pdf,https://vietnam.travel/things-to-do/vietnam-foodie-guide-region,cao,thap,Bột gạo trắng khô. Lượng bột khô trong vỏ/bánh cho một suất; calo tra theo bột khô.,2026-08-02
HN015,Bánh giò,Bánh đường phố,2,thịt băm,Thịt lợn băm chín,"Ground pork, cooked",thịt,chín,dam_chinh_hoac_nhan,có,thành phần được liệt kê,,có,70,297,207.9,592.1,35.1,ước tính biên tập; không phải công thức định lượng của từng quán,toàn bộ thành phần đặc trưng đã ghi trong CSV gốc; không phải công thức đầy đủ của mọi quán,Viện Dinh dưỡng Việt Nam / FAO (proxy),không gắn mã riêng; đối chiếu theo thực phẩm tương đương,NIN/FAO Energy kcal (trên 100 g phần ăn được),"Ground pork, cooked",https://viendinhduong.vn/en/cong-cu-va-tien-ich/nutritional-value-of-food; https://www.fao.org/fileadmin/templates/food_composition/documents/pdf/VTN_FCT_2007.pdf,https://vietnam.travel/things-to-do/vietnam-foodie-guide-region,trung_binh,thap,Giả định thịt lợn băm độ béo vừa. Thịt chín dùng làm nhân/topping; nếu là nguyên liệu đầu tiên của món có thể nâng lên 90 g.,2026-08-02
HN015,Bánh giò,Bánh đường phố,3,mộc nhĩ,Mộc nhĩ ngâm nở,"Wood ear mushroom, rehydrated",nấm,ngâm nở,nam_rau_phu,có,thành phần được liệt kê,,có,35,25,8.8,592.1,1.5,ước tính biên tập; không phải công thức định lượng của từng quán,toàn bộ thành phần đặc trưng đã ghi trong CSV gốc; không phải công thức đầy đủ của mọi quán,Viện Dinh dưỡng Việt Nam / FAO (proxy),không gắn mã riêng; đối chiếu theo thực phẩm tương đương,NIN/FAO Energy kcal (trên 100 g phần ăn được),"Wood ear mushroom, rehydrated",https://viendinhduong.vn/en/cong-cu-va-tien-ich/nutritional-value-of-food; https://www.fao.org/fileadmin/templates/food_composition/documents/pdf/VTN_FCT_2007.pdf,https://vietnam.travel/things-to-do/vietnam-foodie-guide-region,trung_binh,thap,Không dùng giá trị mộc nhĩ khô. Khối lượng nấm/mộc nhĩ sau ngâm hoặc nấu trong một suất.,2026-08-02
HN015,Bánh giò,Bánh đường phố,4,lá chuối,Lá chuối dùng gói,"Banana leaf, wrapper",vật liệu gói,không ăn trực tiếp,vat_lieu_khong_an,không,thành phần được liệt kê,,không,0,0,0,592.1,0,ước tính biên tập; không phải công thức định lượng của từng quán,toàn bộ thành phần đặc trưng đã ghi trong CSV gốc; không phải công thức đầy đủ của mọi quán,Viện Dinh dưỡng Việt Nam / FAO (proxy),không gắn mã riêng; đối chiếu theo thực phẩm tương đương,NIN/FAO Energy kcal (trên 100 g phần ăn được),"Banana leaf, wrapper",https://viendinhduong.vn/en/cong-cu-va-tien-ich/nutritional-value-of-food; https://www.fao.org/fileadmin/templates/food_composition/documents/pdf/VTN_FCT_2007.pdf,https://vietnam.travel/things-to-do/vietnam-foodie-guide-region,cao,thap,"Đặt 0 vì là vật liệu gói, không tính vào phần ăn. Khối lượng ăn được bằng 0; xương chỉ dùng nấu nước, lá và ống tre chỉ dùng gói/chứa. Năng lượng chiết xuất vào nước dùng không thể suy ra từ danh sách này. Không ăn trực tiếp; không cộng vào tổng kcal mặc định.",2026-08-02
HN015,Bánh giò,Bánh đường phố,5,chả,Chả thịt chế biến,"Vietnamese meat patty, generic",thịt chế biến,chín,dam_che_bien,có,thành phần được liệt kê,,có,55,250,137.5,592.1,23.2,ước tính biên tập; không phải công thức định lượng của từng quán,toàn bộ thành phần đặc trưng đã ghi trong CSV gốc; không phải công thức đầy đủ của mọi quán,Viện Dinh dưỡng Việt Nam / FAO (proxy),không gắn mã riêng; đối chiếu theo thực phẩm tương đương,NIN/FAO Energy kcal (trên 100 g phần ăn được),"Vietnamese meat patty, generic",https://viendinhduong.vn/en/cong-cu-va-tien-ich/nutritional-value-of-food; https://www.fao.org/fileadmin/templates/food_composition/documents/pdf/VTN_FCT_2007.pdf,https://vietnam.travel/things-to-do/vietnam-foodie-guide-region,thap,thap,"Tên chung, có thể là chả lợn, cá hoặc gia cầm. Một phần chả/giò ăn kèm; giò sống được hiểu là khối lượng sau nấu gần tương đương.",2026-08-02
HN016,Bánh mì pate,Bánh mì đường phố,1,bánh mì,Bánh mì trắng,White bread,bánh mì,nướng chín,banh_mi_tinh_bot,có,thành phần được liệt kê,,có,90,266,239.4,692.5,34.6,ước tính biên tập; không phải công thức định lượng của từng quán,toàn bộ thành phần đặc trưng đã ghi trong CSV gốc; không phải công thức đầy đủ của mọi quán,Viện Dinh dưỡng Việt Nam / FAO (proxy),không gắn mã riêng; đối chiếu theo thực phẩm tương đương,NIN/FAO Energy kcal (trên 100 g phần ăn được),White bread,https://viendinhduong.vn/en/cong-cu-va-tien-ich/nutritional-value-of-food; https://www.fao.org/fileadmin/templates/food_composition/documents/pdf/VTN_FCT_2007.pdf,https://vietnam.travel/node/1560,cao,thap,Bánh mì trắng thông dụng. Một phần bánh/vỏ bánh cho một suất.,2026-08-02
HN016,Bánh mì pate,Bánh mì đường phố,2,pate,Pa-tê gan,Liver pâté,thịt chế biến,"chín, dạng phết",thit_che_bien_topping,có,thành phần được liệt kê,,có,42.4,319,135.3,692.5,19.5,ước tính biên tập; không phải công thức định lượng của từng quán,toàn bộ thành phần đặc trưng đã ghi trong CSV gốc; không phải công thức đầy đủ của mọi quán,USDA SR28 / FoodData Central (proxy),USDA SR28 NDB_No 05282,USDA SR28 Energ_Kcal (trên 100 g phần ăn được),"PATE DE FOIE GRAS,CND (GOOSE LIVER PATE),SMOKED",https://catalog.data.gov/dataset/composition-of-foods-raw-processed-prepared-usda-national-nutrient-database-for-standar-28,https://vietnam.travel/node/1560,trung_binh,thap,Pa-tê gan lợn/gia cầm đại diện. Một khẩu phần thịt chế biến dùng kèm/bị kẹp. Khớp gần với bản ghi USDA SR28; điểm khớp 100%. Khối lượng đạm được phân bổ lại theo ngân sách 160 g cho món có nhiều thành phần đạm.,2026-08-02
HN016,Bánh mì pate,Bánh mì đường phố,3,chả,Chả thịt chế biến,"Vietnamese meat patty, generic",thịt chế biến,chín,dam_che_bien,có,thành phần được liệt kê,,có,51.8,250,129.5,692.5,18.7,ước tính biên tập; không phải công thức định lượng của từng quán,toàn bộ thành phần đặc trưng đã ghi trong CSV gốc; không phải công thức đầy đủ của mọi quán,Viện Dinh dưỡng Việt Nam / FAO (proxy),không gắn mã riêng; đối chiếu theo thực phẩm tương đương,NIN/FAO Energy kcal (trên 100 g phần ăn được),"Vietnamese meat patty, generic",https://viendinhduong.vn/en/cong-cu-va-tien-ich/nutritional-value-of-food; https://www.fao.org/fileadmin/templates/food_composition/documents/pdf/VTN_FCT_2007.pdf,https://vietnam.travel/node/1560,thap,thap,"Tên chung, có thể là chả lợn, cá hoặc gia cầm. Một phần chả/giò ăn kèm; giò sống được hiểu là khối lượng sau nấu gần tương đương. Khối lượng đạm được phân bổ lại theo ngân sách 160 g cho món có nhiều thành phần đạm.",2026-08-02
HN016,Bánh mì pate,Bánh mì đường phố,4,thịt,Thịt chín tổng hợp,"Cooked meat, generic",thịt,chín,dam_chinh_hoac_nhan,có,thành phần được liệt kê,,có,65.9,250,164.8,692.5,23.8,ước tính biên tập; không phải công thức định lượng của từng quán,toàn bộ thành phần đặc trưng đã ghi trong CSV gốc; không phải công thức đầy đủ của mọi quán,Viện Dinh dưỡng Việt Nam / FAO (proxy),không gắn mã riêng; đối chiếu theo thực phẩm tương đương,NIN/FAO Energy kcal (trên 100 g phần ăn được),"Cooked meat, generic",https://viendinhduong.vn/en/cong-cu-va-tien-ich/nutritional-value-of-food; https://www.fao.org/fileadmin/templates/food_composition/documents/pdf/VTN_FCT_2007.pdf,https://vietnam.travel/node/1560,thap,thap,Tên chung; giá trị trung bình thịt nạc-mỡ vừa. Thịt chín dùng làm nhân/topping; nếu là nguyên liệu đầu tiên của món có thể nâng lên 90 g. Khối lượng đạm được phân bổ lại theo ngân sách 160 g cho món có nhiều thành phần đạm.,2026-08-02
HN016,Bánh mì pate,Bánh mì đường phố,5,dưa góp,Dưa góp rau củ ngâm chua ngọt,Vietnamese pickled vegetables,rau củ muối chua,ngâm chua ngọt,rau_muoi_chua,có,thành phần được liệt kê,,có,50,40,20,692.5,2.9,ước tính biên tập; không phải công thức định lượng của từng quán,toàn bộ thành phần đặc trưng đã ghi trong CSV gốc; không phải công thức đầy đủ của mọi quán,Viện Dinh dưỡng Việt Nam / FAO (proxy),không gắn mã riêng; đối chiếu theo thực phẩm tương đương,NIN/FAO Energy kcal (trên 100 g phần ăn được),Vietnamese pickled vegetables,https://viendinhduong.vn/en/cong-cu-va-tien-ich/nutritional-value-of-food; https://www.fao.org/fileadmin/templates/food_composition/documents/pdf/VTN_FCT_2007.pdf,https://vietnam.travel/node/1560,thap,thap,Phụ thuộc lượng đường trong nước ngâm. Khẩu phần rau muối/chua dùng kèm hoặc nấu trong một suất.,2026-08-02
HN016,Bánh mì pate,Bánh mì đường phố,6,rau mùi,Rau mùi,"Cilantro, raw",rau thơm,"tươi, sống",rau_thom,có,thành phần được liệt kê,,có,15,23,3.5,692.5,0.5,ước tính biên tập; không phải công thức định lượng của từng quán,toàn bộ thành phần đặc trưng đã ghi trong CSV gốc; không phải công thức đầy đủ của mọi quán,USDA SR28 / FoodData Central (proxy),USDA SR28 NDB_No 11165,USDA SR28 Energ_Kcal (trên 100 g phần ăn được),"CORIANDER (CILANTRO) LEAVES,RAW",https://catalog.data.gov/dataset/composition-of-foods-raw-processed-prepared-usda-national-nutrient-database-for-standar-28,https://vietnam.travel/node/1560,cao,thap,Lá và thân non. Một nhúm rau thơm/lá gia vị ăn được trong một suất. Khớp gần với bản ghi USDA SR28; điểm khớp 100%.,2026-08-02
HN017,Bánh bèo,Bánh miền Trung,1,bột gạo,Bột gạo tẻ,Rice flour,bột/ngũ cốc,khô,tinh_bot_chinh_kho,có,thành phần được liệt kê,,có,65,366,237.9,557.3,42.7,ước tính biên tập; không phải công thức định lượng của từng quán,toàn bộ thành phần đặc trưng đã ghi trong CSV gốc; không phải công thức đầy đủ của mọi quán,Viện Dinh dưỡng Việt Nam / FAO (proxy),không gắn mã riêng; đối chiếu theo thực phẩm tương đương,NIN/FAO Energy kcal (trên 100 g phần ăn được),Rice flour,https://viendinhduong.vn/en/cong-cu-va-tien-ich/nutritional-value-of-food; https://www.fao.org/fileadmin/templates/food_composition/documents/pdf/VTN_FCT_2007.pdf,https://www.vietnam.travel/things-to-do/how-eat-local-hue,cao,thap,Bột gạo trắng khô. Lượng bột khô trong vỏ/bánh cho một suất; calo tra theo bột khô.,2026-08-02
HN017,Bánh bèo,Bánh miền Trung,2,tôm chấy,Tôm chấy/rang khô,Dried shredded shrimp,hải sản chế biến,rang/sấy khô,dam_topping,có,thành phần được liệt kê,,có,30,300,90,557.3,16.1,ước tính biên tập; không phải công thức định lượng của từng quán,toàn bộ thành phần đặc trưng đã ghi trong CSV gốc; không phải công thức đầy đủ của mọi quán,Viện Dinh dưỡng Việt Nam / FAO (proxy),không gắn mã riêng; đối chiếu theo thực phẩm tương đương,NIN/FAO Energy kcal (trên 100 g phần ăn được),Dried shredded shrimp,https://viendinhduong.vn/en/cong-cu-va-tien-ich/nutritional-value-of-food; https://www.fao.org/fileadmin/templates/food_composition/documents/pdf/VTN_FCT_2007.pdf,https://www.vietnam.travel/things-to-do/how-eat-local-hue,thap,thap,Proxy từ tôm khô; biến thiên theo dầu và đường. Topping đạm mặn/khô trong một suất.,2026-08-02
HN017,Bánh bèo,Bánh miền Trung,3,mỡ hành,Mỡ hành,Scallion oil,chất béo/nước sốt,hành chín trong dầu,chat_beo_topping,có,thành phần được liệt kê,,có,18,700,126,557.3,22.6,ước tính biên tập; không phải công thức định lượng của từng quán,toàn bộ thành phần đặc trưng đã ghi trong CSV gốc; không phải công thức đầy đủ của mọi quán,Viện Dinh dưỡng Việt Nam / FAO (proxy),không gắn mã riêng; đối chiếu theo thực phẩm tương đương,NIN/FAO Energy kcal (trên 100 g phần ăn được),Scallion oil,https://viendinhduong.vn/en/cong-cu-va-tien-ich/nutritional-value-of-food; https://www.fao.org/fileadmin/templates/food_composition/documents/pdf/VTN_FCT_2007.pdf,https://www.vietnam.travel/things-to-do/how-eat-local-hue,thap,thap,Ước tính hỗn hợp chủ yếu là dầu. Lượng mỡ/tóp mỡ ăn được trong một suất.,2026-08-02
HN017,Bánh bèo,Bánh miền Trung,4,tóp mỡ,Tóp mỡ lợn,Pork cracklings,thịt/chất béo,rán giòn,chat_beo_topping,có,thành phần được liệt kê,,có,18,545,98.1,557.3,17.6,ước tính biên tập; không phải công thức định lượng của từng quán,toàn bộ thành phần đặc trưng đã ghi trong CSV gốc; không phải công thức đầy đủ của mọi quán,Viện Dinh dưỡng Việt Nam / FAO (proxy),không gắn mã riêng; đối chiếu theo thực phẩm tương đương,NIN/FAO Energy kcal (trên 100 g phần ăn được),Pork cracklings,https://viendinhduong.vn/en/cong-cu-va-tien-ich/nutritional-value-of-food; https://www.fao.org/fileadmin/templates/food_composition/documents/pdf/VTN_FCT_2007.pdf,https://www.vietnam.travel/things-to-do/how-eat-local-hue,trung_binh,thap,Biến thiên theo lượng mỡ còn lại. Lượng mỡ/tóp mỡ ăn được trong một suất.,2026-08-02
HN017,Bánh bèo,Bánh miền Trung,5,nước mắm,Nước mắm,Fish sauce,gia vị/nước chấm,dạng lỏng,nuoc_cham_gia_vi_long,có,thành phần được liệt kê,,có,15,35,5.3,557.3,1,ước tính biên tập; không phải công thức định lượng của từng quán,toàn bộ thành phần đặc trưng đã ghi trong CSV gốc; không phải công thức đầy đủ của mọi quán,Viện Dinh dưỡng Việt Nam / FAO (proxy),không gắn mã riêng; đối chiếu theo thực phẩm tương đương,NIN/FAO Energy kcal (trên 100 g phần ăn được),Fish sauce,https://viendinhduong.vn/en/cong-cu-va-tien-ich/nutritional-value-of-food; https://www.fao.org/fileadmin/templates/food_composition/documents/pdf/VTN_FCT_2007.pdf,https://www.vietnam.travel/things-to-do/how-eat-local-hue,cao,thap,"Loại nước mắm thông dụng. Lượng nước chấm/gia vị lỏng thực ăn trong một suất, không phải toàn bộ bát chấm.",2026-08-02
HN018,Bánh khoái,Bánh miền Trung,1,bột gạo,Bột gạo tẻ,Rice flour,bột/ngũ cốc,khô,tinh_bot_chinh_kho,có,thành phần được liệt kê,,có,65,366,237.9,632.1,37.6,ước tính biên tập; không phải công thức định lượng của từng quán,toàn bộ thành phần đặc trưng đã ghi trong CSV gốc; không phải công thức đầy đủ của mọi quán,Viện Dinh dưỡng Việt Nam / FAO (proxy),không gắn mã riêng; đối chiếu theo thực phẩm tương đương,NIN/FAO Energy kcal (trên 100 g phần ăn được),Rice flour,https://viendinhduong.vn/en/cong-cu-va-tien-ich/nutritional-value-of-food; https://www.fao.org/fileadmin/templates/food_composition/documents/pdf/VTN_FCT_2007.pdf,https://www.vietnam.travel/things-to-do/how-eat-local-hue,cao,thap,Bột gạo trắng khô. Lượng bột khô trong vỏ/bánh cho một suất; calo tra theo bột khô.,2026-08-02
HN018,Bánh khoái,Bánh miền Trung,2,tôm,Tôm chín,"Shrimp, cooked",hải sản,"chín, phần ăn được",dam_hai_san_hoac_hon_hop,có,thành phần được liệt kê,,có,85,99,84.2,632.1,13.3,ước tính biên tập; không phải công thức định lượng của từng quán,toàn bộ thành phần đặc trưng đã ghi trong CSV gốc; không phải công thức đầy đủ của mọi quán,USDA SR28 / FoodData Central (proxy),không gắn mã riêng; đối chiếu theo thực phẩm tương đương,USDA SR28 Energ_Kcal (trên 100 g phần ăn được),"Shrimp, cooked",https://catalog.data.gov/dataset/composition-of-foods-raw-processed-prepared-usda-national-nutrient-database-for-standar-28,https://www.vietnam.travel/things-to-do/how-eat-local-hue,cao,thap,"Không tính vỏ và đầu bỏ đi. Khối lượng phần ăn được, bỏ vỏ/xương; chuỗi có dấu gạch chéo là một lựa chọn/hỗn hợp.",2026-08-02
HN018,Bánh khoái,Bánh miền Trung,3,thịt,Thịt chín tổng hợp,"Cooked meat, generic",thịt,chín,dam_chinh_hoac_nhan,có,thành phần được liệt kê,,có,70,250,175,632.1,27.7,ước tính biên tập; không phải công thức định lượng của từng quán,toàn bộ thành phần đặc trưng đã ghi trong CSV gốc; không phải công thức đầy đủ của mọi quán,Viện Dinh dưỡng Việt Nam / FAO (proxy),không gắn mã riêng; đối chiếu theo thực phẩm tương đương,NIN/FAO Energy kcal (trên 100 g phần ăn được),"Cooked meat, generic",https://viendinhduong.vn/en/cong-cu-va-tien-ich/nutritional-value-of-food; https://www.fao.org/fileadmin/templates/food_composition/documents/pdf/VTN_FCT_2007.pdf,https://www.vietnam.travel/things-to-do/how-eat-local-hue,thap,thap,Tên chung; giá trị trung bình thịt nạc-mỡ vừa. Thịt chín dùng làm nhân/topping; nếu là nguyên liệu đầu tiên của món có thể nâng lên 90 g.,2026-08-02
HN018,Bánh khoái,Bánh miền Trung,4,giá,Giá đỗ xanh,"Mung bean sprouts, raw",rau mầm,"tươi, sống",rau_chinh_hoac_an_kem,có,thành phần được liệt kê,,có,60,30,18,632.1,2.8,ước tính biên tập; không phải công thức định lượng của từng quán,toàn bộ thành phần đặc trưng đã ghi trong CSV gốc; không phải công thức đầy đủ của mọi quán,USDA SR28 / FoodData Central (proxy),không gắn mã riêng; đối chiếu theo thực phẩm tương đương,USDA SR28 Energ_Kcal (trên 100 g phần ăn được),"Mung bean sprouts, raw",https://catalog.data.gov/dataset/composition-of-foods-raw-processed-prepared-usda-national-nutrient-database-for-standar-28,https://www.vietnam.travel/things-to-do/how-eat-local-hue,cao,thap,Giá đỗ xanh tươi. Khối lượng rau ăn được trong một suất.,2026-08-02
HN018,Bánh khoái,Bánh miền Trung,5,rau,Rau hỗn hợp,Mixed vegetables,rau củ,tươi hoặc chín nhẹ,rau_an_kem,có,thành phần được liệt kê,,có,70,30,21,632.1,3.3,ước tính biên tập; không phải công thức định lượng của từng quán,toàn bộ thành phần đặc trưng đã ghi trong CSV gốc; không phải công thức đầy đủ của mọi quán,Viện Dinh dưỡng Việt Nam / FAO (proxy),không gắn mã riêng; đối chiếu theo thực phẩm tương đương,NIN/FAO Energy kcal (trên 100 g phần ăn được),Mixed vegetables,https://viendinhduong.vn/en/cong-cu-va-tien-ich/nutritional-value-of-food; https://www.fao.org/fileadmin/templates/food_composition/documents/pdf/VTN_FCT_2007.pdf,https://www.vietnam.travel/things-to-do/how-eat-local-hue,thap,thap,Tên chung; dùng trung bình rau ít tinh bột. Một nắm/đĩa rau ăn kèm cho một người; nếu là nguyên liệu đầu tiên của salad/nộm có thể nâng lên 120–150 g.,2026-08-02
HN018,Bánh khoái,Bánh miền Trung,6,nước lèo,Nước lèo đã nấu,Prepared soup broth,nước dùng,đã nấu,nuoc_dung,có,thành phần được liệt kê,,có,320,30,96,632.1,15.2,ước tính biên tập; không phải công thức định lượng của từng quán,toàn bộ thành phần đặc trưng đã ghi trong CSV gốc; không phải công thức đầy đủ của mọi quán,Viện Dinh dưỡng Việt Nam / FAO (proxy),không gắn mã riêng; đối chiếu theo thực phẩm tương đương,NIN/FAO Energy kcal (trên 100 g phần ăn được),Prepared soup broth,https://viendinhduong.vn/en/cong-cu-va-tien-ich/nutritional-value-of-food; https://www.fao.org/fileadmin/templates/food_composition/documents/pdf/VTN_FCT_2007.pdf,https://www.vietnam.travel/things-to-do/how-eat-local-hue,thap,thap,"Phụ thuộc mỡ, đường và cốt thịt; không cộng trùng nguyên liệu con. Một tô/cốc nước dùng; với lẩu hiểu là lượng một người thực ăn.",2026-08-02
HN019,Bánh lọc,Bánh miền Trung,1,bột năng,Tinh bột sắn,Tapioca starch,tinh bột,khô,tinh_bot_chinh_kho,có,thành phần được liệt kê,,có,65,358,232.7,728,32,ước tính biên tập; không phải công thức định lượng của từng quán,toàn bộ thành phần đặc trưng đã ghi trong CSV gốc; không phải công thức đầy đủ của mọi quán,USDA SR28 / FoodData Central (proxy),USDA SR28 NDB_No 28337,USDA SR28 Energ_Kcal (trên 100 g phần ăn được),"BREAD,GLUTEN-FREE,RICE FLOUR,CORN STARCH,AND/OR TAPIOCA",https://catalog.data.gov/dataset/composition-of-foods-raw-processed-prepared-usda-national-nutrient-database-for-standar-28,https://www.vietnam.travel/things-to-do/how-eat-local-hue,cao,thap,Tinh bột sắn khô. Lượng bột khô trong vỏ/bánh cho một suất; calo tra theo bột khô. Khớp gần với bản ghi USDA SR28; điểm khớp 100%.,2026-08-02
HN019,Bánh lọc,Bánh miền Trung,2,tôm,Tôm chín,"Shrimp, cooked",hải sản,"chín, phần ăn được",dam_hai_san_hoac_hon_hop,có,thành phần được liệt kê,,có,82.4,99,81.6,728,11.2,ước tính biên tập; không phải công thức định lượng của từng quán,toàn bộ thành phần đặc trưng đã ghi trong CSV gốc; không phải công thức đầy đủ của mọi quán,USDA SR28 / FoodData Central (proxy),không gắn mã riêng; đối chiếu theo thực phẩm tương đương,USDA SR28 Energ_Kcal (trên 100 g phần ăn được),"Shrimp, cooked",https://catalog.data.gov/dataset/composition-of-foods-raw-processed-prepared-usda-national-nutrient-database-for-standar-28,https://www.vietnam.travel/things-to-do/how-eat-local-hue,cao,thap,"Không tính vỏ và đầu bỏ đi. Khối lượng phần ăn được, bỏ vỏ/xương; chuỗi có dấu gạch chéo là một lựa chọn/hỗn hợp. Khối lượng đạm được phân bổ lại theo ngân sách 160 g cho món có nhiều thành phần đạm.",2026-08-02
HN019,Bánh lọc,Bánh miền Trung,3,thịt ba chỉ,Thịt ba chỉ lợn chín,"Pork belly, cooked",thịt,chín,dam_chinh_beo,có,thành phần được liệt kê,,có,77.6,518,402,728,55.2,ước tính biên tập; không phải công thức định lượng của từng quán,toàn bộ thành phần đặc trưng đã ghi trong CSV gốc; không phải công thức đầy đủ của mọi quán,USDA SR28 / FoodData Central (proxy),không gắn mã riêng; đối chiếu theo thực phẩm tương đương,USDA SR28 Energ_Kcal (trên 100 g phần ăn được),"Pork belly, cooked",https://catalog.data.gov/dataset/composition-of-foods-raw-processed-prepared-usda-national-nutrient-database-for-standar-28,https://www.vietnam.travel/things-to-do/how-eat-local-hue,trung_binh,thap,Biến thiên theo tỷ lệ nạc-mỡ. Khối lượng ba chỉ chín trong một phần. Khối lượng đạm được phân bổ lại theo ngân sách 160 g cho món có nhiều thành phần đạm.,2026-08-02
HN019,Bánh lọc,Bánh miền Trung,4,hành,Hành lá,"Spring onion, raw",rau thơm,tươi,rau_thom_tao_nen,có,thành phần được liệt kê,,có,20,32,6.4,728,0.9,ước tính biên tập; không phải công thức định lượng của từng quán,toàn bộ thành phần đặc trưng đã ghi trong CSV gốc; không phải công thức đầy đủ của mọi quán,Viện Dinh dưỡng Việt Nam / FAO (proxy),không gắn mã riêng; đối chiếu theo thực phẩm tương đương,NIN/FAO Energy kcal (trên 100 g phần ăn được),"Spring onion, raw",https://viendinhduong.vn/en/cong-cu-va-tien-ich/nutritional-value-of-food; https://www.fao.org/fileadmin/templates/food_composition/documents/pdf/VTN_FCT_2007.pdf,https://www.vietnam.travel/things-to-do/how-eat-local-hue,trung_binh,thap,"Giả định hành lá, không phải hành củ. Lượng hành trong một suất; nếu chỉ rắc mặt có thể giảm còn 5–10 g theo thứ tự thành phần.",2026-08-02
HN019,Bánh lọc,Bánh miền Trung,5,nước mắm,Nước mắm,Fish sauce,gia vị/nước chấm,dạng lỏng,nuoc_cham_gia_vi_long,có,thành phần được liệt kê,,có,15,35,5.3,728,0.7,ước tính biên tập; không phải công thức định lượng của từng quán,toàn bộ thành phần đặc trưng đã ghi trong CSV gốc; không phải công thức đầy đủ của mọi quán,Viện Dinh dưỡng Việt Nam / FAO (proxy),không gắn mã riêng; đối chiếu theo thực phẩm tương đương,NIN/FAO Energy kcal (trên 100 g phần ăn được),Fish sauce,https://viendinhduong.vn/en/cong-cu-va-tien-ich/nutritional-value-of-food; https://www.fao.org/fileadmin/templates/food_composition/documents/pdf/VTN_FCT_2007.pdf,https://www.vietnam.travel/things-to-do/how-eat-local-hue,cao,thap,"Loại nước mắm thông dụng. Lượng nước chấm/gia vị lỏng thực ăn trong một suất, không phải toàn bộ bát chấm.",2026-08-02
HN020,Bánh nậm,Bánh miền Trung,1,bột gạo,Bột gạo tẻ,Rice flour,bột/ngũ cốc,khô,tinh_bot_chinh_kho,có,thành phần được liệt kê,,có,65,366,237.9,502.4,47.4,ước tính biên tập; không phải công thức định lượng của từng quán,toàn bộ thành phần đặc trưng đã ghi trong CSV gốc; không phải công thức đầy đủ của mọi quán,Viện Dinh dưỡng Việt Nam / FAO (proxy),không gắn mã riêng; đối chiếu theo thực phẩm tương đương,NIN/FAO Energy kcal (trên 100 g phần ăn được),Rice flour,https://viendinhduong.vn/en/cong-cu-va-tien-ich/nutritional-value-of-food; https://www.fao.org/fileadmin/templates/food_composition/documents/pdf/VTN_FCT_2007.pdf,https://www.vietnam.travel/things-to-do/how-eat-local-hue,cao,thap,Bột gạo trắng khô. Lượng bột khô trong vỏ/bánh cho một suất; calo tra theo bột khô.,2026-08-02
HN020,Bánh nậm,Bánh miền Trung,2,tôm,Tôm chín,"Shrimp, cooked",hải sản,"chín, phần ăn được",dam_hai_san_hoac_hon_hop,có,thành phần được liệt kê,,có,85,99,84.2,502.4,16.8,ước tính biên tập; không phải công thức định lượng của từng quán,toàn bộ thành phần đặc trưng đã ghi trong CSV gốc; không phải công thức đầy đủ của mọi quán,USDA SR28 / FoodData Central (proxy),không gắn mã riêng; đối chiếu theo thực phẩm tương đương,USDA SR28 Energ_Kcal (trên 100 g phần ăn được),"Shrimp, cooked",https://catalog.data.gov/dataset/composition-of-foods-raw-processed-prepared-usda-national-nutrient-database-for-standar-28,https://www.vietnam.travel/things-to-do/how-eat-local-hue,cao,thap,"Không tính vỏ và đầu bỏ đi. Khối lượng phần ăn được, bỏ vỏ/xương; chuỗi có dấu gạch chéo là một lựa chọn/hỗn hợp.",2026-08-02
HN020,Bánh nậm,Bánh miền Trung,3,thịt,Thịt chín tổng hợp,"Cooked meat, generic",thịt,chín,dam_chinh_hoac_nhan,có,thành phần được liệt kê,,có,70,250,175,502.4,34.8,ước tính biên tập; không phải công thức định lượng của từng quán,toàn bộ thành phần đặc trưng đã ghi trong CSV gốc; không phải công thức đầy đủ của mọi quán,Viện Dinh dưỡng Việt Nam / FAO (proxy),không gắn mã riêng; đối chiếu theo thực phẩm tương đương,NIN/FAO Energy kcal (trên 100 g phần ăn được),"Cooked meat, generic",https://viendinhduong.vn/en/cong-cu-va-tien-ich/nutritional-value-of-food; https://www.fao.org/fileadmin/templates/food_composition/documents/pdf/VTN_FCT_2007.pdf,https://www.vietnam.travel/things-to-do/how-eat-local-hue,thap,thap,Tên chung; giá trị trung bình thịt nạc-mỡ vừa. Thịt chín dùng làm nhân/topping; nếu là nguyên liệu đầu tiên của món có thể nâng lên 90 g.,2026-08-02
HN020,Bánh nậm,Bánh miền Trung,4,lá chuối,Lá chuối dùng gói,"Banana leaf, wrapper",vật liệu gói,không ăn trực tiếp,vat_lieu_khong_an,không,thành phần được liệt kê,,không,0,0,0,502.4,0,ước tính biên tập; không phải công thức định lượng của từng quán,toàn bộ thành phần đặc trưng đã ghi trong CSV gốc; không phải công thức đầy đủ của mọi quán,Viện Dinh dưỡng Việt Nam / FAO (proxy),không gắn mã riêng; đối chiếu theo thực phẩm tương đương,NIN/FAO Energy kcal (trên 100 g phần ăn được),"Banana leaf, wrapper",https://viendinhduong.vn/en/cong-cu-va-tien-ich/nutritional-value-of-food; https://www.fao.org/fileadmin/templates/food_composition/documents/pdf/VTN_FCT_2007.pdf,https://www.vietnam.travel/things-to-do/how-eat-local-hue,cao,thap,"Đặt 0 vì là vật liệu gói, không tính vào phần ăn. Khối lượng ăn được bằng 0; xương chỉ dùng nấu nước, lá và ống tre chỉ dùng gói/chứa. Năng lượng chiết xuất vào nước dùng không thể suy ra từ danh sách này. Không ăn trực tiếp; không cộng vào tổng kcal mặc định.",2026-08-02
HN020,Bánh nậm,Bánh miền Trung,5,nước mắm,Nước mắm,Fish sauce,gia vị/nước chấm,dạng lỏng,nuoc_cham_gia_vi_long,có,thành phần được liệt kê,,có,15,35,5.3,502.4,1.1,ước tính biên tập; không phải công thức định lượng của từng quán,toàn bộ thành phần đặc trưng đã ghi trong CSV gốc; không phải công thức đầy đủ của mọi quán,Viện Dinh dưỡng Việt Nam / FAO (proxy),không gắn mã riêng; đối chiếu theo thực phẩm tương đương,NIN/FAO Energy kcal (trên 100 g phần ăn được),Fish sauce,https://viendinhduong.vn/en/cong-cu-va-tien-ich/nutritional-value-of-food; https://www.fao.org/fileadmin/templates/food_composition/documents/pdf/VTN_FCT_2007.pdf,https://www.vietnam.travel/things-to-do/how-eat-local-hue,cao,thap,"Loại nước mắm thông dụng. Lượng nước chấm/gia vị lỏng thực ăn trong một suất, không phải toàn bộ bát chấm.",2026-08-02
HN021,Bánh khúc,Bánh nếp miền Bắc,1,bột nếp,Bột gạo nếp,Glutinous rice flour,bột/ngũ cốc,khô,tinh_bot_chinh_kho,có,thành phần được liệt kê,,có,70,366,256.2,832.8,30.8,ước tính biên tập; không phải công thức định lượng của từng quán,toàn bộ thành phần đặc trưng đã ghi trong CSV gốc; không phải công thức đầy đủ của mọi quán,Viện Dinh dưỡng Việt Nam / FAO (proxy),không gắn mã riêng; đối chiếu theo thực phẩm tương đương,NIN/FAO Energy kcal (trên 100 g phần ăn được),Glutinous rice flour,https://viendinhduong.vn/en/cong-cu-va-tien-ich/nutritional-value-of-food; https://www.fao.org/fileadmin/templates/food_composition/documents/pdf/VTN_FCT_2007.pdf,https://vietnam.travel/things-to-do/vietnam-foodie-guide-region,cao,thap,Bột nếp khô. Lượng nguyên liệu nếp/cốm cho một phần bánh/quà.,2026-08-02
HN021,Bánh khúc,Bánh nếp miền Bắc,2,lá khúc,Rau khúc,Cudweed leaves,rau lá,tươi/chần,rau_thom,có,thành phần được liệt kê,,có,15,40,6,832.8,0.7,ước tính biên tập; không phải công thức định lượng của từng quán,toàn bộ thành phần đặc trưng đã ghi trong CSV gốc; không phải công thức đầy đủ của mọi quán,Viện Dinh dưỡng Việt Nam / FAO (proxy),không gắn mã riêng; đối chiếu theo thực phẩm tương đương,NIN/FAO Energy kcal (trên 100 g phần ăn được),Cudweed leaves,https://viendinhduong.vn/en/cong-cu-va-tien-ich/nutritional-value-of-food; https://www.fao.org/fileadmin/templates/food_composition/documents/pdf/VTN_FCT_2007.pdf,https://vietnam.travel/things-to-do/vietnam-foodie-guide-region,thap,thap,Proxy từ rau lá xanh; lượng dùng hạn chế. Một nhúm rau thơm/lá gia vị ăn được trong một suất.,2026-08-02
HN021,Bánh khúc,Bánh nếp miền Bắc,3,đậu xanh,Đậu xanh hạt khô,"Mung beans, dry",đậu,khô,nhan_ngot_dam_thuc_vat,có,thành phần được liệt kê,,có,45,347,156.2,832.8,18.8,ước tính biên tập; không phải công thức định lượng của từng quán,toàn bộ thành phần đặc trưng đã ghi trong CSV gốc; không phải công thức đầy đủ của mọi quán,Viện Dinh dưỡng Việt Nam / FAO (proxy),không gắn mã riêng; đối chiếu theo thực phẩm tương đương,NIN/FAO Energy kcal (trên 100 g phần ăn được),"Mung beans, dry",https://viendinhduong.vn/en/cong-cu-va-tien-ich/nutritional-value-of-food; https://www.fao.org/fileadmin/templates/food_composition/documents/pdf/VTN_FCT_2007.pdf,https://vietnam.travel/things-to-do/vietnam-foodie-guide-region,cao,thap,"Hạt khô; khi nấu kcal/100 g giảm do hút nước. Lượng nhân/hỗn hợp đậu trong một phần bánh/chè; dấu gạch chéo là biến thể, không phải cộng tất cả.",2026-08-02
HN021,Bánh khúc,Bánh nếp miền Bắc,4,thịt ba chỉ,Thịt ba chỉ lợn chín,"Pork belly, cooked",thịt,chín,dam_chinh_beo,có,thành phần được liệt kê,,có,80,518,414.4,832.8,49.8,ước tính biên tập; không phải công thức định lượng của từng quán,toàn bộ thành phần đặc trưng đã ghi trong CSV gốc; không phải công thức đầy đủ của mọi quán,USDA SR28 / FoodData Central (proxy),không gắn mã riêng; đối chiếu theo thực phẩm tương đương,USDA SR28 Energ_Kcal (trên 100 g phần ăn được),"Pork belly, cooked",https://catalog.data.gov/dataset/composition-of-foods-raw-processed-prepared-usda-national-nutrient-database-for-standar-28,https://vietnam.travel/things-to-do/vietnam-foodie-guide-region,trung_binh,thap,Biến thiên theo tỷ lệ nạc-mỡ. Khối lượng ba chỉ chín trong một phần.,2026-08-02
HN022,Bánh rán ngọt,Bánh ngọt đường phố,1,bột nếp,Bột gạo nếp,Glutinous rice flour,bột/ngũ cốc,khô,tinh_bot_chinh_kho,có,thành phần được liệt kê,,có,70,366,256.2,575.8,44.5,ước tính biên tập; không phải công thức định lượng của từng quán,toàn bộ thành phần đặc trưng đã ghi trong CSV gốc; không phải công thức đầy đủ của mọi quán,Viện Dinh dưỡng Việt Nam / FAO (proxy),không gắn mã riêng; đối chiếu theo thực phẩm tương đương,NIN/FAO Energy kcal (trên 100 g phần ăn được),Glutinous rice flour,https://viendinhduong.vn/en/cong-cu-va-tien-ich/nutritional-value-of-food; https://www.fao.org/fileadmin/templates/food_composition/documents/pdf/VTN_FCT_2007.pdf,https://vietnam.travel/things-to-do/vietnam-foodie-guide-region,cao,thap,Bột nếp khô. Lượng nguyên liệu nếp/cốm cho một phần bánh/quà.,2026-08-02
HN022,Bánh rán ngọt,Bánh ngọt đường phố,2,đậu xanh,Đậu xanh hạt khô,"Mung beans, dry",đậu,khô,nhan_ngot_dam_thuc_vat,có,thành phần được liệt kê,,có,45,347,156.2,575.8,27.1,ước tính biên tập; không phải công thức định lượng của từng quán,toàn bộ thành phần đặc trưng đã ghi trong CSV gốc; không phải công thức đầy đủ của mọi quán,Viện Dinh dưỡng Việt Nam / FAO (proxy),không gắn mã riêng; đối chiếu theo thực phẩm tương đương,NIN/FAO Energy kcal (trên 100 g phần ăn được),"Mung beans, dry",https://viendinhduong.vn/en/cong-cu-va-tien-ich/nutritional-value-of-food; https://www.fao.org/fileadmin/templates/food_composition/documents/pdf/VTN_FCT_2007.pdf,https://vietnam.travel/things-to-do/vietnam-foodie-guide-region,cao,thap,"Hạt khô; khi nấu kcal/100 g giảm do hút nước. Lượng nhân/hỗn hợp đậu trong một phần bánh/chè; dấu gạch chéo là biến thể, không phải cộng tất cả.",2026-08-02
HN022,Bánh rán ngọt,Bánh ngọt đường phố,3,đường,Đường trắng,Granulated sugar,đường/chất tạo ngọt,khô,chat_tao_ngot,có,thành phần được liệt kê,,có,20,387,77.4,575.8,13.4,ước tính biên tập; không phải công thức định lượng của từng quán,toàn bộ thành phần đặc trưng đã ghi trong CSV gốc; không phải công thức đầy đủ của mọi quán,USDA SR28 / FoodData Central (proxy),USDA SR28 NDB_No 19909,USDA SR28 Energ_Kcal (trên 100 g phần ăn được),"SWEETENERS,SUGAR SUB,GRANULATED,BROWN",https://catalog.data.gov/dataset/composition-of-foods-raw-processed-prepared-usda-national-nutrient-database-for-standar-28,https://vietnam.travel/things-to-do/vietnam-foodie-guide-region,cao,thap,Sucrose dạng hạt. Lượng chất tạo ngọt thực tế trong một phần; dấu gạch chéo là lựa chọn. Khớp gần với bản ghi USDA SR28; điểm khớp 100%.,2026-08-02
HN022,Bánh rán ngọt,Bánh ngọt đường phố,4,vừng,Hạt vừng,Sesame seeds,hạt,khô hoặc rang,hat_beo_topping,có,thành phần được liệt kê,,có,15,573,86,575.8,14.9,ước tính biên tập; không phải công thức định lượng của từng quán,toàn bộ thành phần đặc trưng đã ghi trong CSV gốc; không phải công thức đầy đủ của mọi quán,Viện Dinh dưỡng Việt Nam / FAO (proxy),không gắn mã riêng; đối chiếu theo thực phẩm tương đương,NIN/FAO Energy kcal (trên 100 g phần ăn được),Sesame seeds,https://viendinhduong.vn/en/cong-cu-va-tien-ich/nutritional-value-of-food; https://www.fao.org/fileadmin/templates/food_composition/documents/pdf/VTN_FCT_2007.pdf,https://vietnam.travel/things-to-do/vietnam-foodie-guide-region,cao,thap,Hạt vừng nguyên phần ăn được. Một nhúm hạt/lạc/vừng làm topping.,2026-08-02
HN023,Crêpe,Bánh Pháp,1,bột mì,Bột mì đa dụng,"Wheat flour, all-purpose",bột/ngũ cốc,khô,tinh_bot_chinh_kho,có,thành phần được liệt kê,,có,70,364,254.8,600.9,42.4,ước tính biên tập; không phải công thức định lượng của từng quán,toàn bộ thành phần đặc trưng đã ghi trong CSV gốc; không phải công thức đầy đủ của mọi quán,USDA SR28 / FoodData Central (proxy),không gắn mã riêng; đối chiếu theo thực phẩm tương đương,USDA SR28 Energ_Kcal (trên 100 g phần ăn được),"Wheat flour, all-purpose",https://catalog.data.gov/dataset/composition-of-foods-raw-processed-prepared-usda-national-nutrient-database-for-standar-28,https://vietnam.travel/things-to-do/must-try-food-in-hanoi; https://vietnamtourism.vn/en/index.php/services/restaurants/search/19,cao,thap,Bột mì trắng đa dụng. Lượng bột khô quy đổi trong một phần bánh/món.,2026-08-02
HN023,Crêpe,Bánh Pháp,2,trứng,Trứng gà nguyên quả,"Chicken egg, whole, cooked",trứng,chín,dam_phu,có,thành phần được liệt kê,,có,55,155,85.3,600.9,14.2,ước tính biên tập; không phải công thức định lượng của từng quán,toàn bộ thành phần đặc trưng đã ghi trong CSV gốc; không phải công thức đầy đủ của mọi quán,USDA SR28 / FoodData Central (proxy),không gắn mã riêng; đối chiếu theo thực phẩm tương đương,USDA SR28 Energ_Kcal (trên 100 g phần ăn được),"Chicken egg, whole, cooked",https://catalog.data.gov/dataset/composition-of-foods-raw-processed-prepared-usda-national-nutrient-database-for-standar-28,https://vietnam.travel/things-to-do/must-try-food-in-hanoi; https://vietnamtourism.vn/en/index.php/services/restaurants/search/19,cao,thap,"Trứng gà nguyên quả đại diện. Quy đổi một quả trứng gà cỡ vừa, bỏ vỏ.",2026-08-02
HN023,Crêpe,Bánh Pháp,3,sữa,Sữa bò nguyên kem,Whole milk,sữa,dạng lỏng,sua_nen,có,thành phần được liệt kê,,có,120,61,73.2,600.9,12.2,ước tính biên tập; không phải công thức định lượng của từng quán,toàn bộ thành phần đặc trưng đã ghi trong CSV gốc; không phải công thức đầy đủ của mọi quán,USDA SR28 / FoodData Central (proxy),USDA SR28 NDB_No 19189,USDA SR28 Energ_Kcal (trên 100 g phần ăn được),"PUDDINGS,CHOC,DRY MIX,INST,PREP W/ WHOLE MILK",https://catalog.data.gov/dataset/composition-of-foods-raw-processed-prepared-usda-national-nutrient-database-for-standar-28,https://vietnam.travel/things-to-do/must-try-food-in-hanoi; https://vietnamtourism.vn/en/index.php/services/restaurants/search/19,cao,thap,Giả định sữa bò nguyên kem. Lượng sữa hoặc nền sữa-kem trong một phần đồ uống/tráng miệng. Khớp gần với bản ghi USDA SR28; điểm khớp 100%.,2026-08-02
HN023,Crêpe,Bánh Pháp,4,bơ,Bơ động vật,Butter,chất béo,dạng rắn,chat_beo,có,thành phần được liệt kê,,có,15,717,107.6,600.9,17.9,ước tính biên tập; không phải công thức định lượng của từng quán,toàn bộ thành phần đặc trưng đã ghi trong CSV gốc; không phải công thức đầy đủ của mọi quán,USDA SR28 / FoodData Central (proxy),USDA SR28 NDB_No 12171,USDA SR28 Energ_Kcal (trên 100 g phần ăn được),"SESAME BUTTER,TAHINI,FROM UNROASTED KRNLS",https://catalog.data.gov/dataset/composition-of-foods-raw-processed-prepared-usda-national-nutrient-database-for-standar-28,https://vietnam.travel/things-to-do/must-try-food-in-hanoi; https://vietnamtourism.vn/en/index.php/services/restaurants/search/19,cao,thap,"Giả định butter, không phải quả bơ. Khoảng một thìa canh bơ cho một phần. Khớp gần với bản ghi USDA SR28; điểm khớp 104%.",2026-08-02
HN023,Crêpe,Bánh Pháp,5,trái cây/giăm bông,trái cây,Fruit or ham,thành phần ghép,ăn liền,trai_cay,có,lựa chọn mặc định,HN023-05,có,80,100,80,600.9,13.3,ước tính biên tập; không phải công thức định lượng của từng quán,toàn bộ thành phần đặc trưng đã ghi trong CSV gốc; không phải công thức đầy đủ của mọi quán,USDA SR28 / FoodData Central (proxy),không gắn mã riêng; đối chiếu theo thực phẩm tương đương,USDA SR28 Energ_Kcal (trên 100 g phần ăn được),Fruit or ham,https://catalog.data.gov/dataset/composition-of-foods-raw-processed-prepared-usda-national-nutrient-database-for-standar-28,https://vietnam.travel/things-to-do/must-try-food-in-hanoi; https://vietnamtourism.vn/en/index.php/services/restaurants/search/19,thap,thap,Hai lựa chọn khác nhóm; dùng giá trị trung gian. Tách từ cụm lựa chọn “trái cây/giăm bông”; dùng giá trị đại diện gần nhất. Phần trái cây ăn được; chuỗi có dấu gạch chéo là biến thể/lựa chọn. Các lựa chọn cùng nhóm không dùng để cộng đồng thời.,2026-08-02
HN023,Crêpe,Bánh Pháp,6,trái cây/giăm bông,giăm bông,Fruit or ham,thành phần ghép,ăn liền,trai_cay,có,lựa chọn thay thế,HN023-05,không,80,100,80,600.9,0,ước tính biên tập; không phải công thức định lượng của từng quán,toàn bộ thành phần đặc trưng đã ghi trong CSV gốc; không phải công thức đầy đủ của mọi quán,USDA SR28 / FoodData Central (proxy),không gắn mã riêng; đối chiếu theo thực phẩm tương đương,USDA SR28 Energ_Kcal (trên 100 g phần ăn được),Fruit or ham,https://catalog.data.gov/dataset/composition-of-foods-raw-processed-prepared-usda-national-nutrient-database-for-standar-28,https://vietnam.travel/things-to-do/must-try-food-in-hanoi; https://vietnamtourism.vn/en/index.php/services/restaurants/search/19,thap,thap,Hai lựa chọn khác nhóm; dùng giá trị trung gian. Tách từ cụm lựa chọn “trái cây/giăm bông”; dùng giá trị đại diện gần nhất. Phần trái cây ăn được; chuỗi có dấu gạch chéo là biến thể/lựa chọn. Các lựa chọn cùng nhóm không dùng để cộng đồng thời.,2026-08-02
HN024,Croissant,Bánh Pháp,1,bột mì,Bột mì đa dụng,"Wheat flour, all-purpose",bột/ngũ cốc,khô,tinh_bot_chinh_kho,có,thành phần được liệt kê,,có,70,364,254.8,533.9,47.7,ước tính biên tập; không phải công thức định lượng của từng quán,toàn bộ thành phần đặc trưng đã ghi trong CSV gốc; không phải công thức đầy đủ của mọi quán,USDA SR28 / FoodData Central (proxy),không gắn mã riêng; đối chiếu theo thực phẩm tương đương,USDA SR28 Energ_Kcal (trên 100 g phần ăn được),"Wheat flour, all-purpose",https://catalog.data.gov/dataset/composition-of-foods-raw-processed-prepared-usda-national-nutrient-database-for-standar-28,https://vietnam.travel/things-to-do/must-try-food-in-hanoi; https://vietnamtourism.vn/en/index.php/services/restaurants/search/19,cao,thap,Bột mì trắng đa dụng. Lượng bột khô quy đổi trong một phần bánh/món.,2026-08-02
HN024,Croissant,Bánh Pháp,2,bơ,Bơ động vật,Butter,chất béo,dạng rắn,chat_beo,có,thành phần được liệt kê,,có,15,717,107.6,533.9,20.2,ước tính biên tập; không phải công thức định lượng của từng quán,toàn bộ thành phần đặc trưng đã ghi trong CSV gốc; không phải công thức đầy đủ của mọi quán,USDA SR28 / FoodData Central (proxy),USDA SR28 NDB_No 12171,USDA SR28 Energ_Kcal (trên 100 g phần ăn được),"SESAME BUTTER,TAHINI,FROM UNROASTED KRNLS",https://catalog.data.gov/dataset/composition-of-foods-raw-processed-prepared-usda-national-nutrient-database-for-standar-28,https://vietnam.travel/things-to-do/must-try-food-in-hanoi; https://vietnamtourism.vn/en/index.php/services/restaurants/search/19,cao,thap,"Giả định butter, không phải quả bơ. Khoảng một thìa canh bơ cho một phần. Khớp gần với bản ghi USDA SR28; điểm khớp 104%.",2026-08-02
HN024,Croissant,Bánh Pháp,3,men,Men bánh mì khô,"Baker's yeast, active dry",phụ gia làm bánh,khô,phu_gia_len_men_tao_huong,có,thành phần được liệt kê,,có,4,325,13,533.9,2.4,ước tính biên tập; không phải công thức định lượng của từng quán,toàn bộ thành phần đặc trưng đã ghi trong CSV gốc; không phải công thức đầy đủ của mọi quán,USDA SR28 / FoodData Central (proxy),USDA SR28 NDB_No 18375,USDA SR28 Energ_Kcal (trên 100 g phần ăn được),"LEAVENING AGENTS,YEAST,BAKER'S,ACTIVE DRY",https://catalog.data.gov/dataset/composition-of-foods-raw-processed-prepared-usda-national-nutrient-database-for-standar-28,https://vietnam.travel/things-to-do/must-try-food-in-hanoi; https://vietnamtourism.vn/en/index.php/services/restaurants/search/19,trung_binh,thap,Giả định men bánh mì; lượng dùng nhỏ. Lượng men/thính khô trong một phần. Khớp gần với bản ghi USDA SR28; điểm khớp 100%.,2026-08-02
HN024,Croissant,Bánh Pháp,4,sữa,Sữa bò nguyên kem,Whole milk,sữa,dạng lỏng,sua_nen,có,thành phần được liệt kê,,có,120,61,73.2,533.9,13.7,ước tính biên tập; không phải công thức định lượng của từng quán,toàn bộ thành phần đặc trưng đã ghi trong CSV gốc; không phải công thức đầy đủ của mọi quán,USDA SR28 / FoodData Central (proxy),USDA SR28 NDB_No 19189,USDA SR28 Energ_Kcal (trên 100 g phần ăn được),"PUDDINGS,CHOC,DRY MIX,INST,PREP W/ WHOLE MILK",https://catalog.data.gov/dataset/composition-of-foods-raw-processed-prepared-usda-national-nutrient-database-for-standar-28,https://vietnam.travel/things-to-do/must-try-food-in-hanoi; https://vietnamtourism.vn/en/index.php/services/restaurants/search/19,cao,thap,Giả định sữa bò nguyên kem. Lượng sữa hoặc nền sữa-kem trong một phần đồ uống/tráng miệng. Khớp gần với bản ghi USDA SR28; điểm khớp 100%.,2026-08-02
HN024,Croissant,Bánh Pháp,5,trứng,Trứng gà nguyên quả,"Chicken egg, whole, cooked",trứng,chín,dam_phu,có,thành phần được liệt kê,,có,55,155,85.3,533.9,16,ước tính biên tập; không phải công thức định lượng của từng quán,toàn bộ thành phần đặc trưng đã ghi trong CSV gốc; không phải công thức đầy đủ của mọi quán,USDA SR28 / FoodData Central (proxy),không gắn mã riêng; đối chiếu theo thực phẩm tương đương,USDA SR28 Energ_Kcal (trên 100 g phần ăn được),"Chicken egg, whole, cooked",https://catalog.data.gov/dataset/composition-of-foods-raw-processed-prepared-usda-national-nutrient-database-for-standar-28,https://vietnam.travel/things-to-do/must-try-food-in-hanoi; https://vietnamtourism.vn/en/index.php/services/restaurants/search/19,cao,thap,"Trứng gà nguyên quả đại diện. Quy đổi một quả trứng gà cỡ vừa, bỏ vỏ.",2026-08-02
HN025,Bánh cuốn,Bánh và cuốn,1,bột gạo,Bột gạo tẻ,Rice flour,bột/ngũ cốc,khô,tinh_bot_chinh_kho,có,thành phần được liệt kê,,có,65,366,237.9,632.8,37.6,ước tính biên tập; không phải công thức định lượng của từng quán,toàn bộ thành phần đặc trưng đã ghi trong CSV gốc; không phải công thức đầy đủ của mọi quán,Viện Dinh dưỡng Việt Nam / FAO (proxy),không gắn mã riêng; đối chiếu theo thực phẩm tương đương,NIN/FAO Energy kcal (trên 100 g phần ăn được),Rice flour,https://viendinhduong.vn/en/cong-cu-va-tien-ich/nutritional-value-of-food; https://www.fao.org/fileadmin/templates/food_composition/documents/pdf/VTN_FCT_2007.pdf,https://vietnam.travel/node/1560,cao,thap,Bột gạo trắng khô. Lượng bột khô trong vỏ/bánh cho một suất; calo tra theo bột khô.,2026-08-02
HN025,Bánh cuốn,Bánh và cuốn,2,thịt lợn,"Thịt lợn chín, nạc mỡ vừa","Pork, cooked, lean and fat",thịt,chín,dam_chinh,có,thành phần được liệt kê,,có,80,242,193.6,632.8,30.6,ước tính biên tập; không phải công thức định lượng của từng quán,toàn bộ thành phần đặc trưng đã ghi trong CSV gốc; không phải công thức đầy đủ của mọi quán,Viện Dinh dưỡng Việt Nam / FAO (proxy),không gắn mã riêng; đối chiếu theo thực phẩm tương đương,NIN/FAO Energy kcal (trên 100 g phần ăn được),"Pork, cooked, lean and fat",https://viendinhduong.vn/en/cong-cu-va-tien-ich/nutritional-value-of-food; https://www.fao.org/fileadmin/templates/food_composition/documents/pdf/VTN_FCT_2007.pdf,https://vietnam.travel/node/1560,trung_binh,thap,Giá trị đại diện nhiều phần cắt. Khối lượng thịt lợn thành phẩm trong một suất.,2026-08-02
HN025,Bánh cuốn,Bánh và cuốn,3,mộc nhĩ,Mộc nhĩ ngâm nở,"Wood ear mushroom, rehydrated",nấm,ngâm nở,nam_rau_phu,có,thành phần được liệt kê,,có,35,25,8.8,632.8,1.4,ước tính biên tập; không phải công thức định lượng của từng quán,toàn bộ thành phần đặc trưng đã ghi trong CSV gốc; không phải công thức đầy đủ của mọi quán,Viện Dinh dưỡng Việt Nam / FAO (proxy),không gắn mã riêng; đối chiếu theo thực phẩm tương đương,NIN/FAO Energy kcal (trên 100 g phần ăn được),"Wood ear mushroom, rehydrated",https://viendinhduong.vn/en/cong-cu-va-tien-ich/nutritional-value-of-food; https://www.fao.org/fileadmin/templates/food_composition/documents/pdf/VTN_FCT_2007.pdf,https://vietnam.travel/node/1560,trung_binh,thap,Không dùng giá trị mộc nhĩ khô. Khối lượng nấm/mộc nhĩ sau ngâm hoặc nấu trong một suất.,2026-08-02
HN025,Bánh cuốn,Bánh và cuốn,4,hành phi,Hành phi,Fried shallots,gia vị chiên,chiên giòn,topping_thom_beo,có,thành phần được liệt kê,,có,10,550,55,632.8,8.7,ước tính biên tập; không phải công thức định lượng của từng quán,toàn bộ thành phần đặc trưng đã ghi trong CSV gốc; không phải công thức đầy đủ của mọi quán,Viện Dinh dưỡng Việt Nam / FAO (proxy),không gắn mã riêng; đối chiếu theo thực phẩm tương đương,NIN/FAO Energy kcal (trên 100 g phần ăn được),Fried shallots,https://viendinhduong.vn/en/cong-cu-va-tien-ich/nutritional-value-of-food; https://www.fao.org/fileadmin/templates/food_composition/documents/pdf/VTN_FCT_2007.pdf,https://vietnam.travel/node/1560,thap,thap,Phụ thuộc lượng dầu hấp thụ. Một thìa hành phi rắc mặt.,2026-08-02
HN025,Bánh cuốn,Bánh và cuốn,5,chả,Chả thịt chế biến,"Vietnamese meat patty, generic",thịt chế biến,chín,dam_che_bien,có,thành phần được liệt kê,,có,55,250,137.5,632.8,21.7,ước tính biên tập; không phải công thức định lượng của từng quán,toàn bộ thành phần đặc trưng đã ghi trong CSV gốc; không phải công thức đầy đủ của mọi quán,Viện Dinh dưỡng Việt Nam / FAO (proxy),không gắn mã riêng; đối chiếu theo thực phẩm tương đương,NIN/FAO Energy kcal (trên 100 g phần ăn được),"Vietnamese meat patty, generic",https://viendinhduong.vn/en/cong-cu-va-tien-ich/nutritional-value-of-food; https://www.fao.org/fileadmin/templates/food_composition/documents/pdf/VTN_FCT_2007.pdf,https://vietnam.travel/node/1560,thap,thap,"Tên chung, có thể là chả lợn, cá hoặc gia cầm. Một phần chả/giò ăn kèm; giò sống được hiểu là khối lượng sau nấu gần tương đương.",2026-08-02
HN026,Bánh xèo,Bánh Việt Nam,1,bột gạo,Bột gạo tẻ,Rice flour,bột/ngũ cốc,khô,tinh_bot_chinh_kho,có,thành phần được liệt kê,,có,65,366,237.9,680.1,35,ước tính biên tập; không phải công thức định lượng của từng quán,toàn bộ thành phần đặc trưng đã ghi trong CSV gốc; không phải công thức đầy đủ của mọi quán,Viện Dinh dưỡng Việt Nam / FAO (proxy),không gắn mã riêng; đối chiếu theo thực phẩm tương đương,NIN/FAO Energy kcal (trên 100 g phần ăn được),Rice flour,https://viendinhduong.vn/en/cong-cu-va-tien-ich/nutritional-value-of-food; https://www.fao.org/fileadmin/templates/food_composition/documents/pdf/VTN_FCT_2007.pdf,https://vietnam.travel/things-to-do/vietnam-foodie-guide-region,cao,thap,Bột gạo trắng khô. Lượng bột khô trong vỏ/bánh cho một suất; calo tra theo bột khô.,2026-08-02
HN026,Bánh xèo,Bánh Việt Nam,2,nghệ,Bột nghệ,"Turmeric, ground",gia vị,"khô, xay",gia_vi_tuoi,có,thành phần được liệt kê,,có,8,312,25,680.1,3.7,ước tính biên tập; không phải công thức định lượng của từng quán,toàn bộ thành phần đặc trưng đã ghi trong CSV gốc; không phải công thức đầy đủ của mọi quán,USDA SR28 / FoodData Central (proxy),USDA SR28 NDB_No 02043,USDA SR28 Energ_Kcal (trên 100 g phần ăn được),"TURMERIC,GROUND",https://catalog.data.gov/dataset/composition-of-foods-raw-processed-prepared-usda-national-nutrient-database-for-standar-28,https://vietnam.travel/things-to-do/vietnam-foodie-guide-region,cao,thap,Giả định dạng bột; nghệ tươi có kcal thấp hơn. Lượng gia vị tươi ước/nấu trong một suất; không nhất thiết ăn hết phần xác. Khớp gần với bản ghi USDA SR28; điểm khớp 100%.,2026-08-02
HN026,Bánh xèo,Bánh Việt Nam,3,tôm,Tôm chín,"Shrimp, cooked",hải sản,"chín, phần ăn được",dam_hai_san_hoac_hon_hop,có,thành phần được liệt kê,,có,85,99,84.2,680.1,12.4,ước tính biên tập; không phải công thức định lượng của từng quán,toàn bộ thành phần đặc trưng đã ghi trong CSV gốc; không phải công thức đầy đủ của mọi quán,USDA SR28 / FoodData Central (proxy),không gắn mã riêng; đối chiếu theo thực phẩm tương đương,USDA SR28 Energ_Kcal (trên 100 g phần ăn được),"Shrimp, cooked",https://catalog.data.gov/dataset/composition-of-foods-raw-processed-prepared-usda-national-nutrient-database-for-standar-28,https://vietnam.travel/things-to-do/vietnam-foodie-guide-region,cao,thap,"Không tính vỏ và đầu bỏ đi. Khối lượng phần ăn được, bỏ vỏ/xương; chuỗi có dấu gạch chéo là một lựa chọn/hỗn hợp.",2026-08-02
HN026,Bánh xèo,Bánh Việt Nam,4,thịt,Thịt chín tổng hợp,"Cooked meat, generic",thịt,chín,dam_chinh_hoac_nhan,có,thành phần được liệt kê,,có,70,250,175,680.1,25.7,ước tính biên tập; không phải công thức định lượng của từng quán,toàn bộ thành phần đặc trưng đã ghi trong CSV gốc; không phải công thức đầy đủ của mọi quán,Viện Dinh dưỡng Việt Nam / FAO (proxy),không gắn mã riêng; đối chiếu theo thực phẩm tương đương,NIN/FAO Energy kcal (trên 100 g phần ăn được),"Cooked meat, generic",https://viendinhduong.vn/en/cong-cu-va-tien-ich/nutritional-value-of-food; https://www.fao.org/fileadmin/templates/food_composition/documents/pdf/VTN_FCT_2007.pdf,https://vietnam.travel/things-to-do/vietnam-foodie-guide-region,thap,thap,Tên chung; giá trị trung bình thịt nạc-mỡ vừa. Thịt chín dùng làm nhân/topping; nếu là nguyên liệu đầu tiên của món có thể nâng lên 90 g.,2026-08-02
HN026,Bánh xèo,Bánh Việt Nam,5,giá,Giá đỗ xanh,"Mung bean sprouts, raw",rau mầm,"tươi, sống",rau_chinh_hoac_an_kem,có,thành phần được liệt kê,,có,60,30,18,680.1,2.6,ước tính biên tập; không phải công thức định lượng của từng quán,toàn bộ thành phần đặc trưng đã ghi trong CSV gốc; không phải công thức đầy đủ của mọi quán,USDA SR28 / FoodData Central (proxy),không gắn mã riêng; đối chiếu theo thực phẩm tương đương,USDA SR28 Energ_Kcal (trên 100 g phần ăn được),"Mung bean sprouts, raw",https://catalog.data.gov/dataset/composition-of-foods-raw-processed-prepared-usda-national-nutrient-database-for-standar-28,https://vietnam.travel/things-to-do/vietnam-foodie-guide-region,cao,thap,Giá đỗ xanh tươi. Khối lượng rau ăn được trong một suất.,2026-08-02
HN026,Bánh xèo,Bánh Việt Nam,6,rau,Rau hỗn hợp,Mixed vegetables,rau củ,tươi hoặc chín nhẹ,rau_an_kem,có,thành phần được liệt kê,,có,70,30,21,680.1,3.1,ước tính biên tập; không phải công thức định lượng của từng quán,toàn bộ thành phần đặc trưng đã ghi trong CSV gốc; không phải công thức đầy đủ của mọi quán,Viện Dinh dưỡng Việt Nam / FAO (proxy),không gắn mã riêng; đối chiếu theo thực phẩm tương đương,NIN/FAO Energy kcal (trên 100 g phần ăn được),Mixed vegetables,https://viendinhduong.vn/en/cong-cu-va-tien-ich/nutritional-value-of-food; https://www.fao.org/fileadmin/templates/food_composition/documents/pdf/VTN_FCT_2007.pdf,https://vietnam.travel/things-to-do/vietnam-foodie-guide-region,thap,thap,Tên chung; dùng trung bình rau ít tinh bột. Một nắm/đĩa rau ăn kèm cho một người; nếu là nguyên liệu đầu tiên của salad/nộm có thể nâng lên 120–150 g.,2026-08-02
HN026,Bánh xèo,Bánh Việt Nam,7,bánh tráng,Bánh tráng gạo khô,"Rice paper, dry",bánh/bột gạo,khô,vo_banh_tinh_bot,có,thành phần được liệt kê,,có,35,340,119,680.1,17.5,ước tính biên tập; không phải công thức định lượng của từng quán,toàn bộ thành phần đặc trưng đã ghi trong CSV gốc; không phải công thức đầy đủ của mọi quán,Viện Dinh dưỡng Việt Nam / FAO (proxy),không gắn mã riêng; đối chiếu theo thực phẩm tương đương,NIN/FAO Energy kcal (trên 100 g phần ăn được),"Rice paper, dry",https://viendinhduong.vn/en/cong-cu-va-tien-ich/nutritional-value-of-food; https://www.fao.org/fileadmin/templates/food_composition/documents/pdf/VTN_FCT_2007.pdf,https://vietnam.travel/things-to-do/vietnam-foodie-guide-region,trung_binh,thap,Loại bánh tráng mỏng chưa chiên. Tổng khối lượng lá/vỏ bánh ăn được trong một suất.,2026-08-02
HN027,Bánh tẻ,Bánh vùng đồng bằng Bắc Bộ,1,bột gạo,Bột gạo tẻ,Rice flour,bột/ngũ cốc,khô,tinh_bot_chinh_kho,có,thành phần được liệt kê,,có,65,366,237.9,446.7,53.3,ước tính biên tập; không phải công thức định lượng của từng quán,toàn bộ thành phần đặc trưng đã ghi trong CSV gốc; không phải công thức đầy đủ của mọi quán,Viện Dinh dưỡng Việt Nam / FAO (proxy),không gắn mã riêng; đối chiếu theo thực phẩm tương đương,NIN/FAO Energy kcal (trên 100 g phần ăn được),Rice flour,https://viendinhduong.vn/en/cong-cu-va-tien-ich/nutritional-value-of-food; https://www.fao.org/fileadmin/templates/food_composition/documents/pdf/VTN_FCT_2007.pdf,https://vietnam.travel/things-to-do/vietnam-foodie-guide-region,cao,thap,Bột gạo trắng khô. Lượng bột khô trong vỏ/bánh cho một suất; calo tra theo bột khô.,2026-08-02
HN027,Bánh tẻ,Bánh vùng đồng bằng Bắc Bộ,2,thịt lợn,"Thịt lợn chín, nạc mỡ vừa","Pork, cooked, lean and fat",thịt,chín,dam_chinh,có,thành phần được liệt kê,,có,80,242,193.6,446.7,43.3,ước tính biên tập; không phải công thức định lượng của từng quán,toàn bộ thành phần đặc trưng đã ghi trong CSV gốc; không phải công thức đầy đủ của mọi quán,Viện Dinh dưỡng Việt Nam / FAO (proxy),không gắn mã riêng; đối chiếu theo thực phẩm tương đương,NIN/FAO Energy kcal (trên 100 g phần ăn được),"Pork, cooked, lean and fat",https://viendinhduong.vn/en/cong-cu-va-tien-ich/nutritional-value-of-food; https://www.fao.org/fileadmin/templates/food_composition/documents/pdf/VTN_FCT_2007.pdf,https://vietnam.travel/things-to-do/vietnam-foodie-guide-region,trung_binh,thap,Giá trị đại diện nhiều phần cắt. Khối lượng thịt lợn thành phẩm trong một suất.,2026-08-02
HN027,Bánh tẻ,Bánh vùng đồng bằng Bắc Bộ,3,mộc nhĩ,Mộc nhĩ ngâm nở,"Wood ear mushroom, rehydrated",nấm,ngâm nở,nam_rau_phu,có,thành phần được liệt kê,,có,35,25,8.8,446.7,2,ước tính biên tập; không phải công thức định lượng của từng quán,toàn bộ thành phần đặc trưng đã ghi trong CSV gốc; không phải công thức đầy đủ của mọi quán,Viện Dinh dưỡng Việt Nam / FAO (proxy),không gắn mã riêng; đối chiếu theo thực phẩm tương đương,NIN/FAO Energy kcal (trên 100 g phần ăn được),"Wood ear mushroom, rehydrated",https://viendinhduong.vn/en/cong-cu-va-tien-ich/nutritional-value-of-food; https://www.fao.org/fileadmin/templates/food_composition/documents/pdf/VTN_FCT_2007.pdf,https://vietnam.travel/things-to-do/vietnam-foodie-guide-region,trung_binh,thap,Không dùng giá trị mộc nhĩ khô. Khối lượng nấm/mộc nhĩ sau ngâm hoặc nấu trong một suất.,2026-08-02
HN027,Bánh tẻ,Bánh vùng đồng bằng Bắc Bộ,4,hành,Hành lá,"Spring onion, raw",rau thơm,tươi,rau_thom_tao_nen,có,thành phần được liệt kê,,có,20,32,6.4,446.7,1.4,ước tính biên tập; không phải công thức định lượng của từng quán,toàn bộ thành phần đặc trưng đã ghi trong CSV gốc; không phải công thức đầy đủ của mọi quán,Viện Dinh dưỡng Việt Nam / FAO (proxy),không gắn mã riêng; đối chiếu theo thực phẩm tương đương,NIN/FAO Energy kcal (trên 100 g phần ăn được),"Spring onion, raw",https://viendinhduong.vn/en/cong-cu-va-tien-ich/nutritional-value-of-food; https://www.fao.org/fileadmin/templates/food_composition/documents/pdf/VTN_FCT_2007.pdf,https://vietnam.travel/things-to-do/vietnam-foodie-guide-region,trung_binh,thap,"Giả định hành lá, không phải hành củ. Lượng hành trong một suất; nếu chỉ rắc mặt có thể giảm còn 5–10 g theo thứ tự thành phần.",2026-08-02
HN027,Bánh tẻ,Bánh vùng đồng bằng Bắc Bộ,5,lá dong,Lá dong dùng gói,"Dong leaf, wrapper",vật liệu gói,không ăn trực tiếp,vat_lieu_khong_an,không,thành phần được liệt kê,,không,0,0,0,446.7,0,ước tính biên tập; không phải công thức định lượng của từng quán,toàn bộ thành phần đặc trưng đã ghi trong CSV gốc; không phải công thức đầy đủ của mọi quán,Viện Dinh dưỡng Việt Nam / FAO (proxy),không gắn mã riêng; đối chiếu theo thực phẩm tương đương,NIN/FAO Energy kcal (trên 100 g phần ăn được),"Dong leaf, wrapper",https://viendinhduong.vn/en/cong-cu-va-tien-ich/nutritional-value-of-food; https://www.fao.org/fileadmin/templates/food_composition/documents/pdf/VTN_FCT_2007.pdf,https://vietnam.travel/things-to-do/vietnam-foodie-guide-region,cao,thap,"Đặt 0 vì là vật liệu gói. Khối lượng ăn được bằng 0; xương chỉ dùng nấu nước, lá và ống tre chỉ dùng gói/chứa. Năng lượng chiết xuất vào nước dùng không thể suy ra từ danh sách này. Không ăn trực tiếp; không cộng vào tổng kcal mặc định.",2026-08-02
HN028,Cháo sườn,Cháo Hà Nội,1,bột gạo,Bột gạo tẻ,Rice flour,bột/ngũ cốc,khô,tinh_bot_chinh_kho,có,thành phần được liệt kê,,có,65,366,237.9,795.6,29.9,ước tính biên tập; không phải công thức định lượng của từng quán,toàn bộ thành phần đặc trưng đã ghi trong CSV gốc; không phải công thức đầy đủ của mọi quán,Viện Dinh dưỡng Việt Nam / FAO (proxy),không gắn mã riêng; đối chiếu theo thực phẩm tương đương,NIN/FAO Energy kcal (trên 100 g phần ăn được),Rice flour,https://viendinhduong.vn/en/cong-cu-va-tien-ich/nutritional-value-of-food; https://www.fao.org/fileadmin/templates/food_composition/documents/pdf/VTN_FCT_2007.pdf,https://www.vietnam.travel/things-to-do/10-must-try-hanoi-dishes/,cao,thap,Bột gạo trắng khô. Lượng bột khô trong vỏ/bánh cho một suất; calo tra theo bột khô.,2026-08-02
HN028,Cháo sườn,Cháo Hà Nội,2,sườn,"Sườn lợn chín, phần thịt","Pork ribs, cooked, meat only",thịt,"chín, phần ăn được",dam_chinh_co_xuong,có,thành phần được liệt kê,,có,100,291,291,795.6,36.6,ước tính biên tập; không phải công thức định lượng của từng quán,toàn bộ thành phần đặc trưng đã ghi trong CSV gốc; không phải công thức đầy đủ của mọi quán,Viện Dinh dưỡng Việt Nam / FAO (proxy),không gắn mã riêng; đối chiếu theo thực phẩm tương đương,NIN/FAO Energy kcal (trên 100 g phần ăn được),"Pork ribs, cooked, meat only",https://viendinhduong.vn/en/cong-cu-va-tien-ich/nutritional-value-of-food; https://www.fao.org/fileadmin/templates/food_composition/documents/pdf/VTN_FCT_2007.pdf,https://www.vietnam.travel/things-to-do/10-must-try-hanoi-dishes/,trung_binh,thap,Không tính trọng lượng xương. Khối lượng phần thịt/da ăn được sau khi bỏ xương.,2026-08-02
HN028,Cháo sườn,Cháo Hà Nội,3,ruốc,Ruốc thịt lợn,Pork floss,thịt chế biến,sấy/rang khô,dam_topping,có,thành phần được liệt kê,,có,30,400,120,795.6,15.1,ước tính biên tập; không phải công thức định lượng của từng quán,toàn bộ thành phần đặc trưng đã ghi trong CSV gốc; không phải công thức đầy đủ của mọi quán,Viện Dinh dưỡng Việt Nam / FAO (proxy),không gắn mã riêng; đối chiếu theo thực phẩm tương đương,NIN/FAO Energy kcal (trên 100 g phần ăn được),Pork floss,https://viendinhduong.vn/en/cong-cu-va-tien-ich/nutritional-value-of-food; https://www.fao.org/fileadmin/templates/food_composition/documents/pdf/VTN_FCT_2007.pdf,https://www.vietnam.travel/things-to-do/10-must-try-hanoi-dishes/,thap,thap,"Biến thiên theo đường, dầu và độ khô. Topping đạm mặn/khô trong một suất.",2026-08-02
HN028,Cháo sườn,Cháo Hà Nội,4,quẩy,Quẩy chiên,Chinese fried dough stick,bánh chiên,chiên chín,tinh_bot_chien_an_kem,có,thành phần được liệt kê,,có,35,412,144.2,795.6,18.1,ước tính biên tập; không phải công thức định lượng của từng quán,toàn bộ thành phần đặc trưng đã ghi trong CSV gốc; không phải công thức đầy đủ của mọi quán,Viện Dinh dưỡng Việt Nam / FAO (proxy),không gắn mã riêng; đối chiếu theo thực phẩm tương đương,NIN/FAO Energy kcal (trên 100 g phần ăn được),Chinese fried dough stick,https://viendinhduong.vn/en/cong-cu-va-tien-ich/nutritional-value-of-food; https://www.fao.org/fileadmin/templates/food_composition/documents/pdf/VTN_FCT_2007.pdf,https://www.vietnam.travel/things-to-do/10-must-try-hanoi-dishes/,trung_binh,thap,Biến thiên theo dầu hấp thụ. Khoảng một chiếc quẩy cỡ vừa ăn kèm.,2026-08-02
HN028,Cháo sườn,Cháo Hà Nội,5,tiêu,Hạt tiêu đen xay,"Black pepper, ground",gia vị,"khô, xay",gia_vi_kho_manh,có,thành phần được liệt kê,,có,1,251,2.5,795.6,0.3,ước tính biên tập; không phải công thức định lượng của từng quán,toàn bộ thành phần đặc trưng đã ghi trong CSV gốc; không phải công thức đầy đủ của mọi quán,USDA SR28 / FoodData Central (proxy),không gắn mã riêng; đối chiếu theo thực phẩm tương đương,USDA SR28 Energ_Kcal (trên 100 g phần ăn được),"Black pepper, ground",https://catalog.data.gov/dataset/composition-of-foods-raw-processed-prepared-usda-national-nutrient-database-for-standar-28,https://www.vietnam.travel/things-to-do/10-must-try-hanoi-dishes/,cao,thap,Lượng dùng mỗi suất rất nhỏ. Lượng gia vị khô quy đổi; nhiều loại chỉ chiết hương và không ăn phần xác.,2026-08-02
HN029,Cháo trai,Cháo miền Bắc,1,gạo,Gạo trắng,"White rice, dry",ngũ cốc,"khô, chưa nấu",tinh_bot_chinh_kho,có,thành phần được liệt kê,,có,75,360,270,628.5,43,ước tính biên tập; không phải công thức định lượng của từng quán,toàn bộ thành phần đặc trưng đã ghi trong CSV gốc; không phải công thức đầy đủ của mọi quán,Viện Dinh dưỡng Việt Nam / FAO (proxy),không gắn mã riêng; đối chiếu theo thực phẩm tương đương,NIN/FAO Energy kcal (trên 100 g phần ăn được),"White rice, dry",https://viendinhduong.vn/en/cong-cu-va-tien-ich/nutritional-value-of-food; https://www.fao.org/fileadmin/templates/food_composition/documents/pdf/VTN_FCT_2007.pdf,https://vietnam.travel/things-to-do/vietnam-foodie-guide-region,cao,thap,Gạo tẻ khô; khác cơm đã nấu. Gạo khô cho một phần; không dùng trị năng lượng cơm chín cho khối lượng này.,2026-08-02
HN029,Cháo trai,Cháo miền Bắc,2,trai,Thịt trai chín,"Mussels, cooked",hải sản,"chín, phần ăn được",dam_chinh_nhuyen_the,có,thành phần được liệt kê,,có,90,172,154.8,628.5,24.6,ước tính biên tập; không phải công thức định lượng của từng quán,toàn bộ thành phần đặc trưng đã ghi trong CSV gốc; không phải công thức đầy đủ của mọi quán,USDA SR28 / FoodData Central (proxy),không gắn mã riêng; đối chiếu theo thực phẩm tương đương,USDA SR28 Energ_Kcal (trên 100 g phần ăn được),"Mussels, cooked",https://catalog.data.gov/dataset/composition-of-foods-raw-processed-prepared-usda-national-nutrient-database-for-standar-28,https://vietnam.travel/things-to-do/vietnam-foodie-guide-region,trung_binh,thap,"Proxy từ nhuyễn thể hai mảnh vỏ; không tính vỏ. Khối lượng ruột/thịt ăn được, không tính vỏ.",2026-08-02
HN029,Cháo trai,Cháo miền Bắc,3,rau răm,Rau răm,Vietnamese coriander,rau thơm,"tươi, sống",rau_thom,có,thành phần được liệt kê,,có,15,30,4.5,628.5,0.7,ước tính biên tập; không phải công thức định lượng của từng quán,toàn bộ thành phần đặc trưng đã ghi trong CSV gốc; không phải công thức đầy đủ của mọi quán,Viện Dinh dưỡng Việt Nam / FAO (proxy),không gắn mã riêng; đối chiếu theo thực phẩm tương đương,NIN/FAO Energy kcal (trên 100 g phần ăn được),Vietnamese coriander,https://viendinhduong.vn/en/cong-cu-va-tien-ich/nutritional-value-of-food; https://www.fao.org/fileadmin/templates/food_composition/documents/pdf/VTN_FCT_2007.pdf,https://vietnam.travel/things-to-do/vietnam-foodie-guide-region,trung_binh,thap,Ước tính theo rau thơm tươi. Một nhúm rau thơm/lá gia vị ăn được trong một suất.,2026-08-02
HN029,Cháo trai,Cháo miền Bắc,4,hành phi,Hành phi,Fried shallots,gia vị chiên,chiên giòn,topping_thom_beo,có,thành phần được liệt kê,,có,10,550,55,628.5,8.8,ước tính biên tập; không phải công thức định lượng của từng quán,toàn bộ thành phần đặc trưng đã ghi trong CSV gốc; không phải công thức đầy đủ của mọi quán,Viện Dinh dưỡng Việt Nam / FAO (proxy),không gắn mã riêng; đối chiếu theo thực phẩm tương đương,NIN/FAO Energy kcal (trên 100 g phần ăn được),Fried shallots,https://viendinhduong.vn/en/cong-cu-va-tien-ich/nutritional-value-of-food; https://www.fao.org/fileadmin/templates/food_composition/documents/pdf/VTN_FCT_2007.pdf,https://vietnam.travel/things-to-do/vietnam-foodie-guide-region,thap,thap,Phụ thuộc lượng dầu hấp thụ. Một thìa hành phi rắc mặt.,2026-08-02
HN029,Cháo trai,Cháo miền Bắc,5,quẩy,Quẩy chiên,Chinese fried dough stick,bánh chiên,chiên chín,tinh_bot_chien_an_kem,có,thành phần được liệt kê,,có,35,412,144.2,628.5,22.9,ước tính biên tập; không phải công thức định lượng của từng quán,toàn bộ thành phần đặc trưng đã ghi trong CSV gốc; không phải công thức đầy đủ của mọi quán,Viện Dinh dưỡng Việt Nam / FAO (proxy),không gắn mã riêng; đối chiếu theo thực phẩm tương đương,NIN/FAO Energy kcal (trên 100 g phần ăn được),Chinese fried dough stick,https://viendinhduong.vn/en/cong-cu-va-tien-ich/nutritional-value-of-food; https://www.fao.org/fileadmin/templates/food_composition/documents/pdf/VTN_FCT_2007.pdf,https://vietnam.travel/things-to-do/vietnam-foodie-guide-region,trung_binh,thap,Biến thiên theo dầu hấp thụ. Khoảng một chiếc quẩy cỡ vừa ăn kèm.,2026-08-02
HN030,Cháo lòng,Cháo và nội tạng,1,gạo,Gạo trắng,"White rice, dry",ngũ cốc,"khô, chưa nấu",tinh_bot_chinh_kho,có,thành phần được liệt kê,,có,75,360,270,444.7,60.7,ước tính biên tập; không phải công thức định lượng của từng quán,toàn bộ thành phần đặc trưng đã ghi trong CSV gốc; không phải công thức đầy đủ của mọi quán,Viện Dinh dưỡng Việt Nam / FAO (proxy),không gắn mã riêng; đối chiếu theo thực phẩm tương đương,NIN/FAO Energy kcal (trên 100 g phần ăn được),"White rice, dry",https://viendinhduong.vn/en/cong-cu-va-tien-ich/nutritional-value-of-food; https://www.fao.org/fileadmin/templates/food_composition/documents/pdf/VTN_FCT_2007.pdf,https://vietnam.travel/things-to-do/vietnam-foodie-guide-region,cao,thap,Gạo tẻ khô; khác cơm đã nấu. Gạo khô cho một phần; không dùng trị năng lượng cơm chín cho khối lượng này.,2026-08-02
HN030,Cháo lòng,Cháo và nội tạng,2,lòng lợn,Lòng lợn chín,"Pork intestines, cooked",nội tạng,chín,dam_noi_tang_bi,có,thành phần được liệt kê,,có,60,198,118.8,444.7,26.7,ước tính biên tập; không phải công thức định lượng của từng quán,toàn bộ thành phần đặc trưng đã ghi trong CSV gốc; không phải công thức đầy đủ của mọi quán,USDA SR28 / FoodData Central (proxy),không gắn mã riêng; đối chiếu theo thực phẩm tương đương,USDA SR28 Energ_Kcal (trên 100 g phần ăn được),"Pork intestines, cooked",https://catalog.data.gov/dataset/composition-of-foods-raw-processed-prepared-usda-national-nutrient-database-for-standar-28,https://vietnam.travel/things-to-do/vietnam-foodie-guide-region,trung_binh,thap,Giá trị đại diện ruột lợn chín. Khối lượng nội tạng/bì chín trong một phần.,2026-08-02
HN030,Cháo lòng,Cháo và nội tạng,3,tiết,Tiết lợn chín,"Pork blood, cooked",nội tạng,chín đông,dam_noi_tang_bi,có,thành phần được liệt kê,,có,60,75,45,444.7,10.1,ước tính biên tập; không phải công thức định lượng của từng quán,toàn bộ thành phần đặc trưng đã ghi trong CSV gốc; không phải công thức đầy đủ của mọi quán,Viện Dinh dưỡng Việt Nam / FAO (proxy),không gắn mã riêng; đối chiếu theo thực phẩm tương đương,NIN/FAO Energy kcal (trên 100 g phần ăn được),"Pork blood, cooked",https://viendinhduong.vn/en/cong-cu-va-tien-ich/nutritional-value-of-food; https://www.fao.org/fileadmin/templates/food_composition/documents/pdf/VTN_FCT_2007.pdf,https://vietnam.travel/things-to-do/vietnam-foodie-guide-region,trung_binh,thap,Tiết luộc/đông chín. Khối lượng nội tạng/bì chín trong một phần.,2026-08-02
HN030,Cháo lòng,Cháo và nội tạng,4,hành,Hành lá,"Spring onion, raw",rau thơm,tươi,rau_thom_tao_nen,có,thành phần được liệt kê,,có,20,32,6.4,444.7,1.4,ước tính biên tập; không phải công thức định lượng của từng quán,toàn bộ thành phần đặc trưng đã ghi trong CSV gốc; không phải công thức đầy đủ của mọi quán,Viện Dinh dưỡng Việt Nam / FAO (proxy),không gắn mã riêng; đối chiếu theo thực phẩm tương đương,NIN/FAO Energy kcal (trên 100 g phần ăn được),"Spring onion, raw",https://viendinhduong.vn/en/cong-cu-va-tien-ich/nutritional-value-of-food; https://www.fao.org/fileadmin/templates/food_composition/documents/pdf/VTN_FCT_2007.pdf,https://vietnam.travel/things-to-do/vietnam-foodie-guide-region,trung_binh,thap,"Giả định hành lá, không phải hành củ. Lượng hành trong một suất; nếu chỉ rắc mặt có thể giảm còn 5–10 g theo thứ tự thành phần.",2026-08-02
HN030,Cháo lòng,Cháo và nội tạng,5,rau răm,Rau răm,Vietnamese coriander,rau thơm,"tươi, sống",rau_thom,có,thành phần được liệt kê,,có,15,30,4.5,444.7,1,ước tính biên tập; không phải công thức định lượng của từng quán,toàn bộ thành phần đặc trưng đã ghi trong CSV gốc; không phải công thức đầy đủ của mọi quán,Viện Dinh dưỡng Việt Nam / FAO (proxy),không gắn mã riêng; đối chiếu theo thực phẩm tương đương,NIN/FAO Energy kcal (trên 100 g phần ăn được),Vietnamese coriander,https://viendinhduong.vn/en/cong-cu-va-tien-ich/nutritional-value-of-food; https://www.fao.org/fileadmin/templates/food_composition/documents/pdf/VTN_FCT_2007.pdf,https://vietnam.travel/things-to-do/vietnam-foodie-guide-region,trung_binh,thap,Ước tính theo rau thơm tươi. Một nhúm rau thơm/lá gia vị ăn được trong một suất.,2026-08-02
HN031,Chè thập cẩm,Chè,1,đậu đỏ/đậu xanh,đậu đỏ,"Red beans or mung beans, dry",đậu,khô,dam_thuc_vat_da_chin,có,lựa chọn mặc định,HN031-01,có,100,340,340,619.3,54.9,ước tính biên tập; không phải công thức định lượng của từng quán,toàn bộ thành phần đặc trưng đã ghi trong CSV gốc; không phải công thức đầy đủ của mọi quán,Viện Dinh dưỡng Việt Nam / FAO (proxy),không gắn mã riêng; đối chiếu theo thực phẩm tương đương,NIN/FAO Energy kcal (trên 100 g phần ăn được),"Red beans or mung beans, dry",https://viendinhduong.vn/en/cong-cu-va-tien-ich/nutritional-value-of-food; https://www.fao.org/fileadmin/templates/food_composition/documents/pdf/VTN_FCT_2007.pdf,https://vietnam.travel/node/1560,thap,thap,Trung bình hai loại hạt khô; món chín hút nước. Tách từ cụm lựa chọn “đậu đỏ/đậu xanh”; dùng giá trị đại diện gần nhất. Khối lượng đậu/đậu phụ đã nấu trong một phần. Các lựa chọn cùng nhóm không dùng để cộng đồng thời.,2026-08-02
HN031,Chè thập cẩm,Chè,2,đậu đỏ/đậu xanh,Đậu xanh hạt khô,"Mung beans, dry",đậu,khô,dam_thuc_vat_da_chin,có,lựa chọn thay thế,HN031-01,không,100,347,347,619.3,0,ước tính biên tập; không phải công thức định lượng của từng quán,toàn bộ thành phần đặc trưng đã ghi trong CSV gốc; không phải công thức đầy đủ của mọi quán,Viện Dinh dưỡng Việt Nam / FAO (proxy),không gắn mã riêng; đối chiếu theo thực phẩm tương đương,NIN/FAO Energy kcal (trên 100 g phần ăn được),"Mung beans, dry",https://viendinhduong.vn/en/cong-cu-va-tien-ich/nutritional-value-of-food; https://www.fao.org/fileadmin/templates/food_composition/documents/pdf/VTN_FCT_2007.pdf,https://vietnam.travel/node/1560,cao,thap,Hạt khô; khi nấu kcal/100 g giảm do hút nước. Khối lượng đậu/đậu phụ đã nấu trong một phần. Các lựa chọn cùng nhóm không dùng để cộng đồng thời.,2026-08-02
HN031,Chè thập cẩm,Chè,3,thạch,Thạch tráng miệng,Jelly dessert,tráng miệng,"đông gel, có đường",topping_trang_mieng,có,thành phần được liệt kê,,có,40,60,24,619.3,3.9,ước tính biên tập; không phải công thức định lượng của từng quán,toàn bộ thành phần đặc trưng đã ghi trong CSV gốc; không phải công thức đầy đủ của mọi quán,USDA SR28 / FoodData Central (proxy),không gắn mã riêng; đối chiếu theo thực phẩm tương đương,USDA SR28 Energ_Kcal (trên 100 g phần ăn được),Jelly dessert,https://catalog.data.gov/dataset/composition-of-foods-raw-processed-prepared-usda-national-nutrient-database-for-standar-28,https://vietnam.travel/node/1560,thap,thap,Phụ thuộc nồng độ đường và loại chất tạo gel. Khối lượng topping đã nấu/pha trong một phần; gelatin khô dùng đúng 40 g khô và sẽ được bắt bằng quy tắc riêng nếu cần độ chính xác cao.,2026-08-02
HN031,Chè thập cẩm,Chè,4,trân châu,Trân châu bột năng chín,"Tapioca pearls, cooked",tinh bột/tráng miệng,"chín, ngậm nước",topping_trang_mieng,có,thành phần được liệt kê,,có,40,135,54,619.3,8.7,ước tính biên tập; không phải công thức định lượng của từng quán,toàn bộ thành phần đặc trưng đã ghi trong CSV gốc; không phải công thức đầy đủ của mọi quán,USDA SR28 / FoodData Central (proxy),không gắn mã riêng; đối chiếu theo thực phẩm tương đương,USDA SR28 Energ_Kcal (trên 100 g phần ăn được),"Tapioca pearls, cooked",https://catalog.data.gov/dataset/composition-of-foods-raw-processed-prepared-usda-national-nutrient-database-for-standar-28,https://vietnam.travel/node/1560,trung_binh,thap,Không tính thêm si-rô ngâm. Khối lượng topping đã nấu/pha trong một phần; gelatin khô dùng đúng 40 g khô và sẽ được bắt bằng quy tắc riêng nếu cần độ chính xác cao.,2026-08-02
HN031,Chè thập cẩm,Chè,5,dừa,Cùi dừa già,"Coconut meat, mature, raw",trái cây/hạt dầu,tươi,dua_soi_topping,có,thành phần được liệt kê,,có,35,354,123.9,619.3,20,ước tính biên tập; không phải công thức định lượng của từng quán,toàn bộ thành phần đặc trưng đã ghi trong CSV gốc; không phải công thức đầy đủ của mọi quán,USDA SR28 / FoodData Central (proxy),không gắn mã riêng; đối chiếu theo thực phẩm tương đương,USDA SR28 Energ_Kcal (trên 100 g phần ăn được),"Coconut meat, mature, raw",https://catalog.data.gov/dataset/composition-of-foods-raw-processed-prepared-usda-national-nutrient-database-for-standar-28,https://vietnam.travel/node/1560,cao,thap,Phần cùi ăn được. Cơm dừa nạo/sợi trong một phần chè/bánh.,2026-08-02
HN031,Chè thập cẩm,Chè,6,đường,Đường trắng,Granulated sugar,đường/chất tạo ngọt,khô,chat_tao_ngot,có,thành phần được liệt kê,,có,20,387,77.4,619.3,12.5,ước tính biên tập; không phải công thức định lượng của từng quán,toàn bộ thành phần đặc trưng đã ghi trong CSV gốc; không phải công thức đầy đủ của mọi quán,USDA SR28 / FoodData Central (proxy),USDA SR28 NDB_No 19909,USDA SR28 Energ_Kcal (trên 100 g phần ăn được),"SWEETENERS,SUGAR SUB,GRANULATED,BROWN",https://catalog.data.gov/dataset/composition-of-foods-raw-processed-prepared-usda-national-nutrient-database-for-standar-28,https://vietnam.travel/node/1560,cao,thap,Sucrose dạng hạt. Lượng chất tạo ngọt thực tế trong một phần; dấu gạch chéo là lựa chọn. Khớp gần với bản ghi USDA SR28; điểm khớp 100%.,2026-08-02
HN032,Chè sen long nhãn,Chè Hà Nội,1,hạt sen,Hạt sen khô,"Lotus seeds, dried",hạt,khô,hat_chinh_da_chin,có,thành phần được liệt kê,,có,80,332,265.6,571.8,46.4,ước tính biên tập; không phải công thức định lượng của từng quán,toàn bộ thành phần đặc trưng đã ghi trong CSV gốc; không phải công thức đầy đủ của mọi quán,Viện Dinh dưỡng Việt Nam / FAO (proxy),không gắn mã riêng; đối chiếu theo thực phẩm tương đương,NIN/FAO Energy kcal (trên 100 g phần ăn được),"Lotus seeds, dried",https://viendinhduong.vn/en/cong-cu-va-tien-ich/nutritional-value-of-food; https://www.fao.org/fileadmin/templates/food_composition/documents/pdf/VTN_FCT_2007.pdf,https://www.vietnam.travel/things-to-do/10-must-try-hanoi-dishes/,trung_binh,thap,Hạt khô; hạt tươi/chín có kcal/100 g thấp hơn. Hạt sen đã nấu trong một bát chè.,2026-08-02
HN032,Chè sen long nhãn,Chè Hà Nội,2,long nhãn,Long nhãn khô,Dried longan,trái cây khô,sấy khô,trai_cay,có,thành phần được liệt kê,,có,80,286,228.8,571.8,40,ước tính biên tập; không phải công thức định lượng của từng quán,toàn bộ thành phần đặc trưng đã ghi trong CSV gốc; không phải công thức đầy đủ của mọi quán,Viện Dinh dưỡng Việt Nam / FAO (proxy),không gắn mã riêng; đối chiếu theo thực phẩm tương đương,NIN/FAO Energy kcal (trên 100 g phần ăn được),Dried longan,https://viendinhduong.vn/en/cong-cu-va-tien-ich/nutritional-value-of-food; https://www.fao.org/fileadmin/templates/food_composition/documents/pdf/VTN_FCT_2007.pdf,https://www.vietnam.travel/things-to-do/10-must-try-hanoi-dishes/,trung_binh,thap,Phần thịt quả khô. Phần trái cây ăn được; chuỗi có dấu gạch chéo là biến thể/lựa chọn.,2026-08-02
HN032,Chè sen long nhãn,Chè Hà Nội,3,đường phèn,Đường phèn,Rock sugar,đường/chất tạo ngọt,khô,chat_tao_ngot,có,thành phần được liệt kê,,có,20,387,77.4,571.8,13.5,ước tính biên tập; không phải công thức định lượng của từng quán,toàn bộ thành phần đặc trưng đã ghi trong CSV gốc; không phải công thức đầy đủ của mọi quán,USDA SR28 / FoodData Central (proxy),không gắn mã riêng; đối chiếu theo thực phẩm tương đương,USDA SR28 Energ_Kcal (trên 100 g phần ăn được),Rock sugar,https://catalog.data.gov/dataset/composition-of-foods-raw-processed-prepared-usda-national-nutrient-database-for-standar-28,https://www.vietnam.travel/things-to-do/10-must-try-hanoi-dishes/,cao,thap,Dùng giá trị sucrose tinh luyện. Lượng chất tạo ngọt thực tế trong một phần; dấu gạch chéo là lựa chọn.,2026-08-02
HN033,Chè khúc bạch,Chè hiện đại,1,sữa/kem,Sữa bò nguyên kem,Whole milk,sữa,dạng lỏng,sua_nen,có,lựa chọn mặc định,HN033-01,có,120,61,73.2,302.3,24.2,ước tính biên tập; không phải công thức định lượng của từng quán,toàn bộ thành phần đặc trưng đã ghi trong CSV gốc; không phải công thức đầy đủ của mọi quán,USDA SR28 / FoodData Central (proxy),USDA SR28 NDB_No 19189,USDA SR28 Energ_Kcal (trên 100 g phần ăn được),"PUDDINGS,CHOC,DRY MIX,INST,PREP W/ WHOLE MILK",https://catalog.data.gov/dataset/composition-of-foods-raw-processed-prepared-usda-national-nutrient-database-for-standar-28,https://vietnam.travel/node/1560,cao,thap,Giả định sữa bò nguyên kem. Lượng sữa hoặc nền sữa-kem trong một phần đồ uống/tráng miệng. Khớp gần với bản ghi USDA SR28; điểm khớp 100%. Các lựa chọn cùng nhóm không dùng để cộng đồng thời.,2026-08-02
HN033,Chè khúc bạch,Chè hiện đại,2,sữa/kem,Kem sữa,Ice cream or dairy cream,sữa/tráng miệng,đông lạnh,sua_nen,có,lựa chọn thay thế,HN033-01,không,120,207,248.4,302.3,0,ước tính biên tập; không phải công thức định lượng của từng quán,toàn bộ thành phần đặc trưng đã ghi trong CSV gốc; không phải công thức đầy đủ của mọi quán,USDA SR28 / FoodData Central (proxy),không gắn mã riêng; đối chiếu theo thực phẩm tương đương,USDA SR28 Energ_Kcal (trên 100 g phần ăn được),Ice cream or dairy cream,https://catalog.data.gov/dataset/composition-of-foods-raw-processed-prepared-usda-national-nutrient-database-for-standar-28,https://vietnam.travel/node/1560,trung_binh,thap,Giả định kem vani thông dụng. Lượng sữa hoặc nền sữa-kem trong một phần đồ uống/tráng miệng. Các lựa chọn cùng nhóm không dùng để cộng đồng thời.,2026-08-02
HN033,Chè khúc bạch,Chè hiện đại,3,gelatin,Gelatin khô,"Gelatin, dry powder",chất tạo gel,khô,chat_tao_dong,có,thành phần được liệt kê,,có,5,335,16.8,302.3,5.6,ước tính biên tập; không phải công thức định lượng của từng quán,toàn bộ thành phần đặc trưng đã ghi trong CSV gốc; không phải công thức đầy đủ của mọi quán,USDA SR28 / FoodData Central (proxy),không gắn mã riêng; đối chiếu theo thực phẩm tương đương,USDA SR28 Energ_Kcal (trên 100 g phần ăn được),"Gelatin, dry powder",https://catalog.data.gov/dataset/composition-of-foods-raw-processed-prepared-usda-national-nutrient-database-for-standar-28,https://vietnam.travel/node/1560,cao,thap,Gelatin chưa pha; thạch đã pha có kcal thấp hơn. Lượng gelatin khô cho một phần.,2026-08-02
HN033,Chè khúc bạch,Chè hiện đại,4,nhãn,Nhãn tươi,"Longan, raw",trái cây,tươi,trai_cay,có,thành phần được liệt kê,,có,80,60,48,302.3,15.9,ước tính biên tập; không phải công thức định lượng của từng quán,toàn bộ thành phần đặc trưng đã ghi trong CSV gốc; không phải công thức đầy đủ của mọi quán,USDA SR28 / FoodData Central (proxy),không gắn mã riêng; đối chiếu theo thực phẩm tương đương,USDA SR28 Energ_Kcal (trên 100 g phần ăn được),"Longan, raw",https://catalog.data.gov/dataset/composition-of-foods-raw-processed-prepared-usda-national-nutrient-database-for-standar-28,https://vietnam.travel/node/1560,cao,thap,Phần thịt quả ăn được. Phần trái cây ăn được; chuỗi có dấu gạch chéo là biến thể/lựa chọn.,2026-08-02
HN033,Chè khúc bạch,Chè hiện đại,5,hạnh nhân,Hạnh nhân,Almonds,hạt,khô/rang,hat_beo_topping,có,thành phần được liệt kê,,có,15,579,86.9,302.3,28.7,ước tính biên tập; không phải công thức định lượng của từng quán,toàn bộ thành phần đặc trưng đã ghi trong CSV gốc; không phải công thức đầy đủ của mọi quán,USDA SR28 / FoodData Central (proxy),USDA SR28 NDB_No 08668,USDA SR28 Energ_Kcal (trên 100 g phần ăn được),"CEREALS RTE,GENERAL MILLS,FIBER ONE,NUTTY CLUSTERS & ALMONDS",https://catalog.data.gov/dataset/composition-of-foods-raw-processed-prepared-usda-national-nutrient-database-for-standar-28,https://vietnam.travel/node/1560,cao,thap,Nhân hạnh nhân không vỏ. Một nhúm hạt/lạc/vừng làm topping. Khớp gần với bản ghi USDA SR28; điểm khớp 100%.,2026-08-02
HN033,Chè khúc bạch,Chè hiện đại,6,đường,Đường trắng,Granulated sugar,đường/chất tạo ngọt,khô,chat_tao_ngot,có,thành phần được liệt kê,,có,20,387,77.4,302.3,25.6,ước tính biên tập; không phải công thức định lượng của từng quán,toàn bộ thành phần đặc trưng đã ghi trong CSV gốc; không phải công thức đầy đủ của mọi quán,USDA SR28 / FoodData Central (proxy),USDA SR28 NDB_No 19909,USDA SR28 Energ_Kcal (trên 100 g phần ăn được),"SWEETENERS,SUGAR SUB,GRANULATED,BROWN",https://catalog.data.gov/dataset/composition-of-foods-raw-processed-prepared-usda-national-nutrient-database-for-standar-28,https://vietnam.travel/node/1560,cao,thap,Sucrose dạng hạt. Lượng chất tạo ngọt thực tế trong một phần; dấu gạch chéo là lựa chọn. Khớp gần với bản ghi USDA SR28; điểm khớp 100%.,2026-08-02
HN034,Bánh trôi tàu,Chè nóng,1,bột nếp,Bột gạo nếp,Glutinous rice flour,bột/ngũ cốc,khô,tinh_bot_chinh_kho,có,thành phần được liệt kê,,có,70,366,256.2,581.3,44.1,ước tính biên tập; không phải công thức định lượng của từng quán,toàn bộ thành phần đặc trưng đã ghi trong CSV gốc; không phải công thức đầy đủ của mọi quán,Viện Dinh dưỡng Việt Nam / FAO (proxy),không gắn mã riêng; đối chiếu theo thực phẩm tương đương,NIN/FAO Energy kcal (trên 100 g phần ăn được),Glutinous rice flour,https://viendinhduong.vn/en/cong-cu-va-tien-ich/nutritional-value-of-food; https://www.fao.org/fileadmin/templates/food_composition/documents/pdf/VTN_FCT_2007.pdf,https://vietnam.travel/node/1560,cao,thap,Bột nếp khô. Lượng nguyên liệu nếp/cốm cho một phần bánh/quà.,2026-08-02
HN034,Bánh trôi tàu,Chè nóng,2,đậu xanh/vừng đen,Đậu xanh hạt khô,"Mung beans, dry",đậu,khô,nhan_ngot_dam_thuc_vat,có,lựa chọn mặc định,HN034-02,có,45,347,156.2,581.3,26.9,ước tính biên tập; không phải công thức định lượng của từng quán,toàn bộ thành phần đặc trưng đã ghi trong CSV gốc; không phải công thức đầy đủ của mọi quán,Viện Dinh dưỡng Việt Nam / FAO (proxy),không gắn mã riêng; đối chiếu theo thực phẩm tương đương,NIN/FAO Energy kcal (trên 100 g phần ăn được),"Mung beans, dry",https://viendinhduong.vn/en/cong-cu-va-tien-ich/nutritional-value-of-food; https://www.fao.org/fileadmin/templates/food_composition/documents/pdf/VTN_FCT_2007.pdf,https://vietnam.travel/node/1560,cao,thap,"Hạt khô; khi nấu kcal/100 g giảm do hút nước. Lượng nhân/hỗn hợp đậu trong một phần bánh/chè; dấu gạch chéo là biến thể, không phải cộng tất cả. Các lựa chọn cùng nhóm không dùng để cộng đồng thời.",2026-08-02
HN034,Bánh trôi tàu,Chè nóng,3,đậu xanh/vừng đen,vừng đen,Mung beans or black sesame,đậu/hạt,khô,nhan_ngot_dam_thuc_vat,có,lựa chọn thay thế,HN034-02,không,45,460,207,581.3,0,ước tính biên tập; không phải công thức định lượng của từng quán,toàn bộ thành phần đặc trưng đã ghi trong CSV gốc; không phải công thức đầy đủ của mọi quán,Viện Dinh dưỡng Việt Nam / FAO (proxy),không gắn mã riêng; đối chiếu theo thực phẩm tương đương,NIN/FAO Energy kcal (trên 100 g phần ăn được),Mung beans or black sesame,https://viendinhduong.vn/en/cong-cu-va-tien-ich/nutritional-value-of-food; https://www.fao.org/fileadmin/templates/food_composition/documents/pdf/VTN_FCT_2007.pdf,https://vietnam.travel/node/1560,thap,thap,"Trung bình hai lựa chọn có mật độ năng lượng khác nhau. Tách từ cụm lựa chọn “đậu xanh/vừng đen”; dùng giá trị đại diện gần nhất. Lượng nhân/hỗn hợp đậu trong một phần bánh/chè; dấu gạch chéo là biến thể, không phải cộng tất cả. Các lựa chọn cùng nhóm không dùng để cộng đồng thời.",2026-08-02
HN034,Bánh trôi tàu,Chè nóng,4,gừng,Gừng tươi,"Ginger root, raw",gia vị,"tươi, sống",gia_vi_tuoi,có,thành phần được liệt kê,,có,8,80,6.4,581.3,1.1,ước tính biên tập; không phải công thức định lượng của từng quán,toàn bộ thành phần đặc trưng đã ghi trong CSV gốc; không phải công thức đầy đủ của mọi quán,USDA SR28 / FoodData Central (proxy),USDA SR28 NDB_No 11216,USDA SR28 Energ_Kcal (trên 100 g phần ăn được),"GINGER ROOT,RAW",https://catalog.data.gov/dataset/composition-of-foods-raw-processed-prepared-usda-national-nutrient-database-for-standar-28,https://vietnam.travel/node/1560,cao,thap,Gừng củ tươi. Lượng gia vị tươi ước/nấu trong một suất; không nhất thiết ăn hết phần xác. Khớp gần với bản ghi USDA SR28; điểm khớp 100%.,2026-08-02
HN034,Bánh trôi tàu,Chè nóng,5,đường,Đường trắng,Granulated sugar,đường/chất tạo ngọt,khô,chat_tao_ngot,có,thành phần được liệt kê,,có,20,387,77.4,581.3,13.3,ước tính biên tập; không phải công thức định lượng của từng quán,toàn bộ thành phần đặc trưng đã ghi trong CSV gốc; không phải công thức đầy đủ của mọi quán,USDA SR28 / FoodData Central (proxy),USDA SR28 NDB_No 19909,USDA SR28 Energ_Kcal (trên 100 g phần ăn được),"SWEETENERS,SUGAR SUB,GRANULATED,BROWN",https://catalog.data.gov/dataset/composition-of-foods-raw-processed-prepared-usda-national-nutrient-database-for-standar-28,https://vietnam.travel/node/1560,cao,thap,Sucrose dạng hạt. Lượng chất tạo ngọt thực tế trong một phần; dấu gạch chéo là lựa chọn. Khớp gần với bản ghi USDA SR28; điểm khớp 100%.,2026-08-02
HN034,Bánh trôi tàu,Chè nóng,6,lạc,Lạc nhân,Peanuts,hạt/đậu,khô hoặc rang,hat_beo_topping,có,thành phần được liệt kê,,có,15,567,85.1,581.3,14.6,ước tính biên tập; không phải công thức định lượng của từng quán,toàn bộ thành phần đặc trưng đã ghi trong CSV gốc; không phải công thức đầy đủ của mọi quán,Viện Dinh dưỡng Việt Nam / FAO (proxy),không gắn mã riêng; đối chiếu theo thực phẩm tương đương,NIN/FAO Energy kcal (trên 100 g phần ăn được),Peanuts,https://viendinhduong.vn/en/cong-cu-va-tien-ich/nutritional-value-of-food; https://www.fao.org/fileadmin/templates/food_composition/documents/pdf/VTN_FCT_2007.pdf,https://vietnam.travel/node/1560,cao,thap,"Nhân lạc ăn được, không vỏ. Một nhúm hạt/lạc/vừng làm topping.",2026-08-02
HN035,Chè bà cốt,Chè truyền thống,1,gạo nếp,Gạo nếp,"Glutinous rice, dry",ngũ cốc,"khô, chưa nấu",tinh_bot_chinh_kho,có,thành phần được liệt kê,,có,90,370,333,415.4,80.2,ước tính biên tập; không phải công thức định lượng của từng quán,toàn bộ thành phần đặc trưng đã ghi trong CSV gốc; không phải công thức đầy đủ của mọi quán,Viện Dinh dưỡng Việt Nam / FAO (proxy),không gắn mã riêng; đối chiếu theo thực phẩm tương đương,NIN/FAO Energy kcal (trên 100 g phần ăn được),"Glutinous rice, dry",https://viendinhduong.vn/en/cong-cu-va-tien-ich/nutritional-value-of-food; https://www.fao.org/fileadmin/templates/food_composition/documents/pdf/VTN_FCT_2007.pdf,https://www.vietnam.travel/things-to-do/10-must-try-hanoi-dishes/,cao,thap,Gạo nếp khô. Gạo nếp khô cho một suất xôi/cơm lam; cho nở thành khoảng 180–220 g chín.,2026-08-02
HN035,Chè bà cốt,Chè truyền thống,2,mật mía/đường nâu,mật mía,Cane syrup or brown sugar,đường/chất tạo ngọt,dạng đặc/khô,chat_tao_ngot,có,lựa chọn mặc định,HN035-02,có,20,380,76,415.4,18.3,ước tính biên tập; không phải công thức định lượng của từng quán,toàn bộ thành phần đặc trưng đã ghi trong CSV gốc; không phải công thức đầy đủ của mọi quán,USDA SR28 / FoodData Central (proxy),không gắn mã riêng; đối chiếu theo thực phẩm tương đương,USDA SR28 Energ_Kcal (trên 100 g phần ăn được),Cane syrup or brown sugar,https://catalog.data.gov/dataset/composition-of-foods-raw-processed-prepared-usda-national-nutrient-database-for-standar-28,https://www.vietnam.travel/things-to-do/10-must-try-hanoi-dishes/,thap,thap,Giá trị gần đường nâu; mật loãng hơn có thể thấp hơn. Tách từ cụm lựa chọn “mật mía/đường nâu”; dùng giá trị đại diện gần nhất. Lượng chất tạo ngọt thực tế trong một phần; dấu gạch chéo là lựa chọn. Các lựa chọn cùng nhóm không dùng để cộng đồng thời.,2026-08-02
HN035,Chè bà cốt,Chè truyền thống,3,mật mía/đường nâu,đường nâu,Cane syrup or brown sugar,đường/chất tạo ngọt,dạng đặc/khô,chat_tao_ngot,có,lựa chọn thay thế,HN035-02,không,20,380,76,415.4,0,ước tính biên tập; không phải công thức định lượng của từng quán,toàn bộ thành phần đặc trưng đã ghi trong CSV gốc; không phải công thức đầy đủ của mọi quán,USDA SR28 / FoodData Central (proxy),không gắn mã riêng; đối chiếu theo thực phẩm tương đương,USDA SR28 Energ_Kcal (trên 100 g phần ăn được),Cane syrup or brown sugar,https://catalog.data.gov/dataset/composition-of-foods-raw-processed-prepared-usda-national-nutrient-database-for-standar-28,https://www.vietnam.travel/things-to-do/10-must-try-hanoi-dishes/,thap,thap,Giá trị gần đường nâu; mật loãng hơn có thể thấp hơn. Tách từ cụm lựa chọn “mật mía/đường nâu”; dùng giá trị đại diện gần nhất. Lượng chất tạo ngọt thực tế trong một phần; dấu gạch chéo là lựa chọn. Các lựa chọn cùng nhóm không dùng để cộng đồng thời.,2026-08-02
HN035,Chè bà cốt,Chè truyền thống,4,gừng,Gừng tươi,"Ginger root, raw",gia vị,"tươi, sống",gia_vi_tuoi,có,thành phần được liệt kê,,có,8,80,6.4,415.4,1.5,ước tính biên tập; không phải công thức định lượng của từng quán,toàn bộ thành phần đặc trưng đã ghi trong CSV gốc; không phải công thức đầy đủ của mọi quán,USDA SR28 / FoodData Central (proxy),USDA SR28 NDB_No 11216,USDA SR28 Energ_Kcal (trên 100 g phần ăn được),"GINGER ROOT,RAW",https://catalog.data.gov/dataset/composition-of-foods-raw-processed-prepared-usda-national-nutrient-database-for-standar-28,https://www.vietnam.travel/things-to-do/10-must-try-hanoi-dishes/,cao,thap,Gừng củ tươi. Lượng gia vị tươi ước/nấu trong một suất; không nhất thiết ăn hết phần xác. Khớp gần với bản ghi USDA SR28; điểm khớp 100%.,2026-08-02
HN036,Cơm rang dưa bò,Cơm bình dân,1,cơm nguội,Cơm trắng để nguội,"Cooked white rice, cooled",ngũ cốc,"chín, để nguội",tinh_bot_chinh_da_chin,có,thành phần được liệt kê,,có,180,130,234,560.2,41.8,ước tính biên tập; không phải công thức định lượng của từng quán,toàn bộ thành phần đặc trưng đã ghi trong CSV gốc; không phải công thức đầy đủ của mọi quán,Viện Dinh dưỡng Việt Nam / FAO (proxy),không gắn mã riêng; đối chiếu theo thực phẩm tương đương,NIN/FAO Energy kcal (trên 100 g phần ăn được),"Cooked white rice, cooled",https://viendinhduong.vn/en/cong-cu-va-tien-ich/nutritional-value-of-food; https://www.fao.org/fileadmin/templates/food_composition/documents/pdf/VTN_FCT_2007.pdf,https://www.vietnam.travel/things-to-do/10-must-try-hanoi-dishes/,cao,thap,Gần tương đương cơm trắng mới nấu theo khối lượng. Khối lượng cơm chín trong một bát/phần.,2026-08-02
HN036,Cơm rang dưa bò,Cơm bình dân,2,thịt bò,Thịt bò chín,"Beef, cooked",thịt,chín,dam_chinh,có,thành phần được liệt kê,,có,90,250,225,560.2,40.2,ước tính biên tập; không phải công thức định lượng của từng quán,toàn bộ thành phần đặc trưng đã ghi trong CSV gốc; không phải công thức đầy đủ của mọi quán,Viện Dinh dưỡng Việt Nam / FAO (proxy),không gắn mã riêng; đối chiếu theo thực phẩm tương đương,NIN/FAO Energy kcal (trên 100 g phần ăn được),"Beef, cooked",https://viendinhduong.vn/en/cong-cu-va-tien-ich/nutritional-value-of-food; https://www.fao.org/fileadmin/templates/food_composition/documents/pdf/VTN_FCT_2007.pdf,https://www.vietnam.travel/things-to-do/10-must-try-hanoi-dishes/,trung_binh,thap,Giá trị đại diện phần cắt nạc-mỡ vừa. Khối lượng thịt bò chín/nhúng trong một suất.,2026-08-02
HN036,Cơm rang dưa bò,Cơm bình dân,3,dưa cải,Dưa cải muối,Pickled mustard greens,rau muối chua,lên men/ngâm muối,rau_muoi_chua,có,thành phần được liệt kê,,có,50,19,9.5,560.2,1.7,ước tính biên tập; không phải công thức định lượng của từng quán,toàn bộ thành phần đặc trưng đã ghi trong CSV gốc; không phải công thức đầy đủ của mọi quán,Viện Dinh dưỡng Việt Nam / FAO (proxy),không gắn mã riêng; đối chiếu theo thực phẩm tương đương,NIN/FAO Energy kcal (trên 100 g phần ăn được),Pickled mustard greens,https://viendinhduong.vn/en/cong-cu-va-tien-ich/nutritional-value-of-food; https://www.fao.org/fileadmin/templates/food_composition/documents/pdf/VTN_FCT_2007.pdf,https://www.vietnam.travel/things-to-do/10-must-try-hanoi-dishes/,trung_binh,thap,Không tính nước ngâm nhiều đường. Khẩu phần rau muối/chua dùng kèm hoặc nấu trong một suất.,2026-08-02
HN036,Cơm rang dưa bò,Cơm bình dân,4,trứng,Trứng gà nguyên quả,"Chicken egg, whole, cooked",trứng,chín,dam_phu,có,thành phần được liệt kê,,có,55,155,85.3,560.2,15.2,ước tính biên tập; không phải công thức định lượng của từng quán,toàn bộ thành phần đặc trưng đã ghi trong CSV gốc; không phải công thức đầy đủ của mọi quán,USDA SR28 / FoodData Central (proxy),không gắn mã riêng; đối chiếu theo thực phẩm tương đương,USDA SR28 Energ_Kcal (trên 100 g phần ăn được),"Chicken egg, whole, cooked",https://catalog.data.gov/dataset/composition-of-foods-raw-processed-prepared-usda-national-nutrient-database-for-standar-28,https://www.vietnam.travel/things-to-do/10-must-try-hanoi-dishes/,cao,thap,"Trứng gà nguyên quả đại diện. Quy đổi một quả trứng gà cỡ vừa, bỏ vỏ.",2026-08-02
HN036,Cơm rang dưa bò,Cơm bình dân,5,hành,Hành lá,"Spring onion, raw",rau thơm,tươi,rau_thom_tao_nen,có,thành phần được liệt kê,,có,20,32,6.4,560.2,1.1,ước tính biên tập; không phải công thức định lượng của từng quán,toàn bộ thành phần đặc trưng đã ghi trong CSV gốc; không phải công thức đầy đủ của mọi quán,Viện Dinh dưỡng Việt Nam / FAO (proxy),không gắn mã riêng; đối chiếu theo thực phẩm tương đương,NIN/FAO Energy kcal (trên 100 g phần ăn được),"Spring onion, raw",https://viendinhduong.vn/en/cong-cu-va-tien-ich/nutritional-value-of-food; https://www.fao.org/fileadmin/templates/food_composition/documents/pdf/VTN_FCT_2007.pdf,https://www.vietnam.travel/things-to-do/10-must-try-hanoi-dishes/,trung_binh,thap,"Giả định hành lá, không phải hành củ. Lượng hành trong một suất; nếu chỉ rắc mặt có thể giảm còn 5–10 g theo thứ tự thành phần.",2026-08-02
HN037,Cơm rang thập cẩm,Cơm bình dân,1,cơm,Cơm trắng,"White rice, cooked",ngũ cốc,"chín, ngậm nước",tinh_bot_chinh_da_chin,có,thành phần được liệt kê,,có,180,130,234,503.8,46.4,ước tính biên tập; không phải công thức định lượng của từng quán,toàn bộ thành phần đặc trưng đã ghi trong CSV gốc; không phải công thức đầy đủ của mọi quán,Viện Dinh dưỡng Việt Nam / FAO (proxy),không gắn mã riêng; đối chiếu theo thực phẩm tương đương,NIN/FAO Energy kcal (trên 100 g phần ăn được),"White rice, cooked",https://viendinhduong.vn/en/cong-cu-va-tien-ich/nutritional-value-of-food; https://www.fao.org/fileadmin/templates/food_composition/documents/pdf/VTN_FCT_2007.pdf,https://vietnamtourism.vn/en/index.php/services/restaurants/search/19,cao,thap,Cơm trắng nấu bằng nước. Khối lượng cơm chín trong một bát/phần.,2026-08-02
HN037,Cơm rang thập cẩm,Cơm bình dân,2,trứng,Trứng gà nguyên quả,"Chicken egg, whole, cooked",trứng,chín,dam_phu,có,thành phần được liệt kê,,có,51.8,155,80.3,503.8,15.9,ước tính biên tập; không phải công thức định lượng của từng quán,toàn bộ thành phần đặc trưng đã ghi trong CSV gốc; không phải công thức đầy đủ của mọi quán,USDA SR28 / FoodData Central (proxy),không gắn mã riêng; đối chiếu theo thực phẩm tương đương,USDA SR28 Energ_Kcal (trên 100 g phần ăn được),"Chicken egg, whole, cooked",https://catalog.data.gov/dataset/composition-of-foods-raw-processed-prepared-usda-national-nutrient-database-for-standar-28,https://vietnamtourism.vn/en/index.php/services/restaurants/search/19,cao,thap,"Trứng gà nguyên quả đại diện. Quy đổi một quả trứng gà cỡ vừa, bỏ vỏ. Khối lượng đạm được phân bổ lại theo ngân sách 160 g cho món có nhiều thành phần đạm.",2026-08-02
HN037,Cơm rang thập cẩm,Cơm bình dân,3,cà rốt,Cà rốt,"Carrot, raw",rau củ,tươi,rau_cu,có,thành phần được liệt kê,,có,60,41,24.6,503.8,4.9,ước tính biên tập; không phải công thức định lượng của từng quán,toàn bộ thành phần đặc trưng đã ghi trong CSV gốc; không phải công thức đầy đủ của mọi quán,USDA SR28 / FoodData Central (proxy),không gắn mã riêng; đối chiếu theo thực phẩm tương đương,USDA SR28 Energ_Kcal (trên 100 g phần ăn được),"Carrot, raw",https://catalog.data.gov/dataset/composition-of-foods-raw-processed-prepared-usda-national-nutrient-database-for-standar-28,https://vietnamtourism.vn/en/index.php/services/restaurants/search/19,cao,thap,Phần củ ăn được. Khối lượng rau/củ chín hoặc sơ chế trong một suất.,2026-08-02
HN037,Cơm rang thập cẩm,Cơm bình dân,4,đậu Hà Lan,Đậu Hà Lan xanh,Green peas,đậu/rau củ,tươi hoặc đông lạnh,dam_thuc_vat_rau_hat,có,thành phần được liệt kê,,có,56.5,81,45.8,503.8,9.1,ước tính biên tập; không phải công thức định lượng của từng quán,toàn bộ thành phần đặc trưng đã ghi trong CSV gốc; không phải công thức đầy đủ của mọi quán,USDA SR28 / FoodData Central (proxy),USDA SR28 NDB_No 11304,USDA SR28 Energ_Kcal (trên 100 g phần ăn được),"PEAS,GREEN,RAW",https://catalog.data.gov/dataset/composition-of-foods-raw-processed-prepared-usda-national-nutrient-database-for-standar-28,https://vietnamtourism.vn/en/index.php/services/restaurants/search/19,cao,thap,"Hạt xanh chưa thêm sốt. Khối lượng đậu dùng trong một suất, theo trạng thái đã nấu/luộc. Khớp gần với bản ghi USDA SR28; điểm khớp 100%. Khối lượng đạm được phân bổ lại theo ngân sách 160 g cho món có nhiều thành phần đạm.",2026-08-02
HN037,Cơm rang thập cẩm,Cơm bình dân,5,giò/tôm,Giò lụa,Vietnamese pork sausage,thịt chế biến,chín,dam_che_bien_hon_hop,có,lựa chọn mặc định,HN037-05,có,51.8,230,119.1,503.8,23.6,ước tính biên tập; không phải công thức định lượng của từng quán,toàn bộ thành phần đặc trưng đã ghi trong CSV gốc; không phải công thức đầy đủ của mọi quán,Viện Dinh dưỡng Việt Nam / FAO (proxy),không gắn mã riêng; đối chiếu theo thực phẩm tương đương,NIN/FAO Energy kcal (trên 100 g phần ăn được),Vietnamese pork sausage,https://viendinhduong.vn/en/cong-cu-va-tien-ich/nutritional-value-of-food; https://www.fao.org/fileadmin/templates/food_composition/documents/pdf/VTN_FCT_2007.pdf,https://vietnamtourism.vn/en/index.php/services/restaurants/search/19,trung_binh,thap,Giả định giò lụa lợn. Hỗn hợp chả/giò hoặc tôm tính như một topping đạm. Các lựa chọn cùng nhóm không dùng để cộng đồng thời. Khối lượng đạm được phân bổ lại theo ngân sách 160 g cho món có nhiều thành phần đạm.,2026-08-02
HN037,Cơm rang thập cẩm,Cơm bình dân,6,giò/tôm,Tôm chín,"Shrimp, cooked",hải sản,"chín, phần ăn được",dam_che_bien_hon_hop,có,lựa chọn thay thế,HN037-05,không,51.8,99,51.3,503.8,0,ước tính biên tập; không phải công thức định lượng của từng quán,toàn bộ thành phần đặc trưng đã ghi trong CSV gốc; không phải công thức đầy đủ của mọi quán,USDA SR28 / FoodData Central (proxy),không gắn mã riêng; đối chiếu theo thực phẩm tương đương,USDA SR28 Energ_Kcal (trên 100 g phần ăn được),"Shrimp, cooked",https://catalog.data.gov/dataset/composition-of-foods-raw-processed-prepared-usda-national-nutrient-database-for-standar-28,https://vietnamtourism.vn/en/index.php/services/restaurants/search/19,cao,thap,Không tính vỏ và đầu bỏ đi. Hỗn hợp chả/giò hoặc tôm tính như một topping đạm. Các lựa chọn cùng nhóm không dùng để cộng đồng thời. Khối lượng đạm được phân bổ lại theo ngân sách 160 g cho món có nhiều thành phần đạm.,2026-08-02
HN038,Phở cuốn,Cuốn Hà Nội,1,bánh phở,Bánh phở tươi,"Flat rice noodles, cooked",mì/bún,"chín, ngậm nước",tinh_bot_chinh_da_chin,có,thành phần được liệt kê,,có,180,110,198,441.8,44.8,ước tính biên tập; không phải công thức định lượng của từng quán,toàn bộ thành phần đặc trưng đã ghi trong CSV gốc; không phải công thức đầy đủ của mọi quán,Viện Dinh dưỡng Việt Nam / FAO (proxy),không gắn mã riêng; đối chiếu theo thực phẩm tương đương,NIN/FAO Energy kcal (trên 100 g phần ăn được),"Flat rice noodles, cooked",https://viendinhduong.vn/en/cong-cu-va-tien-ich/nutritional-value-of-food; https://www.fao.org/fileadmin/templates/food_composition/documents/pdf/VTN_FCT_2007.pdf,https://www.vietnam.travel/things-to-do/10-must-try-hanoi-dishes/,cao,thap,Bánh phở tươi ăn ngay. Khối lượng sợi/bánh đã nấu chín cho một suất; nếu tra bảng dạng khô phải quy đổi lại.,2026-08-02
HN038,Phở cuốn,Cuốn Hà Nội,2,thịt bò,Thịt bò chín,"Beef, cooked",thịt,chín,dam_chinh,có,thành phần được liệt kê,,có,90,250,225,441.8,50.9,ước tính biên tập; không phải công thức định lượng của từng quán,toàn bộ thành phần đặc trưng đã ghi trong CSV gốc; không phải công thức đầy đủ của mọi quán,Viện Dinh dưỡng Việt Nam / FAO (proxy),không gắn mã riêng; đối chiếu theo thực phẩm tương đương,NIN/FAO Energy kcal (trên 100 g phần ăn được),"Beef, cooked",https://viendinhduong.vn/en/cong-cu-va-tien-ich/nutritional-value-of-food; https://www.fao.org/fileadmin/templates/food_composition/documents/pdf/VTN_FCT_2007.pdf,https://www.vietnam.travel/things-to-do/10-must-try-hanoi-dishes/,trung_binh,thap,Giá trị đại diện phần cắt nạc-mỡ vừa. Khối lượng thịt bò chín/nhúng trong một suất.,2026-08-02
HN038,Phở cuốn,Cuốn Hà Nội,3,xà lách,Xà lách,"Lettuce, raw",rau lá,"tươi, sống",rau_chinh_hoac_an_kem,có,thành phần được liệt kê,,có,60,15,9,441.8,2,ước tính biên tập; không phải công thức định lượng của từng quán,toàn bộ thành phần đặc trưng đã ghi trong CSV gốc; không phải công thức đầy đủ của mọi quán,USDA SR28 / FoodData Central (proxy),USDA SR28 NDB_No 11250,USDA SR28 Energ_Kcal (trên 100 g phần ăn được),"LETTUCE,BUTTERHEAD (INCL BOSTON&BIBB TYPES),RAW",https://catalog.data.gov/dataset/composition-of-foods-raw-processed-prepared-usda-national-nutrient-database-for-standar-28,https://www.vietnam.travel/things-to-do/10-must-try-hanoi-dishes/,cao,thap,Xà lách lá thông dụng. Khối lượng rau ăn được trong một suất. Khớp gần với bản ghi USDA SR28; điểm khớp 100%.,2026-08-02
HN038,Phở cuốn,Cuốn Hà Nội,4,rau thơm,Rau thơm hỗn hợp,Mixed fresh herbs,rau thơm,"tươi, sống",rau_thom,có,thành phần được liệt kê,,có,15,30,4.5,441.8,1,ước tính biên tập; không phải công thức định lượng của từng quán,toàn bộ thành phần đặc trưng đã ghi trong CSV gốc; không phải công thức đầy đủ của mọi quán,Viện Dinh dưỡng Việt Nam / FAO (proxy),không gắn mã riêng; đối chiếu theo thực phẩm tương đương,NIN/FAO Energy kcal (trên 100 g phần ăn được),Mixed fresh herbs,https://viendinhduong.vn/en/cong-cu-va-tien-ich/nutritional-value-of-food; https://www.fao.org/fileadmin/templates/food_composition/documents/pdf/VTN_FCT_2007.pdf,https://www.vietnam.travel/things-to-do/10-must-try-hanoi-dishes/,thap,thap,Trung bình các rau thơm tươi. Một nhúm rau thơm/lá gia vị ăn được trong một suất.,2026-08-02
HN038,Phở cuốn,Cuốn Hà Nội,5,nước mắm,Nước mắm,Fish sauce,gia vị/nước chấm,dạng lỏng,nuoc_cham_gia_vi_long,có,thành phần được liệt kê,,có,15,35,5.3,441.8,1.2,ước tính biên tập; không phải công thức định lượng của từng quán,toàn bộ thành phần đặc trưng đã ghi trong CSV gốc; không phải công thức đầy đủ của mọi quán,Viện Dinh dưỡng Việt Nam / FAO (proxy),không gắn mã riêng; đối chiếu theo thực phẩm tương đương,NIN/FAO Energy kcal (trên 100 g phần ăn được),Fish sauce,https://viendinhduong.vn/en/cong-cu-va-tien-ich/nutritional-value-of-food; https://www.fao.org/fileadmin/templates/food_composition/documents/pdf/VTN_FCT_2007.pdf,https://www.vietnam.travel/things-to-do/10-must-try-hanoi-dishes/,cao,thap,"Loại nước mắm thông dụng. Lượng nước chấm/gia vị lỏng thực ăn trong một suất, không phải toàn bộ bát chấm.",2026-08-02
HN039,Bánh tôm Hồ Tây,Đặc sản Hà Nội,1,tôm,Tôm chín,"Shrimp, cooked",hải sản,"chín, phần ăn được",dam_hai_san_hoac_hon_hop,có,thành phần được liệt kê,,có,85,99,84.2,479.5,17.6,ước tính biên tập; không phải công thức định lượng của từng quán,toàn bộ thành phần đặc trưng đã ghi trong CSV gốc; không phải công thức đầy đủ của mọi quán,USDA SR28 / FoodData Central (proxy),không gắn mã riêng; đối chiếu theo thực phẩm tương đương,USDA SR28 Energ_Kcal (trên 100 g phần ăn được),"Shrimp, cooked",https://catalog.data.gov/dataset/composition-of-foods-raw-processed-prepared-usda-national-nutrient-database-for-standar-28,https://www.vietnam.travel/things-to-do/10-must-try-hanoi-dishes/,cao,thap,"Không tính vỏ và đầu bỏ đi. Khối lượng phần ăn được, bỏ vỏ/xương; chuỗi có dấu gạch chéo là một lựa chọn/hỗn hợp.",2026-08-02
HN039,Bánh tôm Hồ Tây,Đặc sản Hà Nội,2,khoai lang,Khoai lang chín,"Sweet potato, cooked",củ giàu tinh bột,luộc/nướng chín,cu_tinh_bot,có,thành phần được liệt kê,,có,130,90,117,479.5,24.4,ước tính biên tập; không phải công thức định lượng của từng quán,toàn bộ thành phần đặc trưng đã ghi trong CSV gốc; không phải công thức đầy đủ của mọi quán,USDA SR28 / FoodData Central (proxy),không gắn mã riêng; đối chiếu theo thực phẩm tương đương,USDA SR28 Energ_Kcal (trên 100 g phần ăn được),"Sweet potato, cooked",https://catalog.data.gov/dataset/composition-of-foods-raw-processed-prepared-usda-national-nutrient-database-for-standar-28,https://www.vietnam.travel/things-to-do/10-must-try-hanoi-dishes/,trung_binh,thap,"Không tính dầu hoặc đường thêm. Lượng củ ăn được trong một phần, trước khi tính dầu hút thêm.",2026-08-02
HN039,Bánh tôm Hồ Tây,Đặc sản Hà Nội,3,bột,Bột ngũ cốc/tinh bột,"Flour or starch, generic",bột/ngũ cốc,khô,tinh_bot_chinh_kho,có,thành phần được liệt kê,,có,70,365,255.5,479.5,53.3,ước tính biên tập; không phải công thức định lượng của từng quán,toàn bộ thành phần đặc trưng đã ghi trong CSV gốc; không phải công thức đầy đủ của mọi quán,Viện Dinh dưỡng Việt Nam / FAO (proxy),không gắn mã riêng; đối chiếu theo thực phẩm tương đương,NIN/FAO Energy kcal (trên 100 g phần ăn được),"Flour or starch, generic",https://viendinhduong.vn/en/cong-cu-va-tien-ich/nutritional-value-of-food; https://www.fao.org/fileadmin/templates/food_composition/documents/pdf/VTN_FCT_2007.pdf,https://www.vietnam.travel/things-to-do/10-must-try-hanoi-dishes/,thap,thap,Tên chung; dùng mật độ năng lượng bột khô. Lượng bột khô quy đổi trong một phần bánh/món.,2026-08-02
HN039,Bánh tôm Hồ Tây,Đặc sản Hà Nội,4,rau sống,Rau sống hỗn hợp,Mixed raw vegetables,rau,"tươi, sống",rau_an_kem,có,thành phần được liệt kê,,có,70,25,17.5,479.5,3.6,ước tính biên tập; không phải công thức định lượng của từng quán,toàn bộ thành phần đặc trưng đã ghi trong CSV gốc; không phải công thức đầy đủ của mọi quán,Viện Dinh dưỡng Việt Nam / FAO (proxy),không gắn mã riêng; đối chiếu theo thực phẩm tương đương,NIN/FAO Energy kcal (trên 100 g phần ăn được),Mixed raw vegetables,https://viendinhduong.vn/en/cong-cu-va-tien-ich/nutritional-value-of-food; https://www.fao.org/fileadmin/templates/food_composition/documents/pdf/VTN_FCT_2007.pdf,https://www.vietnam.travel/things-to-do/10-must-try-hanoi-dishes/,thap,thap,Trung bình rau lá và rau thơm. Một nắm/đĩa rau ăn kèm cho một người; nếu là nguyên liệu đầu tiên của salad/nộm có thể nâng lên 120–150 g.,2026-08-02
HN039,Bánh tôm Hồ Tây,Đặc sản Hà Nội,5,nước mắm,Nước mắm,Fish sauce,gia vị/nước chấm,dạng lỏng,nuoc_cham_gia_vi_long,có,thành phần được liệt kê,,có,15,35,5.3,479.5,1.1,ước tính biên tập; không phải công thức định lượng của từng quán,toàn bộ thành phần đặc trưng đã ghi trong CSV gốc; không phải công thức đầy đủ của mọi quán,Viện Dinh dưỡng Việt Nam / FAO (proxy),không gắn mã riêng; đối chiếu theo thực phẩm tương đương,NIN/FAO Energy kcal (trên 100 g phần ăn được),Fish sauce,https://viendinhduong.vn/en/cong-cu-va-tien-ich/nutritional-value-of-food; https://www.fao.org/fileadmin/templates/food_composition/documents/pdf/VTN_FCT_2007.pdf,https://www.vietnam.travel/things-to-do/10-must-try-hanoi-dishes/,cao,thap,"Loại nước mắm thông dụng. Lượng nước chấm/gia vị lỏng thực ăn trong một suất, không phải toàn bộ bát chấm.",2026-08-02
HN040,Bún chả,Đặc sản Hà Nội,1,bún,Bún tươi,"Rice vermicelli, cooked",mì/bún,"chín, ngậm nước",tinh_bot_chinh_da_chin,có,thành phần được liệt kê,,có,180,110,198,852.9,23.2,ước tính biên tập; không phải công thức định lượng của từng quán,toàn bộ thành phần đặc trưng đã ghi trong CSV gốc; không phải công thức đầy đủ của mọi quán,Viện Dinh dưỡng Việt Nam / FAO (proxy),không gắn mã riêng; đối chiếu theo thực phẩm tương đương,NIN/FAO Energy kcal (trên 100 g phần ăn được),"Rice vermicelli, cooked",https://viendinhduong.vn/en/cong-cu-va-tien-ich/nutritional-value-of-food; https://www.fao.org/fileadmin/templates/food_composition/documents/pdf/VTN_FCT_2007.pdf,https://www.vietnam.travel/things-to-do/10-must-try-hanoi-dishes/,cao,thap,Bún gạo tươi. Khối lượng sợi/bánh đã nấu chín cho một suất; nếu tra bảng dạng khô phải quy đổi lại.,2026-08-02
HN040,Bún chả,Đặc sản Hà Nội,2,ba chỉ,Thịt ba chỉ lợn chín,"Pork belly, cooked",thịt,chín,dam_chinh_beo,có,thành phần được liệt kê,,có,80,518,414.4,852.9,48.6,ước tính biên tập; không phải công thức định lượng của từng quán,toàn bộ thành phần đặc trưng đã ghi trong CSV gốc; không phải công thức đầy đủ của mọi quán,USDA SR28 / FoodData Central (proxy),không gắn mã riêng; đối chiếu theo thực phẩm tương đương,USDA SR28 Energ_Kcal (trên 100 g phần ăn được),"Pork belly, cooked",https://catalog.data.gov/dataset/composition-of-foods-raw-processed-prepared-usda-national-nutrient-database-for-standar-28,https://www.vietnam.travel/things-to-do/10-must-try-hanoi-dishes/,trung_binh,thap,Biến thiên theo tỷ lệ nạc-mỡ. Khối lượng ba chỉ chín trong một phần.,2026-08-02
HN040,Bún chả,Đặc sản Hà Nội,3,thịt băm,Thịt lợn băm chín,"Ground pork, cooked",thịt,chín,dam_chinh_hoac_nhan,có,thành phần được liệt kê,,có,70,297,207.9,852.9,24.4,ước tính biên tập; không phải công thức định lượng của từng quán,toàn bộ thành phần đặc trưng đã ghi trong CSV gốc; không phải công thức đầy đủ của mọi quán,Viện Dinh dưỡng Việt Nam / FAO (proxy),không gắn mã riêng; đối chiếu theo thực phẩm tương đương,NIN/FAO Energy kcal (trên 100 g phần ăn được),"Ground pork, cooked",https://viendinhduong.vn/en/cong-cu-va-tien-ich/nutritional-value-of-food; https://www.fao.org/fileadmin/templates/food_composition/documents/pdf/VTN_FCT_2007.pdf,https://www.vietnam.travel/things-to-do/10-must-try-hanoi-dishes/,trung_binh,thap,Giả định thịt lợn băm độ béo vừa. Thịt chín dùng làm nhân/topping; nếu là nguyên liệu đầu tiên của món có thể nâng lên 90 g.,2026-08-02
HN040,Bún chả,Đặc sản Hà Nội,4,nước mắm,Nước mắm,Fish sauce,gia vị/nước chấm,dạng lỏng,nuoc_cham_gia_vi_long,có,thành phần được liệt kê,,có,15,35,5.3,852.9,0.6,ước tính biên tập; không phải công thức định lượng của từng quán,toàn bộ thành phần đặc trưng đã ghi trong CSV gốc; không phải công thức đầy đủ của mọi quán,Viện Dinh dưỡng Việt Nam / FAO (proxy),không gắn mã riêng; đối chiếu theo thực phẩm tương đương,NIN/FAO Energy kcal (trên 100 g phần ăn được),Fish sauce,https://viendinhduong.vn/en/cong-cu-va-tien-ich/nutritional-value-of-food; https://www.fao.org/fileadmin/templates/food_composition/documents/pdf/VTN_FCT_2007.pdf,https://www.vietnam.travel/things-to-do/10-must-try-hanoi-dishes/,cao,thap,"Loại nước mắm thông dụng. Lượng nước chấm/gia vị lỏng thực ăn trong một suất, không phải toàn bộ bát chấm.",2026-08-02
HN040,Bún chả,Đặc sản Hà Nội,5,đu đủ xanh,Đu đủ xanh,"Green papaya, raw",rau củ/trái cây,"tươi, sống",rau_cu_an_kem,có,thành phần được liệt kê,,có,70,39,27.3,852.9,3.2,ước tính biên tập; không phải công thức định lượng của từng quán,toàn bộ thành phần đặc trưng đã ghi trong CSV gốc; không phải công thức đầy đủ của mọi quán,Viện Dinh dưỡng Việt Nam / FAO (proxy),không gắn mã riêng; đối chiếu theo thực phẩm tương đương,NIN/FAO Energy kcal (trên 100 g phần ăn được),"Green papaya, raw",https://viendinhduong.vn/en/cong-cu-va-tien-ich/nutritional-value-of-food; https://www.fao.org/fileadmin/templates/food_composition/documents/pdf/VTN_FCT_2007.pdf,https://www.vietnam.travel/things-to-do/10-must-try-hanoi-dishes/,trung_binh,thap,Phần thịt quả non ăn được. Khối lượng rau/củ ăn kèm hoặc làm nộm trong một phần.,2026-08-02
HN041,Chả cá Lã Vọng,Đặc sản Hà Nội,1,cá lăng,Cá lăng chín,"Hemibagrus catfish, cooked",cá,"chín, thịt ăn được",dam_chinh_thuy_san,có,thành phần được liệt kê,,có,100,124,124,377.2,32.9,ước tính biên tập; không phải công thức định lượng của từng quán,toàn bộ thành phần đặc trưng đã ghi trong CSV gốc; không phải công thức đầy đủ của mọi quán,Viện Dinh dưỡng Việt Nam / FAO (proxy),không gắn mã riêng; đối chiếu theo thực phẩm tương đương,NIN/FAO Energy kcal (trên 100 g phần ăn được),"Hemibagrus catfish, cooked",https://viendinhduong.vn/en/cong-cu-va-tien-ich/nutritional-value-of-food; https://www.fao.org/fileadmin/templates/food_composition/documents/pdf/VTN_FCT_2007.pdf,https://www.vietnam.travel/things-to-do/10-must-try-hanoi-dishes/,trung_binh,thap,Proxy cá da trơn nạc chín. Khối lượng phần thịt ăn được sau khi bỏ xương/da không ăn.,2026-08-02
HN041,Chả cá Lã Vọng,Đặc sản Hà Nội,2,nghệ,Bột nghệ,"Turmeric, ground",gia vị,"khô, xay",gia_vi_tuoi,có,thành phần được liệt kê,,có,8,312,25,377.2,6.6,ước tính biên tập; không phải công thức định lượng của từng quán,toàn bộ thành phần đặc trưng đã ghi trong CSV gốc; không phải công thức đầy đủ của mọi quán,USDA SR28 / FoodData Central (proxy),USDA SR28 NDB_No 02043,USDA SR28 Energ_Kcal (trên 100 g phần ăn được),"TURMERIC,GROUND",https://catalog.data.gov/dataset/composition-of-foods-raw-processed-prepared-usda-national-nutrient-database-for-standar-28,https://www.vietnam.travel/things-to-do/10-must-try-hanoi-dishes/,cao,thap,Giả định dạng bột; nghệ tươi có kcal thấp hơn. Lượng gia vị tươi ước/nấu trong một suất; không nhất thiết ăn hết phần xác. Khớp gần với bản ghi USDA SR28; điểm khớp 100%.,2026-08-02
HN041,Chả cá Lã Vọng,Đặc sản Hà Nội,3,riềng,Riềng tươi,"Galangal, raw",gia vị,tươi,gia_vi_tuoi,có,thành phần được liệt kê,,có,8,71,5.7,377.2,1.5,ước tính biên tập; không phải công thức định lượng của từng quán,toàn bộ thành phần đặc trưng đã ghi trong CSV gốc; không phải công thức đầy đủ của mọi quán,Viện Dinh dưỡng Việt Nam / FAO (proxy),không gắn mã riêng; đối chiếu theo thực phẩm tương đương,NIN/FAO Energy kcal (trên 100 g phần ăn được),"Galangal, raw",https://viendinhduong.vn/en/cong-cu-va-tien-ich/nutritional-value-of-food; https://www.fao.org/fileadmin/templates/food_composition/documents/pdf/VTN_FCT_2007.pdf,https://www.vietnam.travel/things-to-do/10-must-try-hanoi-dishes/,trung_binh,thap,Phần thân rễ ăn được. Lượng gia vị tươi ước/nấu trong một suất; không nhất thiết ăn hết phần xác.,2026-08-02
HN041,Chả cá Lã Vọng,Đặc sản Hà Nội,4,thì là,Rau thì là,"Dill weed, fresh",rau thơm,tươi,rau_thom,có,thành phần được liệt kê,,có,15,43,6.5,377.2,1.7,ước tính biên tập; không phải công thức định lượng của từng quán,toàn bộ thành phần đặc trưng đã ghi trong CSV gốc; không phải công thức đầy đủ của mọi quán,USDA SR28 / FoodData Central (proxy),USDA SR28 NDB_No 02045,USDA SR28 Energ_Kcal (trên 100 g phần ăn được),"DILL WEED,FRSH",https://catalog.data.gov/dataset/composition-of-foods-raw-processed-prepared-usda-national-nutrient-database-for-standar-28,https://www.vietnam.travel/things-to-do/10-must-try-hanoi-dishes/,cao,thap,Lá và thân non. Một nhúm rau thơm/lá gia vị ăn được trong một suất. Khớp gần với bản ghi USDA SR28; điểm khớp 100%.,2026-08-02
HN041,Chả cá Lã Vọng,Đặc sản Hà Nội,5,bún,Bún tươi,"Rice vermicelli, cooked",mì/bún,"chín, ngậm nước",tinh_bot_chinh_da_chin,có,thành phần được liệt kê,,có,180,110,198,377.2,52.5,ước tính biên tập; không phải công thức định lượng của từng quán,toàn bộ thành phần đặc trưng đã ghi trong CSV gốc; không phải công thức đầy đủ của mọi quán,Viện Dinh dưỡng Việt Nam / FAO (proxy),không gắn mã riêng; đối chiếu theo thực phẩm tương đương,NIN/FAO Energy kcal (trên 100 g phần ăn được),"Rice vermicelli, cooked",https://viendinhduong.vn/en/cong-cu-va-tien-ich/nutritional-value-of-food; https://www.fao.org/fileadmin/templates/food_composition/documents/pdf/VTN_FCT_2007.pdf,https://www.vietnam.travel/things-to-do/10-must-try-hanoi-dishes/,cao,thap,Bún gạo tươi. Khối lượng sợi/bánh đã nấu chín cho một suất; nếu tra bảng dạng khô phải quy đổi lại.,2026-08-02
HN041,Chả cá Lã Vọng,Đặc sản Hà Nội,6,mắm tôm,Mắm tôm,Fermented shrimp paste,gia vị/nước chấm,lên men,mam_dac,có,thành phần được liệt kê,,có,18,100,18,377.2,4.8,ước tính biên tập; không phải công thức định lượng của từng quán,toàn bộ thành phần đặc trưng đã ghi trong CSV gốc; không phải công thức đầy đủ của mọi quán,Viện Dinh dưỡng Việt Nam / FAO (proxy),không gắn mã riêng; đối chiếu theo thực phẩm tương đương,NIN/FAO Energy kcal (trên 100 g phần ăn được),Fermented shrimp paste,https://viendinhduong.vn/en/cong-cu-va-tien-ich/nutritional-value-of-food; https://www.fao.org/fileadmin/templates/food_composition/documents/pdf/VTN_FCT_2007.pdf,https://www.vietnam.travel/things-to-do/10-must-try-hanoi-dishes/,trung_binh,thap,Biến thiên theo độ cô đặc. Lượng mắm đặc thực ăn/nấu trong một phần.,2026-08-02
HN042,Chả cốm,Đặc sản Hà Nội,1,thịt lợn,"Thịt lợn chín, nạc mỡ vừa","Pork, cooked, lean and fat",thịt,chín,dam_chinh,có,thành phần được liệt kê,,có,80,242,193.6,564.9,34.3,ước tính biên tập; không phải công thức định lượng của từng quán,toàn bộ thành phần đặc trưng đã ghi trong CSV gốc; không phải công thức đầy đủ của mọi quán,Viện Dinh dưỡng Việt Nam / FAO (proxy),không gắn mã riêng; đối chiếu theo thực phẩm tương đương,NIN/FAO Energy kcal (trên 100 g phần ăn được),"Pork, cooked, lean and fat",https://viendinhduong.vn/en/cong-cu-va-tien-ich/nutritional-value-of-food; https://www.fao.org/fileadmin/templates/food_composition/documents/pdf/VTN_FCT_2007.pdf,https://www.vietnam.travel/things-to-do/10-must-try-hanoi-dishes/,trung_binh,thap,Giá trị đại diện nhiều phần cắt. Khối lượng thịt lợn thành phẩm trong một suất.,2026-08-02
HN042,Chả cốm,Đặc sản Hà Nội,2,giò sống,Giò sống lợn,Vietnamese raw pork paste,thịt chế biến,"sống, xay quết",dam_che_bien,có,thành phần được liệt kê,,có,55,220,121,564.9,21.4,ước tính biên tập; không phải công thức định lượng của từng quán,toàn bộ thành phần đặc trưng đã ghi trong CSV gốc; không phải công thức đầy đủ của mọi quán,Viện Dinh dưỡng Việt Nam / FAO (proxy),không gắn mã riêng; đối chiếu theo thực phẩm tương đương,NIN/FAO Energy kcal (trên 100 g phần ăn được),Vietnamese raw pork paste,https://viendinhduong.vn/en/cong-cu-va-tien-ich/nutritional-value-of-food; https://www.fao.org/fileadmin/templates/food_composition/documents/pdf/VTN_FCT_2007.pdf,https://www.vietnam.travel/things-to-do/10-must-try-hanoi-dishes/,trung_binh,thap,Giá trị đại diện hỗn hợp thịt và mỡ. Một phần chả/giò ăn kèm; giò sống được hiểu là khối lượng sau nấu gần tương đương.,2026-08-02
HN042,Chả cốm,Đặc sản Hà Nội,3,cốm,Cốm xanh,Green sticky rice flakes,ngũ cốc,"rang/dẹp, ẩm nhẹ",tinh_bot_chinh_kho,có,thành phần được liệt kê,,có,70,350,245,564.9,43.4,ước tính biên tập; không phải công thức định lượng của từng quán,toàn bộ thành phần đặc trưng đã ghi trong CSV gốc; không phải công thức đầy đủ của mọi quán,Viện Dinh dưỡng Việt Nam / FAO (proxy),không gắn mã riêng; đối chiếu theo thực phẩm tương đương,NIN/FAO Energy kcal (trên 100 g phần ăn được),Green sticky rice flakes,https://viendinhduong.vn/en/cong-cu-va-tien-ich/nutritional-value-of-food; https://www.fao.org/fileadmin/templates/food_composition/documents/pdf/VTN_FCT_2007.pdf,https://www.vietnam.travel/things-to-do/10-must-try-hanoi-dishes/,trung_binh,thap,Biến thiên theo độ ẩm và đường thêm. Lượng nguyên liệu nếp/cốm cho một phần bánh/quà.,2026-08-02
HN042,Chả cốm,Đặc sản Hà Nội,4,nước mắm,Nước mắm,Fish sauce,gia vị/nước chấm,dạng lỏng,nuoc_cham_gia_vi_long,có,thành phần được liệt kê,,có,15,35,5.3,564.9,0.9,ước tính biên tập; không phải công thức định lượng của từng quán,toàn bộ thành phần đặc trưng đã ghi trong CSV gốc; không phải công thức đầy đủ của mọi quán,Viện Dinh dưỡng Việt Nam / FAO (proxy),không gắn mã riêng; đối chiếu theo thực phẩm tương đương,NIN/FAO Energy kcal (trên 100 g phần ăn được),Fish sauce,https://viendinhduong.vn/en/cong-cu-va-tien-ich/nutritional-value-of-food; https://www.fao.org/fileadmin/templates/food_composition/documents/pdf/VTN_FCT_2007.pdf,https://www.vietnam.travel/things-to-do/10-must-try-hanoi-dishes/,cao,thap,"Loại nước mắm thông dụng. Lượng nước chấm/gia vị lỏng thực ăn trong một suất, không phải toàn bộ bát chấm.",2026-08-02
HN043,Vịt cỏ Vân Đình,Đặc sản ngoại thành Hà Nội,1,vịt cỏ,Thịt vịt cỏ chín,"Duck meat, cooked",thịt gia cầm,"chín, cả da",dam_chinh_co_xuong,có,thành phần được liệt kê,,có,130,337,438.1,469.7,93.3,ước tính biên tập; không phải công thức định lượng của từng quán,toàn bộ thành phần đặc trưng đã ghi trong CSV gốc; không phải công thức đầy đủ của mọi quán,Viện Dinh dưỡng Việt Nam / FAO (proxy),không gắn mã riêng; đối chiếu theo thực phẩm tương đương,NIN/FAO Energy kcal (trên 100 g phần ăn được),"Duck meat, cooked",https://viendinhduong.vn/en/cong-cu-va-tien-ich/nutritional-value-of-food; https://www.fao.org/fileadmin/templates/food_composition/documents/pdf/VTN_FCT_2007.pdf,https://vietnamtourism.vn/en/index.php/services/restaurants/search/19,trung_binh,thap,Proxy thịt vịt chín có da. Khối lượng phần ăn được sau khi bỏ xương; phù hợp món nguyên phần/con nhỏ.,2026-08-02
HN043,Vịt cỏ Vân Đình,Đặc sản ngoại thành Hà Nội,2,riềng,Riềng tươi,"Galangal, raw",gia vị,tươi,gia_vi_tuoi,có,thành phần được liệt kê,,có,8,71,5.7,469.7,1.2,ước tính biên tập; không phải công thức định lượng của từng quán,toàn bộ thành phần đặc trưng đã ghi trong CSV gốc; không phải công thức đầy đủ của mọi quán,Viện Dinh dưỡng Việt Nam / FAO (proxy),không gắn mã riêng; đối chiếu theo thực phẩm tương đương,NIN/FAO Energy kcal (trên 100 g phần ăn được),"Galangal, raw",https://viendinhduong.vn/en/cong-cu-va-tien-ich/nutritional-value-of-food; https://www.fao.org/fileadmin/templates/food_composition/documents/pdf/VTN_FCT_2007.pdf,https://vietnamtourism.vn/en/index.php/services/restaurants/search/19,trung_binh,thap,Phần thân rễ ăn được. Lượng gia vị tươi ước/nấu trong một suất; không nhất thiết ăn hết phần xác.,2026-08-02
HN043,Vịt cỏ Vân Đình,Đặc sản ngoại thành Hà Nội,3,sả,Sả tươi,"Lemongrass, raw",gia vị,tươi,gia_vi_tuoi,có,thành phần được liệt kê,,có,8,99,7.9,469.7,1.7,ước tính biên tập; không phải công thức định lượng của từng quán,toàn bộ thành phần đặc trưng đã ghi trong CSV gốc; không phải công thức đầy đủ của mọi quán,USDA SR28 / FoodData Central (proxy),không gắn mã riêng; đối chiếu theo thực phẩm tương đương,USDA SR28 Energ_Kcal (trên 100 g phần ăn được),"Lemongrass, raw",https://catalog.data.gov/dataset/composition-of-foods-raw-processed-prepared-usda-national-nutrient-database-for-standar-28,https://vietnamtourism.vn/en/index.php/services/restaurants/search/19,cao,thap,Phần thân ăn được. Lượng gia vị tươi ước/nấu trong một suất; không nhất thiết ăn hết phần xác.,2026-08-02
HN043,Vịt cỏ Vân Đình,Đặc sản ngoại thành Hà Nội,4,mẻ,Mẻ cơm lên men,Fermented rice culture,gia vị lên men,"lên men, dạng sệt",gia_vi_len_men,có,thành phần được liệt kê,,có,15,60,9,469.7,1.9,ước tính biên tập; không phải công thức định lượng của từng quán,toàn bộ thành phần đặc trưng đã ghi trong CSV gốc; không phải công thức đầy đủ của mọi quán,Viện Dinh dưỡng Việt Nam / FAO (proxy),không gắn mã riêng; đối chiếu theo thực phẩm tương đương,NIN/FAO Energy kcal (trên 100 g phần ăn được),Fermented rice culture,https://viendinhduong.vn/en/cong-cu-va-tien-ich/nutritional-value-of-food; https://www.fao.org/fileadmin/templates/food_composition/documents/pdf/VTN_FCT_2007.pdf,https://vietnamtourism.vn/en/index.php/services/restaurants/search/19,thap,thap,Phụ thuộc tỷ lệ cơm và nước. Khoảng một thìa canh cơm mẻ/nước mẻ dùng tạo chua cho một suất.,2026-08-02
HN043,Vịt cỏ Vân Đình,Đặc sản ngoại thành Hà Nội,5,nước chấm,Nước chấm pha,Vietnamese dipping sauce,nước chấm,pha loãng,nuoc_cham_gia_vi_long,có,thành phần được liệt kê,,có,15,60,9,469.7,1.9,ước tính biên tập; không phải công thức định lượng của từng quán,toàn bộ thành phần đặc trưng đã ghi trong CSV gốc; không phải công thức đầy đủ của mọi quán,Viện Dinh dưỡng Việt Nam / FAO (proxy),không gắn mã riêng; đối chiếu theo thực phẩm tương đương,NIN/FAO Energy kcal (trên 100 g phần ăn được),Vietnamese dipping sauce,https://viendinhduong.vn/en/cong-cu-va-tien-ich/nutritional-value-of-food; https://www.fao.org/fileadmin/templates/food_composition/documents/pdf/VTN_FCT_2007.pdf,https://vietnamtourism.vn/en/index.php/services/restaurants/search/19,thap,thap,"Phụ thuộc lượng đường và nước mắm. Lượng nước chấm/gia vị lỏng thực ăn trong một suất, không phải toàn bộ bát chấm.",2026-08-02
HN044,Thịt trâu gác bếp,Đặc sản Tây Bắc,1,thịt trâu,Thịt trâu chín,"Buffalo meat, cooked",thịt,chín,dam_chinh,có,thành phần được liệt kê,,có,90,190,171,199.2,85.8,ước tính biên tập; không phải công thức định lượng của từng quán,toàn bộ thành phần đặc trưng đã ghi trong CSV gốc; không phải công thức đầy đủ của mọi quán,Viện Dinh dưỡng Việt Nam / FAO (proxy),không gắn mã riêng; đối chiếu theo thực phẩm tương đương,NIN/FAO Energy kcal (trên 100 g phần ăn được),"Buffalo meat, cooked",https://viendinhduong.vn/en/cong-cu-va-tien-ich/nutritional-value-of-food; https://www.fao.org/fileadmin/templates/food_composition/documents/pdf/VTN_FCT_2007.pdf,https://vietnam.travel/things-to-do/vietnam-foodie-guide-region,trung_binh,thap,Thịt tương đối nạc. Khối lượng phần ăn được; tổ hợp có dấu gạch chéo được coi là một lựa chọn/hỗn hợp.,2026-08-02
HN044,Thịt trâu gác bếp,Đặc sản Tây Bắc,2,mắc khén,Hạt mắc khén khô,"Vietnamese prickly ash, dried",gia vị,"khô, rang/xay",gia_vi_kho_hon_hop,có,thành phần được liệt kê,,có,3,270,8.1,199.2,4.1,ước tính biên tập; không phải công thức định lượng của từng quán,toàn bộ thành phần đặc trưng đã ghi trong CSV gốc; không phải công thức đầy đủ của mọi quán,Viện Dinh dưỡng Việt Nam / FAO (proxy),không gắn mã riêng; đối chiếu theo thực phẩm tương đương,NIN/FAO Energy kcal (trên 100 g phần ăn được),"Vietnamese prickly ash, dried",https://viendinhduong.vn/en/cong-cu-va-tien-ich/nutritional-value-of-food; https://www.fao.org/fileadmin/templates/food_composition/documents/pdf/VTN_FCT_2007.pdf,https://vietnam.travel/things-to-do/vietnam-foodie-guide-region,thap,thap,Proxy gần hạt tiêu Tứ Xuyên; lượng dùng rất nhỏ. Tổng lượng gia vị khô/hỗn hợp cho một suất; chuỗi gạch chéo được coi là hỗn hợp chung.,2026-08-02
HN044,Thịt trâu gác bếp,Đặc sản Tây Bắc,3,hạt dổi,Hạt dổi khô,"Doi seeds, dried",gia vị/hạt,"khô, rang",gia_vi_kho_hon_hop,có,thành phần được liệt kê,,có,3,430,12.9,199.2,6.5,ước tính biên tập; không phải công thức định lượng của từng quán,toàn bộ thành phần đặc trưng đã ghi trong CSV gốc; không phải công thức đầy đủ của mọi quán,Viện Dinh dưỡng Việt Nam / FAO (proxy),không gắn mã riêng; đối chiếu theo thực phẩm tương đương,NIN/FAO Energy kcal (trên 100 g phần ăn được),"Doi seeds, dried",https://viendinhduong.vn/en/cong-cu-va-tien-ich/nutritional-value-of-food; https://www.fao.org/fileadmin/templates/food_composition/documents/pdf/VTN_FCT_2007.pdf,https://vietnam.travel/things-to-do/vietnam-foodie-guide-region,thap,thap,Ước tính cho hạt gia vị giàu dầu; lượng dùng nhỏ. Tổng lượng gia vị khô/hỗn hợp cho một suất; chuỗi gạch chéo được coi là hỗn hợp chung.,2026-08-02
HN044,Thịt trâu gác bếp,Đặc sản Tây Bắc,4,ớt,Ớt tươi,"Chili pepper, raw",gia vị/rau quả,"tươi, sống",gia_vi,có,thành phần được liệt kê,,có,2,40,0.8,199.2,0.4,ước tính biên tập; không phải công thức định lượng của từng quán,toàn bộ thành phần đặc trưng đã ghi trong CSV gốc; không phải công thức đầy đủ của mọi quán,USDA SR28 / FoodData Central (proxy),không gắn mã riêng; đối chiếu theo thực phẩm tương đương,USDA SR28 Energ_Kcal (trên 100 g phần ăn được),"Chili pepper, raw",https://catalog.data.gov/dataset/composition-of-foods-raw-processed-prepared-usda-national-nutrient-database-for-standar-28,https://vietnam.travel/things-to-do/vietnam-foodie-guide-region,cao,thap,Ớt đỏ tươi đại diện. Lượng gia vị ước tính được ăn trong một suất.,2026-08-02
HN044,Thịt trâu gác bếp,Đặc sản Tây Bắc,5,gừng,Gừng tươi,"Ginger root, raw",gia vị,"tươi, sống",gia_vi_tuoi,có,thành phần được liệt kê,,có,8,80,6.4,199.2,3.2,ước tính biên tập; không phải công thức định lượng của từng quán,toàn bộ thành phần đặc trưng đã ghi trong CSV gốc; không phải công thức đầy đủ của mọi quán,USDA SR28 / FoodData Central (proxy),USDA SR28 NDB_No 11216,USDA SR28 Energ_Kcal (trên 100 g phần ăn được),"GINGER ROOT,RAW",https://catalog.data.gov/dataset/composition-of-foods-raw-processed-prepared-usda-national-nutrient-database-for-standar-28,https://vietnam.travel/things-to-do/vietnam-foodie-guide-region,cao,thap,Gừng củ tươi. Lượng gia vị tươi ước/nấu trong một suất; không nhất thiết ăn hết phần xác. Khớp gần với bản ghi USDA SR28; điểm khớp 100%.,2026-08-02
HN045,Kem Hồ Tây,Đồ ngọt Hà Nội,1,sữa,Sữa bò nguyên kem,Whole milk,sữa,dạng lỏng,sua_nen,có,thành phần được liệt kê,,có,120,61,73.2,161.1,45.4,ước tính biên tập; không phải công thức định lượng của từng quán,toàn bộ thành phần đặc trưng đã ghi trong CSV gốc; không phải công thức đầy đủ của mọi quán,USDA SR28 / FoodData Central (proxy),USDA SR28 NDB_No 19189,USDA SR28 Energ_Kcal (trên 100 g phần ăn được),"PUDDINGS,CHOC,DRY MIX,INST,PREP W/ WHOLE MILK",https://catalog.data.gov/dataset/composition-of-foods-raw-processed-prepared-usda-national-nutrient-database-for-standar-28,https://www.vietnam.travel/things-to-do/10-must-try-hanoi-dishes/,cao,thap,Giả định sữa bò nguyên kem. Lượng sữa hoặc nền sữa-kem trong một phần đồ uống/tráng miệng. Khớp gần với bản ghi USDA SR28; điểm khớp 100%.,2026-08-02
HN045,Kem Hồ Tây,Đồ ngọt Hà Nội,2,đường,Đường trắng,Granulated sugar,đường/chất tạo ngọt,khô,chat_tao_ngot,có,thành phần được liệt kê,,có,20,387,77.4,161.1,48,ước tính biên tập; không phải công thức định lượng của từng quán,toàn bộ thành phần đặc trưng đã ghi trong CSV gốc; không phải công thức đầy đủ của mọi quán,USDA SR28 / FoodData Central (proxy),USDA SR28 NDB_No 19909,USDA SR28 Energ_Kcal (trên 100 g phần ăn được),"SWEETENERS,SUGAR SUB,GRANULATED,BROWN",https://catalog.data.gov/dataset/composition-of-foods-raw-processed-prepared-usda-national-nutrient-database-for-standar-28,https://www.vietnam.travel/things-to-do/10-must-try-hanoi-dishes/,cao,thap,Sucrose dạng hạt. Lượng chất tạo ngọt thực tế trong một phần; dấu gạch chéo là lựa chọn. Khớp gần với bản ghi USDA SR28; điểm khớp 100%.,2026-08-02
HN045,Kem Hồ Tây,Đồ ngọt Hà Nội,3,hương vani/cốm/sô-cô-la,hương vani,"Vanilla, green-rice or chocolate flavoring",hương liệu,dạng cô đặc/bột,huong_lieu_lua_chon,có,lựa chọn mặc định,HN045-03,có,3,350,10.5,161.1,6.5,ước tính biên tập; không phải công thức định lượng của từng quán,toàn bộ thành phần đặc trưng đã ghi trong CSV gốc; không phải công thức đầy đủ của mọi quán,USDA SR28 / FoodData Central (proxy),không gắn mã riêng; đối chiếu theo thực phẩm tương đương,USDA SR28 Energ_Kcal (trên 100 g phần ăn được),"Vanilla, green-rice or chocolate flavoring",https://catalog.data.gov/dataset/composition-of-foods-raw-processed-prepared-usda-national-nutrient-database-for-standar-28,https://www.vietnam.travel/things-to-do/10-must-try-hanoi-dishes/,thap,thap,"Nếu chỉ dùng tinh chất, năng lượng thực tế rất nhỏ. Tách từ cụm lựa chọn “hương vani/cốm/sô-cô-la”; dùng giá trị đại diện gần nhất. Một lựa chọn hương liệu; không cộng tất cả các mục ngăn bằng dấu gạch chéo. Các lựa chọn cùng nhóm không dùng để cộng đồng thời.",2026-08-02
HN045,Kem Hồ Tây,Đồ ngọt Hà Nội,4,hương vani/cốm/sô-cô-la,Cốm xanh,Green sticky rice flakes,ngũ cốc,"rang/dẹp, ẩm nhẹ",huong_lieu_lua_chon,có,lựa chọn thay thế,HN045-03,không,3,350,10.5,161.1,0,ước tính biên tập; không phải công thức định lượng của từng quán,toàn bộ thành phần đặc trưng đã ghi trong CSV gốc; không phải công thức đầy đủ của mọi quán,Viện Dinh dưỡng Việt Nam / FAO (proxy),không gắn mã riêng; đối chiếu theo thực phẩm tương đương,NIN/FAO Energy kcal (trên 100 g phần ăn được),Green sticky rice flakes,https://viendinhduong.vn/en/cong-cu-va-tien-ich/nutritional-value-of-food; https://www.fao.org/fileadmin/templates/food_composition/documents/pdf/VTN_FCT_2007.pdf,https://www.vietnam.travel/things-to-do/10-must-try-hanoi-dishes/,trung_binh,thap,Biến thiên theo độ ẩm và đường thêm. Một lựa chọn hương liệu; không cộng tất cả các mục ngăn bằng dấu gạch chéo. Các lựa chọn cùng nhóm không dùng để cộng đồng thời.,2026-08-02
HN045,Kem Hồ Tây,Đồ ngọt Hà Nội,5,hương vani/cốm/sô-cô-la,sô-cô-la,"Vanilla, green-rice or chocolate flavoring",hương liệu,dạng cô đặc/bột,huong_lieu_lua_chon,có,lựa chọn thay thế,HN045-03,không,3,350,10.5,161.1,0,ước tính biên tập; không phải công thức định lượng của từng quán,toàn bộ thành phần đặc trưng đã ghi trong CSV gốc; không phải công thức đầy đủ của mọi quán,USDA SR28 / FoodData Central (proxy),không gắn mã riêng; đối chiếu theo thực phẩm tương đương,USDA SR28 Energ_Kcal (trên 100 g phần ăn được),"Vanilla, green-rice or chocolate flavoring",https://catalog.data.gov/dataset/composition-of-foods-raw-processed-prepared-usda-national-nutrient-database-for-standar-28,https://www.vietnam.travel/things-to-do/10-must-try-hanoi-dishes/,thap,thap,"Nếu chỉ dùng tinh chất, năng lượng thực tế rất nhỏ. Tách từ cụm lựa chọn “hương vani/cốm/sô-cô-la”; dùng giá trị đại diện gần nhất. Một lựa chọn hương liệu; không cộng tất cả các mục ngăn bằng dấu gạch chéo. Các lựa chọn cùng nhóm không dùng để cộng đồng thời.",2026-08-02
HN046,Kem Tràng Tiền,Đồ ngọt Hà Nội,1,sữa,Sữa bò nguyên kem,Whole milk,sữa,dạng lỏng,sua_nen,có,thành phần được liệt kê,,có,120,61,73.2,308.1,23.8,ước tính biên tập; không phải công thức định lượng của từng quán,toàn bộ thành phần đặc trưng đã ghi trong CSV gốc; không phải công thức đầy đủ của mọi quán,USDA SR28 / FoodData Central (proxy),USDA SR28 NDB_No 19189,USDA SR28 Energ_Kcal (trên 100 g phần ăn được),"PUDDINGS,CHOC,DRY MIX,INST,PREP W/ WHOLE MILK",https://catalog.data.gov/dataset/composition-of-foods-raw-processed-prepared-usda-national-nutrient-database-for-standar-28,https://www.vietnam.travel/things-to-do/10-must-try-hanoi-dishes/,cao,thap,Giả định sữa bò nguyên kem. Lượng sữa hoặc nền sữa-kem trong một phần đồ uống/tráng miệng. Khớp gần với bản ghi USDA SR28; điểm khớp 100%.,2026-08-02
HN046,Kem Tràng Tiền,Đồ ngọt Hà Nội,2,đường,Đường trắng,Granulated sugar,đường/chất tạo ngọt,khô,chat_tao_ngot,có,thành phần được liệt kê,,có,20,387,77.4,308.1,25.1,ước tính biên tập; không phải công thức định lượng của từng quán,toàn bộ thành phần đặc trưng đã ghi trong CSV gốc; không phải công thức đầy đủ của mọi quán,USDA SR28 / FoodData Central (proxy),USDA SR28 NDB_No 19909,USDA SR28 Energ_Kcal (trên 100 g phần ăn được),"SWEETENERS,SUGAR SUB,GRANULATED,BROWN",https://catalog.data.gov/dataset/composition-of-foods-raw-processed-prepared-usda-national-nutrient-database-for-standar-28,https://www.vietnam.travel/things-to-do/10-must-try-hanoi-dishes/,cao,thap,Sucrose dạng hạt. Lượng chất tạo ngọt thực tế trong một phần; dấu gạch chéo là lựa chọn. Khớp gần với bản ghi USDA SR28; điểm khớp 100%.,2026-08-02
HN046,Kem Tràng Tiền,Đồ ngọt Hà Nội,3,cốm/đậu xanh/cacao,Cốm xanh,Green sticky rice flakes,ngũ cốc,"rang/dẹp, ẩm nhẹ",nhan_ngot_dam_thuc_vat,có,lựa chọn mặc định,HN046-03,có,45,350,157.5,308.1,51.1,ước tính biên tập; không phải công thức định lượng của từng quán,toàn bộ thành phần đặc trưng đã ghi trong CSV gốc; không phải công thức đầy đủ của mọi quán,Viện Dinh dưỡng Việt Nam / FAO (proxy),không gắn mã riêng; đối chiếu theo thực phẩm tương đương,NIN/FAO Energy kcal (trên 100 g phần ăn được),Green sticky rice flakes,https://viendinhduong.vn/en/cong-cu-va-tien-ich/nutritional-value-of-food; https://www.fao.org/fileadmin/templates/food_composition/documents/pdf/VTN_FCT_2007.pdf,https://www.vietnam.travel/things-to-do/10-must-try-hanoi-dishes/,trung_binh,thap,"Biến thiên theo độ ẩm và đường thêm. Lượng nhân/hỗn hợp đậu trong một phần bánh/chè; dấu gạch chéo là biến thể, không phải cộng tất cả. Các lựa chọn cùng nhóm không dùng để cộng đồng thời.",2026-08-02
HN046,Kem Tràng Tiền,Đồ ngọt Hà Nội,4,cốm/đậu xanh/cacao,Đậu xanh hạt khô,"Mung beans, dry",đậu,khô,nhan_ngot_dam_thuc_vat,có,lựa chọn thay thế,HN046-03,không,45,347,156.2,308.1,0,ước tính biên tập; không phải công thức định lượng của từng quán,toàn bộ thành phần đặc trưng đã ghi trong CSV gốc; không phải công thức đầy đủ của mọi quán,Viện Dinh dưỡng Việt Nam / FAO (proxy),không gắn mã riêng; đối chiếu theo thực phẩm tương đương,NIN/FAO Energy kcal (trên 100 g phần ăn được),"Mung beans, dry",https://viendinhduong.vn/en/cong-cu-va-tien-ich/nutritional-value-of-food; https://www.fao.org/fileadmin/templates/food_composition/documents/pdf/VTN_FCT_2007.pdf,https://www.vietnam.travel/things-to-do/10-must-try-hanoi-dishes/,cao,thap,"Hạt khô; khi nấu kcal/100 g giảm do hút nước. Lượng nhân/hỗn hợp đậu trong một phần bánh/chè; dấu gạch chéo là biến thể, không phải cộng tất cả. Các lựa chọn cùng nhóm không dùng để cộng đồng thời.",2026-08-02
HN046,Kem Tràng Tiền,Đồ ngọt Hà Nội,5,cốm/đậu xanh/cacao,cacao,"Green rice, mung bean or cocoa",thành phần ghép,khô/bột,nhan_ngot_dam_thuc_vat,có,lựa chọn thay thế,HN046-03,không,45,380,171,308.1,0,ước tính biên tập; không phải công thức định lượng của từng quán,toàn bộ thành phần đặc trưng đã ghi trong CSV gốc; không phải công thức đầy đủ của mọi quán,Viện Dinh dưỡng Việt Nam / FAO (proxy),không gắn mã riêng; đối chiếu theo thực phẩm tương đương,NIN/FAO Energy kcal (trên 100 g phần ăn được),"Green rice, mung bean or cocoa",https://viendinhduong.vn/en/cong-cu-va-tien-ich/nutritional-value-of-food; https://www.fao.org/fileadmin/templates/food_composition/documents/pdf/VTN_FCT_2007.pdf,https://www.vietnam.travel/things-to-do/10-must-try-hanoi-dishes/,thap,thap,"Giá trị trung bình ba lựa chọn. Tách từ cụm lựa chọn “cốm/đậu xanh/cacao”; dùng giá trị đại diện gần nhất. Lượng nhân/hỗn hợp đậu trong một phần bánh/chè; dấu gạch chéo là biến thể, không phải cộng tất cả. Các lựa chọn cùng nhóm không dùng để cộng đồng thời.",2026-08-02
HN047,Tào phớ,Đồ ngọt Hà Nội,1,đậu nành,Đậu nành hạt khô,"Soybeans, dry",đậu,khô,dam_thuc_vat_rau_hat,có,thành phần được liệt kê,,có,60,446,267.6,371.4,72.1,ước tính biên tập; không phải công thức định lượng của từng quán,toàn bộ thành phần đặc trưng đã ghi trong CSV gốc; không phải công thức đầy đủ của mọi quán,USDA SR28 / FoodData Central (proxy),USDA SR28 NDB_No 16111,USDA SR28 Energ_Kcal (trên 100 g phần ăn được),"SOYBEANS,MATURE SEEDS,DRY RSTD",https://catalog.data.gov/dataset/composition-of-foods-raw-processed-prepared-usda-national-nutrient-database-for-standar-28,https://vietnam.travel/node/1560,cao,thap,"Hạt khô; dạng ngâm/nấu có kcal thấp hơn. Khối lượng đậu dùng trong một suất, theo trạng thái đã nấu/luộc. Khớp gần với bản ghi USDA SR28; điểm khớp 100%.",2026-08-02
HN047,Tào phớ,Đồ ngọt Hà Nội,2,đường,Đường trắng,Granulated sugar,đường/chất tạo ngọt,khô,chat_tao_ngot,có,thành phần được liệt kê,,có,20,387,77.4,371.4,20.8,ước tính biên tập; không phải công thức định lượng của từng quán,toàn bộ thành phần đặc trưng đã ghi trong CSV gốc; không phải công thức đầy đủ của mọi quán,USDA SR28 / FoodData Central (proxy),USDA SR28 NDB_No 19909,USDA SR28 Energ_Kcal (trên 100 g phần ăn được),"SWEETENERS,SUGAR SUB,GRANULATED,BROWN",https://catalog.data.gov/dataset/composition-of-foods-raw-processed-prepared-usda-national-nutrient-database-for-standar-28,https://vietnam.travel/node/1560,cao,thap,Sucrose dạng hạt. Lượng chất tạo ngọt thực tế trong một phần; dấu gạch chéo là lựa chọn. Khớp gần với bản ghi USDA SR28; điểm khớp 100%.,2026-08-02
HN047,Tào phớ,Đồ ngọt Hà Nội,3,gừng/hoa nhài,Gừng tươi,"Ginger root, raw",gia vị,"tươi, sống",huong_lieu_lua_chon,có,lựa chọn mặc định,HN047-03,có,3,80,2.4,371.4,0.6,ước tính biên tập; không phải công thức định lượng của từng quán,toàn bộ thành phần đặc trưng đã ghi trong CSV gốc; không phải công thức đầy đủ của mọi quán,USDA SR28 / FoodData Central (proxy),USDA SR28 NDB_No 11216,USDA SR28 Energ_Kcal (trên 100 g phần ăn được),"GINGER ROOT,RAW",https://catalog.data.gov/dataset/composition-of-foods-raw-processed-prepared-usda-national-nutrient-database-for-standar-28,https://vietnam.travel/node/1560,cao,thap,Gừng củ tươi. Một lựa chọn hương liệu; không cộng tất cả các mục ngăn bằng dấu gạch chéo. Khớp gần với bản ghi USDA SR28; điểm khớp 100%. Các lựa chọn cùng nhóm không dùng để cộng đồng thời.,2026-08-02
HN047,Tào phớ,Đồ ngọt Hà Nội,4,gừng/hoa nhài,hoa nhài,Ginger or jasmine flavoring,hương liệu/gia vị,tươi hoặc pha hương,huong_lieu_lua_chon,có,lựa chọn thay thế,HN047-03,không,3,45,1.4,371.4,0,ước tính biên tập; không phải công thức định lượng của từng quán,toàn bộ thành phần đặc trưng đã ghi trong CSV gốc; không phải công thức đầy đủ của mọi quán,Viện Dinh dưỡng Việt Nam / FAO (proxy),không gắn mã riêng; đối chiếu theo thực phẩm tương đương,NIN/FAO Energy kcal (trên 100 g phần ăn được),Ginger or jasmine flavoring,https://viendinhduong.vn/en/cong-cu-va-tien-ich/nutritional-value-of-food; https://www.fao.org/fileadmin/templates/food_composition/documents/pdf/VTN_FCT_2007.pdf,https://vietnam.travel/node/1560,thap,thap,Proxy hương liệu; thường dùng lượng rất nhỏ. Tách từ cụm lựa chọn “gừng/hoa nhài”; dùng giá trị đại diện gần nhất. Một lựa chọn hương liệu; không cộng tất cả các mục ngăn bằng dấu gạch chéo. Các lựa chọn cùng nhóm không dùng để cộng đồng thời.,2026-08-02
HN047,Tào phớ,Đồ ngọt Hà Nội,5,thạch,Thạch tráng miệng,Jelly dessert,tráng miệng,"đông gel, có đường",topping_trang_mieng,có,thành phần được liệt kê,,có,40,60,24,371.4,6.5,ước tính biên tập; không phải công thức định lượng của từng quán,toàn bộ thành phần đặc trưng đã ghi trong CSV gốc; không phải công thức đầy đủ của mọi quán,USDA SR28 / FoodData Central (proxy),không gắn mã riêng; đối chiếu theo thực phẩm tương đương,USDA SR28 Energ_Kcal (trên 100 g phần ăn được),Jelly dessert,https://catalog.data.gov/dataset/composition-of-foods-raw-processed-prepared-usda-national-nutrient-database-for-standar-28,https://vietnam.travel/node/1560,thap,thap,Phụ thuộc nồng độ đường và loại chất tạo gel. Khối lượng topping đã nấu/pha trong một phần; gelatin khô dùng đúng 40 g khô và sẽ được bắt bằng quy tắc riêng nếu cần độ chính xác cao.,2026-08-02
HN048,Cà phê trứng,Đồ uống Hà Nội,1,cà phê,Cà phê pha,"Coffee, brewed",đồ uống,"đã pha, không đường",nguyen_lieu_do_uong_kho,có,thành phần được liệt kê,,có,18,2,0.4,286.8,0.1,ước tính biên tập; không phải công thức định lượng của từng quán,toàn bộ thành phần đặc trưng đã ghi trong CSV gốc; không phải công thức đầy đủ của mọi quán,USDA SR28 / FoodData Central (proxy),USDA SR28 NDB_No 14180,USDA SR28 Energ_Kcal (trên 100 g phần ăn được),"BEVERAGES,COFFEE,BREWED,BRKFST BLEND",https://catalog.data.gov/dataset/composition-of-foods-raw-processed-prepared-usda-national-nutrient-database-for-standar-28,https://vietnam.travel/things-to-do/must-try-food-in-hanoi,cao,thap,"Không tính sữa, đường hay kem. Lượng bột cà phê khô dùng pha một ly; phần bã không được uống nên calo hấp thụ thực tế rất thấp. Khớp gần với bản ghi USDA SR28; điểm khớp 100%.",2026-08-02
HN048,Cà phê trứng,Đồ uống Hà Nội,2,lòng đỏ trứng,Lòng đỏ trứng gà,Egg yolk,trứng,tươi/chín,dam_beo,có,thành phần được liệt kê,,có,35,322,112.7,286.8,39.3,ước tính biên tập; không phải công thức định lượng của từng quán,toàn bộ thành phần đặc trưng đã ghi trong CSV gốc; không phải công thức đầy đủ của mọi quán,USDA SR28 / FoodData Central (proxy),USDA SR28 NDB_No 01125,USDA SR28 Energ_Kcal (trên 100 g phần ăn được),"EGG,YOLK,RAW,FRSH",https://catalog.data.gov/dataset/composition-of-foods-raw-processed-prepared-usda-national-nutrient-database-for-standar-28,https://vietnam.travel/things-to-do/must-try-food-in-hanoi,cao,thap,"Lòng đỏ riêng, không có lòng trắng. Khoảng hai lòng đỏ dùng cho đồ uống/sốt. Khớp gần với bản ghi USDA SR28; điểm khớp 100%.",2026-08-02
HN048,Cà phê trứng,Đồ uống Hà Nội,3,sữa đặc,Sữa đặc có đường,Sweetened condensed milk,sữa/đường,dạng đặc,sua_ngot,có,thành phần được liệt kê,,có,30,321,96.3,286.8,33.6,ước tính biên tập; không phải công thức định lượng của từng quán,toàn bộ thành phần đặc trưng đã ghi trong CSV gốc; không phải công thức đầy đủ của mọi quán,USDA SR28 / FoodData Central (proxy),không gắn mã riêng; đối chiếu theo thực phẩm tương đương,USDA SR28 Energ_Kcal (trên 100 g phần ăn được),Sweetened condensed milk,https://catalog.data.gov/dataset/composition-of-foods-raw-processed-prepared-usda-national-nutrient-database-for-standar-28,https://vietnam.travel/things-to-do/must-try-food-in-hanoi,cao,thap,Sữa đặc có đường thông dụng. Khoảng hai thìa canh sữa đặc cho một ly.,2026-08-02
HN048,Cà phê trứng,Đồ uống Hà Nội,4,đường,Đường trắng,Granulated sugar,đường/chất tạo ngọt,khô,chat_tao_ngot,có,thành phần được liệt kê,,có,20,387,77.4,286.8,27,ước tính biên tập; không phải công thức định lượng của từng quán,toàn bộ thành phần đặc trưng đã ghi trong CSV gốc; không phải công thức đầy đủ của mọi quán,USDA SR28 / FoodData Central (proxy),USDA SR28 NDB_No 19909,USDA SR28 Energ_Kcal (trên 100 g phần ăn được),"SWEETENERS,SUGAR SUB,GRANULATED,BROWN",https://catalog.data.gov/dataset/composition-of-foods-raw-processed-prepared-usda-national-nutrient-database-for-standar-28,https://vietnam.travel/things-to-do/must-try-food-in-hanoi,cao,thap,Sucrose dạng hạt. Lượng chất tạo ngọt thực tế trong một phần; dấu gạch chéo là lựa chọn. Khớp gần với bản ghi USDA SR28; điểm khớp 100%.,2026-08-02
HN049,Nộm hoa chuối,Gỏi và nộm,1,hoa chuối,Bắp chuối thái,"Banana blossom, raw",rau,"tươi, sống",rau_cu_an_kem,có,thành phần được liệt kê,,có,70,51,35.7,355.6,10,ước tính biên tập; không phải công thức định lượng của từng quán,toàn bộ thành phần đặc trưng đã ghi trong CSV gốc; không phải công thức đầy đủ của mọi quán,Viện Dinh dưỡng Việt Nam / FAO (proxy),không gắn mã riêng; đối chiếu theo thực phẩm tương đương,NIN/FAO Energy kcal (trên 100 g phần ăn được),"Banana blossom, raw",https://viendinhduong.vn/en/cong-cu-va-tien-ich/nutritional-value-of-food; https://www.fao.org/fileadmin/templates/food_composition/documents/pdf/VTN_FCT_2007.pdf,https://vietnam.travel/node/1560,trung_binh,thap,Phần non ăn được. Khối lượng rau/củ ăn kèm hoặc làm nộm trong một phần.,2026-08-02
HN049,Nộm hoa chuối,Gỏi và nộm,2,tai heo/gà,tai heo,Pig ear or chicken,thành phần ghép,chín,dam_chinh,có,lựa chọn mặc định,HN049-02,có,90,250,225,355.6,63.3,ước tính biên tập; không phải công thức định lượng của từng quán,toàn bộ thành phần đặc trưng đã ghi trong CSV gốc; không phải công thức đầy đủ của mọi quán,Viện Dinh dưỡng Việt Nam / FAO (proxy),không gắn mã riêng; đối chiếu theo thực phẩm tương đương,NIN/FAO Energy kcal (trên 100 g phần ăn được),Pig ear or chicken,https://viendinhduong.vn/en/cong-cu-va-tien-ich/nutritional-value-of-food; https://www.fao.org/fileadmin/templates/food_composition/documents/pdf/VTN_FCT_2007.pdf,https://vietnam.travel/node/1560,thap,thap,Trung bình hai lựa chọn; tai heo thường béo hơn. Tách từ cụm lựa chọn “tai heo/gà”; dùng giá trị đại diện gần nhất. Khối lượng phần ăn được; tổ hợp có dấu gạch chéo được coi là một lựa chọn/hỗn hợp. Các lựa chọn cùng nhóm không dùng để cộng đồng thời.,2026-08-02
HN049,Nộm hoa chuối,Gỏi và nộm,3,tai heo/gà,Thịt gà chín,"Chicken meat, cooked",thịt gia cầm,"chín, thịt và da đại diện",dam_chinh,có,lựa chọn thay thế,HN049-02,không,90,239,215.1,355.6,0,ước tính biên tập; không phải công thức định lượng của từng quán,toàn bộ thành phần đặc trưng đã ghi trong CSV gốc; không phải công thức đầy đủ của mọi quán,Viện Dinh dưỡng Việt Nam / FAO (proxy),không gắn mã riêng; đối chiếu theo thực phẩm tương đương,NIN/FAO Energy kcal (trên 100 g phần ăn được),"Chicken meat, cooked",https://viendinhduong.vn/en/cong-cu-va-tien-ich/nutritional-value-of-food; https://www.fao.org/fileadmin/templates/food_composition/documents/pdf/VTN_FCT_2007.pdf,https://vietnam.travel/node/1560,trung_binh,thap,Biến thiên theo phần cắt và có da hay không. Khối lượng phần ăn được; tổ hợp có dấu gạch chéo được coi là một lựa chọn/hỗn hợp. Các lựa chọn cùng nhóm không dùng để cộng đồng thời.,2026-08-02
HN049,Nộm hoa chuối,Gỏi và nộm,4,lạc,Lạc nhân,Peanuts,hạt/đậu,khô hoặc rang,hat_beo_topping,có,thành phần được liệt kê,,có,15,567,85.1,355.6,23.9,ước tính biên tập; không phải công thức định lượng của từng quán,toàn bộ thành phần đặc trưng đã ghi trong CSV gốc; không phải công thức đầy đủ của mọi quán,Viện Dinh dưỡng Việt Nam / FAO (proxy),không gắn mã riêng; đối chiếu theo thực phẩm tương đương,NIN/FAO Energy kcal (trên 100 g phần ăn được),Peanuts,https://viendinhduong.vn/en/cong-cu-va-tien-ich/nutritional-value-of-food; https://www.fao.org/fileadmin/templates/food_composition/documents/pdf/VTN_FCT_2007.pdf,https://vietnam.travel/node/1560,cao,thap,"Nhân lạc ăn được, không vỏ. Một nhúm hạt/lạc/vừng làm topping.",2026-08-02
HN049,Nộm hoa chuối,Gỏi và nộm,5,rau thơm,Rau thơm hỗn hợp,Mixed fresh herbs,rau thơm,"tươi, sống",rau_thom,có,thành phần được liệt kê,,có,15,30,4.5,355.6,1.3,ước tính biên tập; không phải công thức định lượng của từng quán,toàn bộ thành phần đặc trưng đã ghi trong CSV gốc; không phải công thức đầy đủ của mọi quán,Viện Dinh dưỡng Việt Nam / FAO (proxy),không gắn mã riêng; đối chiếu theo thực phẩm tương đương,NIN/FAO Energy kcal (trên 100 g phần ăn được),Mixed fresh herbs,https://viendinhduong.vn/en/cong-cu-va-tien-ich/nutritional-value-of-food; https://www.fao.org/fileadmin/templates/food_composition/documents/pdf/VTN_FCT_2007.pdf,https://vietnam.travel/node/1560,thap,thap,Trung bình các rau thơm tươi. Một nhúm rau thơm/lá gia vị ăn được trong một suất.,2026-08-02
HN049,Nộm hoa chuối,Gỏi và nộm,6,nước mắm,Nước mắm,Fish sauce,gia vị/nước chấm,dạng lỏng,nuoc_cham_gia_vi_long,có,thành phần được liệt kê,,có,15,35,5.3,355.6,1.5,ước tính biên tập; không phải công thức định lượng của từng quán,toàn bộ thành phần đặc trưng đã ghi trong CSV gốc; không phải công thức đầy đủ của mọi quán,Viện Dinh dưỡng Việt Nam / FAO (proxy),không gắn mã riêng; đối chiếu theo thực phẩm tương đương,NIN/FAO Energy kcal (trên 100 g phần ăn được),Fish sauce,https://viendinhduong.vn/en/cong-cu-va-tien-ich/nutritional-value-of-food; https://www.fao.org/fileadmin/templates/food_composition/documents/pdf/VTN_FCT_2007.pdf,https://vietnam.travel/node/1560,cao,thap,"Loại nước mắm thông dụng. Lượng nước chấm/gia vị lỏng thực ăn trong một suất, không phải toàn bộ bát chấm.",2026-08-02
HN050,Lẩu ếch,Lẩu,1,ếch,Thịt ếch chín,"Frog legs, cooked",thịt,"chín, phần thịt",dam_chinh_thuy_san,có,thành phần được liệt kê,,có,100,99,99,390.7,25.3,ước tính biên tập; không phải công thức định lượng của từng quán,toàn bộ thành phần đặc trưng đã ghi trong CSV gốc; không phải công thức đầy đủ của mọi quán,USDA SR28 / FoodData Central (proxy),không gắn mã riêng; đối chiếu theo thực phẩm tương đương,USDA SR28 Energ_Kcal (trên 100 g phần ăn được),"Frog legs, cooked",https://catalog.data.gov/dataset/composition-of-foods-raw-processed-prepared-usda-national-nutrient-database-for-standar-28,https://vietnam.travel/node/1560,trung_binh,thap,Không tính xương. Khối lượng phần thịt ăn được sau khi bỏ xương/da không ăn.,2026-08-02
HN050,Lẩu ếch,Lẩu,2,măng,Măng tươi chín,"Bamboo shoots, cooked",rau,luộc/chín,rau_cu,có,thành phần được liệt kê,,có,60,27,16.2,390.7,4.1,ước tính biên tập; không phải công thức định lượng của từng quán,toàn bộ thành phần đặc trưng đã ghi trong CSV gốc; không phải công thức đầy đủ của mọi quán,USDA SR28 / FoodData Central (proxy),không gắn mã riêng; đối chiếu theo thực phẩm tương đương,USDA SR28 Energ_Kcal (trên 100 g phần ăn được),"Bamboo shoots, cooked",https://catalog.data.gov/dataset/composition-of-foods-raw-processed-prepared-usda-national-nutrient-database-for-standar-28,https://vietnam.travel/node/1560,cao,thap,Không tính măng khô. Khối lượng rau/củ chín hoặc sơ chế trong một suất.,2026-08-02
HN050,Lẩu ếch,Lẩu,3,lá lốt,Lá lốt,Wild betel leaves,rau thơm,tươi/chín,rau_thom,có,thành phần được liệt kê,,có,15,35,5.3,390.7,1.4,ước tính biên tập; không phải công thức định lượng của từng quán,toàn bộ thành phần đặc trưng đã ghi trong CSV gốc; không phải công thức đầy đủ của mọi quán,Viện Dinh dưỡng Việt Nam / FAO (proxy),không gắn mã riêng; đối chiếu theo thực phẩm tương đương,NIN/FAO Energy kcal (trên 100 g phần ăn được),Wild betel leaves,https://viendinhduong.vn/en/cong-cu-va-tien-ich/nutritional-value-of-food; https://www.fao.org/fileadmin/templates/food_composition/documents/pdf/VTN_FCT_2007.pdf,https://vietnam.travel/node/1560,trung_binh,thap,Lá ăn được. Một nhúm rau thơm/lá gia vị ăn được trong một suất.,2026-08-02
HN050,Lẩu ếch,Lẩu,4,ớt,Ớt tươi,"Chili pepper, raw",gia vị/rau quả,"tươi, sống",gia_vi,có,thành phần được liệt kê,,có,2,40,0.8,390.7,0.2,ước tính biên tập; không phải công thức định lượng của từng quán,toàn bộ thành phần đặc trưng đã ghi trong CSV gốc; không phải công thức đầy đủ của mọi quán,USDA SR28 / FoodData Central (proxy),không gắn mã riêng; đối chiếu theo thực phẩm tương đương,USDA SR28 Energ_Kcal (trên 100 g phần ăn được),"Chili pepper, raw",https://catalog.data.gov/dataset/composition-of-foods-raw-processed-prepared-usda-national-nutrient-database-for-standar-28,https://vietnam.travel/node/1560,cao,thap,Ớt đỏ tươi đại diện. Lượng gia vị ước tính được ăn trong một suất.,2026-08-02
HN050,Lẩu ếch,Lẩu,5,rau,Rau hỗn hợp,Mixed vegetables,rau củ,tươi hoặc chín nhẹ,rau_an_kem,có,thành phần được liệt kê,,có,70,30,21,390.7,5.4,ước tính biên tập; không phải công thức định lượng của từng quán,toàn bộ thành phần đặc trưng đã ghi trong CSV gốc; không phải công thức đầy đủ của mọi quán,Viện Dinh dưỡng Việt Nam / FAO (proxy),không gắn mã riêng; đối chiếu theo thực phẩm tương đương,NIN/FAO Energy kcal (trên 100 g phần ăn được),Mixed vegetables,https://viendinhduong.vn/en/cong-cu-va-tien-ich/nutritional-value-of-food; https://www.fao.org/fileadmin/templates/food_composition/documents/pdf/VTN_FCT_2007.pdf,https://vietnam.travel/node/1560,thap,thap,Tên chung; dùng trung bình rau ít tinh bột. Một nắm/đĩa rau ăn kèm cho một người; nếu là nguyên liệu đầu tiên của salad/nộm có thể nâng lên 120–150 g.,2026-08-02
HN050,Lẩu ếch,Lẩu,6,mì,Mì sợi chín,"Wheat noodles, cooked",mì/bún,"chín, ngậm nước",tinh_bot_chinh_da_chin,có,thành phần được liệt kê,,có,180,138,248.4,390.7,63.6,ước tính biên tập; không phải công thức định lượng của từng quán,toàn bộ thành phần đặc trưng đã ghi trong CSV gốc; không phải công thức đầy đủ của mọi quán,USDA SR28 / FoodData Central (proxy),không gắn mã riêng; đối chiếu theo thực phẩm tương đương,USDA SR28 Energ_Kcal (trên 100 g phần ăn được),"Wheat noodles, cooked",https://catalog.data.gov/dataset/composition-of-foods-raw-processed-prepared-usda-national-nutrient-database-for-standar-28,https://vietnam.travel/node/1560,trung_binh,thap,Mì lúa mì không sốt. Khối lượng sợi/bánh đã nấu chín cho một suất; nếu tra bảng dạng khô phải quy đổi lại.,2026-08-02
HN051,Lẩu gà,Lẩu,1,gà,Thịt gà chín,"Chicken meat, cooked",thịt gia cầm,"chín, thịt và da đại diện",dam_chinh,có,thành phần được liệt kê,,có,100,239,239,516.1,46.3,ước tính biên tập; không phải công thức định lượng của từng quán,toàn bộ thành phần đặc trưng đã ghi trong CSV gốc; không phải công thức đầy đủ của mọi quán,Viện Dinh dưỡng Việt Nam / FAO (proxy),không gắn mã riêng; đối chiếu theo thực phẩm tương đương,NIN/FAO Energy kcal (trên 100 g phần ăn được),"Chicken meat, cooked",https://viendinhduong.vn/en/cong-cu-va-tien-ich/nutritional-value-of-food; https://www.fao.org/fileadmin/templates/food_composition/documents/pdf/VTN_FCT_2007.pdf,https://vietnam.travel/node/1560,trung_binh,thap,Biến thiên theo phần cắt và có da hay không. Khối lượng thịt chín ăn được trong một suất; gà tùy chọn chỉ tính khi thực sự thêm.,2026-08-02
HN051,Lẩu gà,Lẩu,2,nấm/lá é,Nấm tươi hỗn hợp,"Mushrooms, raw",nấm,tươi,nam_rau_phu,có,lựa chọn mặc định,HN051-02,có,35,22,7.7,516.1,1.5,ước tính biên tập; không phải công thức định lượng của từng quán,toàn bộ thành phần đặc trưng đã ghi trong CSV gốc; không phải công thức đầy đủ của mọi quán,USDA SR28 / FoodData Central (proxy),USDA SR28 NDB_No 11238,USDA SR28 Energ_Kcal (trên 100 g phần ăn được),"MUSHROOMS,SHIITAKE,RAW",https://catalog.data.gov/dataset/composition-of-foods-raw-processed-prepared-usda-national-nutrient-database-for-standar-28,https://vietnam.travel/node/1560,trung_binh,thap,Nấm nút/nấm tươi đại diện. Khối lượng nấm/mộc nhĩ sau ngâm hoặc nấu trong một suất. Khớp gần với bản ghi USDA SR28; điểm khớp 100%. Các lựa chọn cùng nhóm không dùng để cộng đồng thời.,2026-08-02
HN051,Lẩu gà,Lẩu,3,nấm/lá é,lá é,Mushrooms or lemon basil,rau/nấm,tươi,nam_rau_phu,có,lựa chọn thay thế,HN051-02,không,35,25,8.8,516.1,0,ước tính biên tập; không phải công thức định lượng của từng quán,toàn bộ thành phần đặc trưng đã ghi trong CSV gốc; không phải công thức đầy đủ của mọi quán,Viện Dinh dưỡng Việt Nam / FAO (proxy),không gắn mã riêng; đối chiếu theo thực phẩm tương đương,NIN/FAO Energy kcal (trên 100 g phần ăn được),Mushrooms or lemon basil,https://viendinhduong.vn/en/cong-cu-va-tien-ich/nutritional-value-of-food; https://www.fao.org/fileadmin/templates/food_composition/documents/pdf/VTN_FCT_2007.pdf,https://vietnam.travel/node/1560,thap,thap,Giá trị trung gian của thành phần ít năng lượng. Tách từ cụm lựa chọn “nấm/lá é”; dùng giá trị đại diện gần nhất. Khối lượng nấm/mộc nhĩ sau ngâm hoặc nấu trong một suất. Các lựa chọn cùng nhóm không dùng để cộng đồng thời.,2026-08-02
HN051,Lẩu gà,Lẩu,4,rau,Rau hỗn hợp,Mixed vegetables,rau củ,tươi hoặc chín nhẹ,rau_an_kem,có,thành phần được liệt kê,,có,70,30,21,516.1,4.1,ước tính biên tập; không phải công thức định lượng của từng quán,toàn bộ thành phần đặc trưng đã ghi trong CSV gốc; không phải công thức đầy đủ của mọi quán,Viện Dinh dưỡng Việt Nam / FAO (proxy),không gắn mã riêng; đối chiếu theo thực phẩm tương đương,NIN/FAO Energy kcal (trên 100 g phần ăn được),Mixed vegetables,https://viendinhduong.vn/en/cong-cu-va-tien-ich/nutritional-value-of-food; https://www.fao.org/fileadmin/templates/food_composition/documents/pdf/VTN_FCT_2007.pdf,https://vietnam.travel/node/1560,thap,thap,Tên chung; dùng trung bình rau ít tinh bột. Một nắm/đĩa rau ăn kèm cho một người; nếu là nguyên liệu đầu tiên của salad/nộm có thể nâng lên 120–150 g.,2026-08-02
HN051,Lẩu gà,Lẩu,5,mì/bún,Mì sợi chín,"Wheat noodles, cooked",mì/bún,"chín, ngậm nước",tinh_bot_chinh_da_chin,có,lựa chọn mặc định,HN051-04,có,180,138,248.4,516.1,48.1,ước tính biên tập; không phải công thức định lượng của từng quán,toàn bộ thành phần đặc trưng đã ghi trong CSV gốc; không phải công thức đầy đủ của mọi quán,USDA SR28 / FoodData Central (proxy),không gắn mã riêng; đối chiếu theo thực phẩm tương đương,USDA SR28 Energ_Kcal (trên 100 g phần ăn được),"Wheat noodles, cooked",https://catalog.data.gov/dataset/composition-of-foods-raw-processed-prepared-usda-national-nutrient-database-for-standar-28,https://vietnam.travel/node/1560,trung_binh,thap,Mì lúa mì không sốt. Khối lượng sợi/bánh đã nấu chín cho một suất; nếu tra bảng dạng khô phải quy đổi lại. Các lựa chọn cùng nhóm không dùng để cộng đồng thời.,2026-08-02
HN051,Lẩu gà,Lẩu,6,mì/bún,Bún tươi,"Rice vermicelli, cooked",mì/bún,"chín, ngậm nước",tinh_bot_chinh_da_chin,có,lựa chọn thay thế,HN051-04,không,180,110,198,516.1,0,ước tính biên tập; không phải công thức định lượng của từng quán,toàn bộ thành phần đặc trưng đã ghi trong CSV gốc; không phải công thức đầy đủ của mọi quán,Viện Dinh dưỡng Việt Nam / FAO (proxy),không gắn mã riêng; đối chiếu theo thực phẩm tương đương,NIN/FAO Energy kcal (trên 100 g phần ăn được),"Rice vermicelli, cooked",https://viendinhduong.vn/en/cong-cu-va-tien-ich/nutritional-value-of-food; https://www.fao.org/fileadmin/templates/food_composition/documents/pdf/VTN_FCT_2007.pdf,https://vietnam.travel/node/1560,cao,thap,Bún gạo tươi. Khối lượng sợi/bánh đã nấu chín cho một suất; nếu tra bảng dạng khô phải quy đổi lại. Các lựa chọn cùng nhóm không dùng để cộng đồng thời.,2026-08-02
HN052,Lẩu riêu cua bắp bò,Lẩu Hà Nội,1,cua đồng,Thịt cua đồng,Rice-field crab meat,hải sản,"chín, phần ăn được",dam_hai_san_hoac_hon_hop,có,thành phần được liệt kê,,có,61.8,87,53.8,483,11.1,ước tính biên tập; không phải công thức định lượng của từng quán,toàn bộ thành phần đặc trưng đã ghi trong CSV gốc; không phải công thức đầy đủ của mọi quán,Viện Dinh dưỡng Việt Nam / FAO (proxy),không gắn mã riêng; đối chiếu theo thực phẩm tương đương,NIN/FAO Energy kcal (trên 100 g phần ăn được),Rice-field crab meat,https://viendinhduong.vn/en/cong-cu-va-tien-ich/nutritional-value-of-food; https://www.fao.org/fileadmin/templates/food_composition/documents/pdf/VTN_FCT_2007.pdf,https://vietnam.travel/node/1560,trung_binh,thap,"Không tính mai/vỏ lọc bỏ. Khối lượng phần ăn được, bỏ vỏ/xương; chuỗi có dấu gạch chéo là một lựa chọn/hỗn hợp. Khối lượng đạm được phân bổ lại theo ngân sách 200 g cho món có nhiều thành phần đạm.",2026-08-02
HN052,Lẩu riêu cua bắp bò,Lẩu Hà Nội,2,bắp bò,Bắp bò chín,"Beef shank, cooked",thịt,chín,dam_chinh,có,thành phần được liệt kê,,có,65.5,220,144.1,483,29.8,ước tính biên tập; không phải công thức định lượng của từng quán,toàn bộ thành phần đặc trưng đã ghi trong CSV gốc; không phải công thức đầy đủ của mọi quán,USDA SR28 / FoodData Central (proxy),không gắn mã riêng; đối chiếu theo thực phẩm tương đương,USDA SR28 Energ_Kcal (trên 100 g phần ăn được),"Beef shank, cooked",https://catalog.data.gov/dataset/composition-of-foods-raw-processed-prepared-usda-national-nutrient-database-for-standar-28,https://vietnam.travel/node/1560,trung_binh,thap,Bắp bò tương đối nạc. Khối lượng thịt bò chín/nhúng trong một suất. Khối lượng đạm được phân bổ lại theo ngân sách 200 g cho món có nhiều thành phần đạm.,2026-08-02
HN052,Lẩu riêu cua bắp bò,Lẩu Hà Nội,3,đậu phụ,Đậu phụ trắng,"Tofu, firm",đậu/sản phẩm đậu,đã đông tụ,dam_thuc_vat_da_chin,có,thành phần được liệt kê,,có,72.7,76,55.3,483,11.4,ước tính biên tập; không phải công thức định lượng của từng quán,toàn bộ thành phần đặc trưng đã ghi trong CSV gốc; không phải công thức đầy đủ của mọi quán,Viện Dinh dưỡng Việt Nam / FAO (proxy),không gắn mã riêng; đối chiếu theo thực phẩm tương đương,NIN/FAO Energy kcal (trên 100 g phần ăn được),"Tofu, firm",https://viendinhduong.vn/en/cong-cu-va-tien-ich/nutritional-value-of-food; https://www.fao.org/fileadmin/templates/food_composition/documents/pdf/VTN_FCT_2007.pdf,https://vietnam.travel/node/1560,cao,thap,Đậu phụ chưa chiên. Khối lượng đậu/đậu phụ đã nấu trong một phần. Khối lượng đạm được phân bổ lại theo ngân sách 200 g cho món có nhiều thành phần đạm.,2026-08-02
HN052,Lẩu riêu cua bắp bò,Lẩu Hà Nội,4,cà chua,Cà chua tươi,"Tomato, raw",rau quả,tươi,rau_cu,có,thành phần được liệt kê,,có,60,18,10.8,483,2.2,ước tính biên tập; không phải công thức định lượng của từng quán,toàn bộ thành phần đặc trưng đã ghi trong CSV gốc; không phải công thức đầy đủ của mọi quán,USDA SR28 / FoodData Central (proxy),không gắn mã riêng; đối chiếu theo thực phẩm tương đương,USDA SR28 Energ_Kcal (trên 100 g phần ăn được),"Tomato, raw",https://catalog.data.gov/dataset/composition-of-foods-raw-processed-prepared-usda-national-nutrient-database-for-standar-28,https://vietnam.travel/node/1560,cao,thap,Phần quả ăn được. Khối lượng rau/củ chín hoặc sơ chế trong một suất.,2026-08-02
HN052,Lẩu riêu cua bắp bò,Lẩu Hà Nội,5,rau,Rau hỗn hợp,Mixed vegetables,rau củ,tươi hoặc chín nhẹ,rau_an_kem,có,thành phần được liệt kê,,có,70,30,21,483,4.3,ước tính biên tập; không phải công thức định lượng của từng quán,toàn bộ thành phần đặc trưng đã ghi trong CSV gốc; không phải công thức đầy đủ của mọi quán,Viện Dinh dưỡng Việt Nam / FAO (proxy),không gắn mã riêng; đối chiếu theo thực phẩm tương đương,NIN/FAO Energy kcal (trên 100 g phần ăn được),Mixed vegetables,https://viendinhduong.vn/en/cong-cu-va-tien-ich/nutritional-value-of-food; https://www.fao.org/fileadmin/templates/food_composition/documents/pdf/VTN_FCT_2007.pdf,https://vietnam.travel/node/1560,thap,thap,Tên chung; dùng trung bình rau ít tinh bột. Một nắm/đĩa rau ăn kèm cho một người; nếu là nguyên liệu đầu tiên của salad/nộm có thể nâng lên 120–150 g.,2026-08-02
HN052,Lẩu riêu cua bắp bò,Lẩu Hà Nội,6,bún,Bún tươi,"Rice vermicelli, cooked",mì/bún,"chín, ngậm nước",tinh_bot_chinh_da_chin,có,thành phần được liệt kê,,có,180,110,198,483,41,ước tính biên tập; không phải công thức định lượng của từng quán,toàn bộ thành phần đặc trưng đã ghi trong CSV gốc; không phải công thức đầy đủ của mọi quán,Viện Dinh dưỡng Việt Nam / FAO (proxy),không gắn mã riêng; đối chiếu theo thực phẩm tương đương,NIN/FAO Energy kcal (trên 100 g phần ăn được),"Rice vermicelli, cooked",https://viendinhduong.vn/en/cong-cu-va-tien-ich/nutritional-value-of-food; https://www.fao.org/fileadmin/templates/food_composition/documents/pdf/VTN_FCT_2007.pdf,https://vietnam.travel/node/1560,cao,thap,Bún gạo tươi. Khối lượng sợi/bánh đã nấu chín cho một suất; nếu tra bảng dạng khô phải quy đổi lại.,2026-08-02
HN053,Lẩu cá kèo,Lẩu miền Nam,1,cá kèo,Cá kèo chín,"Goby fish, cooked",cá,"chín, phần ăn được",dam_chinh_thuy_san,có,thành phần được liệt kê,,có,100,120,120,341.1,35.2,ước tính biên tập; không phải công thức định lượng của từng quán,toàn bộ thành phần đặc trưng đã ghi trong CSV gốc; không phải công thức đầy đủ của mọi quán,Viện Dinh dưỡng Việt Nam / FAO (proxy),không gắn mã riêng; đối chiếu theo thực phẩm tương đương,NIN/FAO Energy kcal (trên 100 g phần ăn được),"Goby fish, cooked",https://viendinhduong.vn/en/cong-cu-va-tien-ich/nutritional-value-of-food; https://www.fao.org/fileadmin/templates/food_composition/documents/pdf/VTN_FCT_2007.pdf,https://vietnam.travel/things-to-do/vietnam-foodie-guide-region,thap,thap,Proxy cá nạc vừa chín. Khối lượng phần thịt ăn được sau khi bỏ xương/da không ăn.,2026-08-02
HN053,Lẩu cá kèo,Lẩu miền Nam,2,lá giang,Lá giang,Sour-soup creeper leaves,rau lá,tươi/chín,la_tao_huong,có,thành phần được liệt kê,,có,5,25,1.3,341.1,0.4,ước tính biên tập; không phải công thức định lượng của từng quán,toàn bộ thành phần đặc trưng đã ghi trong CSV gốc; không phải công thức đầy đủ của mọi quán,Viện Dinh dưỡng Việt Nam / FAO (proxy),không gắn mã riêng; đối chiếu theo thực phẩm tương đương,NIN/FAO Energy kcal (trên 100 g phần ăn được),Sour-soup creeper leaves,https://viendinhduong.vn/en/cong-cu-va-tien-ich/nutritional-value-of-food; https://www.fao.org/fileadmin/templates/food_composition/documents/pdf/VTN_FCT_2007.pdf,https://vietnam.travel/things-to-do/vietnam-foodie-guide-region,thap,thap,Proxy rau lá chua tươi. Lượng lá tạo hương/chua trong một suất.,2026-08-02
HN053,Lẩu cá kèo,Lẩu miền Nam,3,rau,Rau hỗn hợp,Mixed vegetables,rau củ,tươi hoặc chín nhẹ,rau_an_kem,có,thành phần được liệt kê,,có,70,30,21,341.1,6.2,ước tính biên tập; không phải công thức định lượng của từng quán,toàn bộ thành phần đặc trưng đã ghi trong CSV gốc; không phải công thức đầy đủ của mọi quán,Viện Dinh dưỡng Việt Nam / FAO (proxy),không gắn mã riêng; đối chiếu theo thực phẩm tương đương,NIN/FAO Energy kcal (trên 100 g phần ăn được),Mixed vegetables,https://viendinhduong.vn/en/cong-cu-va-tien-ich/nutritional-value-of-food; https://www.fao.org/fileadmin/templates/food_composition/documents/pdf/VTN_FCT_2007.pdf,https://vietnam.travel/things-to-do/vietnam-foodie-guide-region,thap,thap,Tên chung; dùng trung bình rau ít tinh bột. Một nắm/đĩa rau ăn kèm cho một người; nếu là nguyên liệu đầu tiên của salad/nộm có thể nâng lên 120–150 g.,2026-08-02
HN053,Lẩu cá kèo,Lẩu miền Nam,4,bún,Bún tươi,"Rice vermicelli, cooked",mì/bún,"chín, ngậm nước",tinh_bot_chinh_da_chin,có,thành phần được liệt kê,,có,180,110,198,341.1,58,ước tính biên tập; không phải công thức định lượng của từng quán,toàn bộ thành phần đặc trưng đã ghi trong CSV gốc; không phải công thức đầy đủ của mọi quán,Viện Dinh dưỡng Việt Nam / FAO (proxy),không gắn mã riêng; đối chiếu theo thực phẩm tương đương,NIN/FAO Energy kcal (trên 100 g phần ăn được),"Rice vermicelli, cooked",https://viendinhduong.vn/en/cong-cu-va-tien-ich/nutritional-value-of-food; https://www.fao.org/fileadmin/templates/food_composition/documents/pdf/VTN_FCT_2007.pdf,https://vietnam.travel/things-to-do/vietnam-foodie-guide-region,cao,thap,Bún gạo tươi. Khối lượng sợi/bánh đã nấu chín cho một suất; nếu tra bảng dạng khô phải quy đổi lại.,2026-08-02
HN053,Lẩu cá kèo,Lẩu miền Nam,5,ớt,Ớt tươi,"Chili pepper, raw",gia vị/rau quả,"tươi, sống",gia_vi,có,thành phần được liệt kê,,có,2,40,0.8,341.1,0.2,ước tính biên tập; không phải công thức định lượng của từng quán,toàn bộ thành phần đặc trưng đã ghi trong CSV gốc; không phải công thức đầy đủ của mọi quán,USDA SR28 / FoodData Central (proxy),không gắn mã riêng; đối chiếu theo thực phẩm tương đương,USDA SR28 Energ_Kcal (trên 100 g phần ăn được),"Chili pepper, raw",https://catalog.data.gov/dataset/composition-of-foods-raw-processed-prepared-usda-national-nutrient-database-for-standar-28,https://vietnam.travel/things-to-do/vietnam-foodie-guide-region,cao,thap,Ớt đỏ tươi đại diện. Lượng gia vị ước tính được ăn trong một suất.,2026-08-02
HN054,Lẩu mắm,Lẩu miền Nam,1,mắm cá,Mắm cá lên men,Fermented fish paste,gia vị/nước chấm,lên men,mam_dac,có,thành phần được liệt kê,,có,18,140,25.2,342.2,7.4,ước tính biên tập; không phải công thức định lượng của từng quán,toàn bộ thành phần đặc trưng đã ghi trong CSV gốc; không phải công thức đầy đủ của mọi quán,Viện Dinh dưỡng Việt Nam / FAO (proxy),không gắn mã riêng; đối chiếu theo thực phẩm tương đương,NIN/FAO Energy kcal (trên 100 g phần ăn được),Fermented fish paste,https://viendinhduong.vn/en/cong-cu-va-tien-ich/nutritional-value-of-food; https://www.fao.org/fileadmin/templates/food_composition/documents/pdf/VTN_FCT_2007.pdf,https://vietnam.travel/things-to-do/vietnam-foodie-guide-region,thap,thap,Biến thiên theo loại cá và đường. Lượng mắm đặc thực ăn/nấu trong một phần.,2026-08-02
HN054,Lẩu mắm,Lẩu miền Nam,2,tôm,Tôm chín,"Shrimp, cooked",hải sản,"chín, phần ăn được",dam_hai_san_hoac_hon_hop,có,thành phần được liệt kê,,có,70.8,99,70.1,342.2,20.5,ước tính biên tập; không phải công thức định lượng của từng quán,toàn bộ thành phần đặc trưng đã ghi trong CSV gốc; không phải công thức đầy đủ của mọi quán,USDA SR28 / FoodData Central (proxy),không gắn mã riêng; đối chiếu theo thực phẩm tương đương,USDA SR28 Energ_Kcal (trên 100 g phần ăn được),"Shrimp, cooked",https://catalog.data.gov/dataset/composition-of-foods-raw-processed-prepared-usda-national-nutrient-database-for-standar-28,https://vietnam.travel/things-to-do/vietnam-foodie-guide-region,cao,thap,"Không tính vỏ và đầu bỏ đi. Khối lượng phần ăn được, bỏ vỏ/xương; chuỗi có dấu gạch chéo là một lựa chọn/hỗn hợp. Khối lượng đạm được phân bổ lại theo ngân sách 200 g cho món có nhiều thành phần đạm.",2026-08-02
HN054,Lẩu mắm,Lẩu miền Nam,3,mực,Mực chín,"Squid, cooked",hải sản,"chín, phần ăn được",dam_hai_san_hoac_hon_hop,có,thành phần được liệt kê,,có,70.8,92,65.1,342.2,19,ước tính biên tập; không phải công thức định lượng của từng quán,toàn bộ thành phần đặc trưng đã ghi trong CSV gốc; không phải công thức đầy đủ của mọi quán,USDA SR28 / FoodData Central (proxy),không gắn mã riêng; đối chiếu theo thực phẩm tương đương,USDA SR28 Energ_Kcal (trên 100 g phần ăn được),"Squid, cooked",https://catalog.data.gov/dataset/composition-of-foods-raw-processed-prepared-usda-national-nutrient-database-for-standar-28,https://vietnam.travel/things-to-do/vietnam-foodie-guide-region,cao,thap,"Không tính dầu chiên/sốt. Khối lượng phần ăn được, bỏ vỏ/xương; chuỗi có dấu gạch chéo là một lựa chọn/hỗn hợp. Khối lượng đạm được phân bổ lại theo ngân sách 200 g cho món có nhiều thành phần đạm.",2026-08-02
HN054,Lẩu mắm,Lẩu miền Nam,4,thịt,Thịt chín tổng hợp,"Cooked meat, generic",thịt,chín,dam_chinh_hoac_nhan,có,thành phần được liệt kê,,có,58.3,250,145.8,342.2,42.6,ước tính biên tập; không phải công thức định lượng của từng quán,toàn bộ thành phần đặc trưng đã ghi trong CSV gốc; không phải công thức đầy đủ của mọi quán,Viện Dinh dưỡng Việt Nam / FAO (proxy),không gắn mã riêng; đối chiếu theo thực phẩm tương đương,NIN/FAO Energy kcal (trên 100 g phần ăn được),"Cooked meat, generic",https://viendinhduong.vn/en/cong-cu-va-tien-ich/nutritional-value-of-food; https://www.fao.org/fileadmin/templates/food_composition/documents/pdf/VTN_FCT_2007.pdf,https://vietnam.travel/things-to-do/vietnam-foodie-guide-region,thap,thap,Tên chung; giá trị trung bình thịt nạc-mỡ vừa. Thịt chín dùng làm nhân/topping; nếu là nguyên liệu đầu tiên của món có thể nâng lên 90 g. Khối lượng đạm được phân bổ lại theo ngân sách 200 g cho món có nhiều thành phần đạm.,2026-08-02
HN054,Lẩu mắm,Lẩu miền Nam,5,cà tím,Cà tím,"Eggplant, raw",rau quả,tươi,rau_cu,có,thành phần được liệt kê,,có,60,25,15,342.2,4.4,ước tính biên tập; không phải công thức định lượng của từng quán,toàn bộ thành phần đặc trưng đã ghi trong CSV gốc; không phải công thức đầy đủ của mọi quán,USDA SR28 / FoodData Central (proxy),USDA SR28 NDB_No 11209,USDA SR28 Energ_Kcal (trên 100 g phần ăn được),"EGGPLANT,RAW",https://catalog.data.gov/dataset/composition-of-foods-raw-processed-prepared-usda-national-nutrient-database-for-standar-28,https://vietnam.travel/things-to-do/vietnam-foodie-guide-region,cao,thap,Khi xào cần tính dầu riêng. Khối lượng rau/củ chín hoặc sơ chế trong một suất. Khớp gần với bản ghi USDA SR28; điểm khớp 100%.,2026-08-02
HN054,Lẩu mắm,Lẩu miền Nam,6,rau,Rau hỗn hợp,Mixed vegetables,rau củ,tươi hoặc chín nhẹ,rau_an_kem,có,thành phần được liệt kê,,có,70,30,21,342.2,6.1,ước tính biên tập; không phải công thức định lượng của từng quán,toàn bộ thành phần đặc trưng đã ghi trong CSV gốc; không phải công thức đầy đủ của mọi quán,Viện Dinh dưỡng Việt Nam / FAO (proxy),không gắn mã riêng; đối chiếu theo thực phẩm tương đương,NIN/FAO Energy kcal (trên 100 g phần ăn được),Mixed vegetables,https://viendinhduong.vn/en/cong-cu-va-tien-ich/nutritional-value-of-food; https://www.fao.org/fileadmin/templates/food_composition/documents/pdf/VTN_FCT_2007.pdf,https://vietnam.travel/things-to-do/vietnam-foodie-guide-region,thap,thap,Tên chung; dùng trung bình rau ít tinh bột. Một nắm/đĩa rau ăn kèm cho một người; nếu là nguyên liệu đầu tiên của salad/nộm có thể nâng lên 120–150 g.,2026-08-02
HN055,Lẩu Thái,Lẩu quốc tế phổ biến,1,sả,Sả tươi,"Lemongrass, raw",gia vị,tươi,gia_vi_tuoi,có,thành phần được liệt kê,,có,8,99,7.9,122.6,6.4,ước tính biên tập; không phải công thức định lượng của từng quán,toàn bộ thành phần đặc trưng đã ghi trong CSV gốc; không phải công thức đầy đủ của mọi quán,USDA SR28 / FoodData Central (proxy),không gắn mã riêng; đối chiếu theo thực phẩm tương đương,USDA SR28 Energ_Kcal (trên 100 g phần ăn được),"Lemongrass, raw",https://catalog.data.gov/dataset/composition-of-foods-raw-processed-prepared-usda-national-nutrient-database-for-standar-28,https://vietnam.travel/things-to-do/must-try-food-in-hanoi,cao,thap,Phần thân ăn được. Lượng gia vị tươi ước/nấu trong một suất; không nhất thiết ăn hết phần xác.,2026-08-02
HN055,Lẩu Thái,Lẩu quốc tế phổ biến,2,riềng,Riềng tươi,"Galangal, raw",gia vị,tươi,gia_vi_tuoi,có,thành phần được liệt kê,,có,8,71,5.7,122.6,4.6,ước tính biên tập; không phải công thức định lượng của từng quán,toàn bộ thành phần đặc trưng đã ghi trong CSV gốc; không phải công thức đầy đủ của mọi quán,Viện Dinh dưỡng Việt Nam / FAO (proxy),không gắn mã riêng; đối chiếu theo thực phẩm tương đương,NIN/FAO Energy kcal (trên 100 g phần ăn được),"Galangal, raw",https://viendinhduong.vn/en/cong-cu-va-tien-ich/nutritional-value-of-food; https://www.fao.org/fileadmin/templates/food_composition/documents/pdf/VTN_FCT_2007.pdf,https://vietnam.travel/things-to-do/must-try-food-in-hanoi,trung_binh,thap,Phần thân rễ ăn được. Lượng gia vị tươi ước/nấu trong một suất; không nhất thiết ăn hết phần xác.,2026-08-02
HN055,Lẩu Thái,Lẩu quốc tế phổ biến,3,lá chanh,Lá chanh Thái/chanh ta,Kaffir lime leaves,rau thơm/gia vị,tươi,la_tao_huong,có,thành phần được liệt kê,,có,5,43,2.2,122.6,1.8,ước tính biên tập; không phải công thức định lượng của từng quán,toàn bộ thành phần đặc trưng đã ghi trong CSV gốc; không phải công thức đầy đủ của mọi quán,Viện Dinh dưỡng Việt Nam / FAO (proxy),không gắn mã riêng; đối chiếu theo thực phẩm tương đương,NIN/FAO Energy kcal (trên 100 g phần ăn được),Kaffir lime leaves,https://viendinhduong.vn/en/cong-cu-va-tien-ich/nutritional-value-of-food; https://www.fao.org/fileadmin/templates/food_composition/documents/pdf/VTN_FCT_2007.pdf,https://vietnam.travel/things-to-do/must-try-food-in-hanoi,thap,thap,Proxy từ lá gia vị tươi; lượng dùng rất nhỏ. Lượng lá tạo hương/chua trong một suất.,2026-08-02
HN055,Lẩu Thái,Lẩu quốc tế phổ biến,4,ớt,Ớt tươi,"Chili pepper, raw",gia vị/rau quả,"tươi, sống",gia_vi,có,thành phần được liệt kê,,có,2,40,0.8,122.6,0.7,ước tính biên tập; không phải công thức định lượng của từng quán,toàn bộ thành phần đặc trưng đã ghi trong CSV gốc; không phải công thức đầy đủ của mọi quán,USDA SR28 / FoodData Central (proxy),không gắn mã riêng; đối chiếu theo thực phẩm tương đương,USDA SR28 Energ_Kcal (trên 100 g phần ăn được),"Chili pepper, raw",https://catalog.data.gov/dataset/composition-of-foods-raw-processed-prepared-usda-national-nutrient-database-for-standar-28,https://vietnam.travel/things-to-do/must-try-food-in-hanoi,cao,thap,Ớt đỏ tươi đại diện. Lượng gia vị ước tính được ăn trong một suất.,2026-08-02
HN055,Lẩu Thái,Lẩu quốc tế phổ biến,5,hải sản,Hải sản hỗn hợp chín,"Mixed seafood, cooked",hải sản,chín,dam_hai_san_hoac_hon_hop,có,thành phần được liệt kê,,có,85,100,85,122.6,69.3,ước tính biên tập; không phải công thức định lượng của từng quán,toàn bộ thành phần đặc trưng đã ghi trong CSV gốc; không phải công thức đầy đủ của mọi quán,USDA SR28 / FoodData Central (proxy),không gắn mã riêng; đối chiếu theo thực phẩm tương đương,USDA SR28 Energ_Kcal (trên 100 g phần ăn được),"Mixed seafood, cooked",https://catalog.data.gov/dataset/composition-of-foods-raw-processed-prepared-usda-national-nutrient-database-for-standar-28,https://vietnam.travel/things-to-do/must-try-food-in-hanoi,thap,thap,"Trung bình tôm, mực và nhuyễn thể nạc. Khối lượng phần ăn được, bỏ vỏ/xương; chuỗi có dấu gạch chéo là một lựa chọn/hỗn hợp.",2026-08-02
HN055,Lẩu Thái,Lẩu quốc tế phổ biến,6,rau,Rau hỗn hợp,Mixed vegetables,rau củ,tươi hoặc chín nhẹ,rau_an_kem,có,thành phần được liệt kê,,có,70,30,21,122.6,17.1,ước tính biên tập; không phải công thức định lượng của từng quán,toàn bộ thành phần đặc trưng đã ghi trong CSV gốc; không phải công thức đầy đủ của mọi quán,Viện Dinh dưỡng Việt Nam / FAO (proxy),không gắn mã riêng; đối chiếu theo thực phẩm tương đương,NIN/FAO Energy kcal (trên 100 g phần ăn được),Mixed vegetables,https://viendinhduong.vn/en/cong-cu-va-tien-ich/nutritional-value-of-food; https://www.fao.org/fileadmin/templates/food_composition/documents/pdf/VTN_FCT_2007.pdf,https://vietnam.travel/things-to-do/must-try-food-in-hanoi,thap,thap,Tên chung; dùng trung bình rau ít tinh bột. Một nắm/đĩa rau ăn kèm cho một người; nếu là nguyên liệu đầu tiên của salad/nộm có thể nâng lên 120–150 g.,2026-08-02
HN056,Bò nhúng dấm,Lẩu và cuốn,1,thịt bò,Thịt bò chín,"Beef, cooked",thịt,chín,dam_chinh,có,thành phần được liệt kê,,có,90,250,225,382,58.9,ước tính biên tập; không phải công thức định lượng của từng quán,toàn bộ thành phần đặc trưng đã ghi trong CSV gốc; không phải công thức đầy đủ của mọi quán,Viện Dinh dưỡng Việt Nam / FAO (proxy),không gắn mã riêng; đối chiếu theo thực phẩm tương đương,NIN/FAO Energy kcal (trên 100 g phần ăn được),"Beef, cooked",https://viendinhduong.vn/en/cong-cu-va-tien-ich/nutritional-value-of-food; https://www.fao.org/fileadmin/templates/food_composition/documents/pdf/VTN_FCT_2007.pdf,https://vietnamtourism.vn/en/index.php/services/restaurants/search/19,trung_binh,thap,Giá trị đại diện phần cắt nạc-mỡ vừa. Khối lượng thịt bò chín/nhúng trong một suất.,2026-08-02
HN056,Bò nhúng dấm,Lẩu và cuốn,2,giấm,Giấm ăn,Vinegar,gia vị,dạng lỏng,nuoc_cham_gia_vi_long,có,thành phần được liệt kê,,có,15,18,2.7,382,0.7,ước tính biên tập; không phải công thức định lượng của từng quán,toàn bộ thành phần đặc trưng đã ghi trong CSV gốc; không phải công thức đầy đủ của mọi quán,USDA SR28 / FoodData Central (proxy),USDA SR28 NDB_No 02048,USDA SR28 Energ_Kcal (trên 100 g phần ăn được),"VINEGAR,CIDER",https://catalog.data.gov/dataset/composition-of-foods-raw-processed-prepared-usda-national-nutrient-database-for-standar-28,https://vietnamtourism.vn/en/index.php/services/restaurants/search/19,cao,thap,"Giấm 5% acid đại diện. Lượng nước chấm/gia vị lỏng thực ăn trong một suất, không phải toàn bộ bát chấm. Khớp gần với bản ghi USDA SR28; điểm khớp 100%.",2026-08-02
HN056,Bò nhúng dấm,Lẩu và cuốn,3,sả,Sả tươi,"Lemongrass, raw",gia vị,tươi,gia_vi_tuoi,có,thành phần được liệt kê,,có,8,99,7.9,382,2.1,ước tính biên tập; không phải công thức định lượng của từng quán,toàn bộ thành phần đặc trưng đã ghi trong CSV gốc; không phải công thức đầy đủ của mọi quán,USDA SR28 / FoodData Central (proxy),không gắn mã riêng; đối chiếu theo thực phẩm tương đương,USDA SR28 Energ_Kcal (trên 100 g phần ăn được),"Lemongrass, raw",https://catalog.data.gov/dataset/composition-of-foods-raw-processed-prepared-usda-national-nutrient-database-for-standar-28,https://vietnamtourism.vn/en/index.php/services/restaurants/search/19,cao,thap,Phần thân ăn được. Lượng gia vị tươi ước/nấu trong một suất; không nhất thiết ăn hết phần xác.,2026-08-02
HN056,Bò nhúng dấm,Lẩu và cuốn,4,hành,Hành lá,"Spring onion, raw",rau thơm,tươi,rau_thom_tao_nen,có,thành phần được liệt kê,,có,20,32,6.4,382,1.7,ước tính biên tập; không phải công thức định lượng của từng quán,toàn bộ thành phần đặc trưng đã ghi trong CSV gốc; không phải công thức đầy đủ của mọi quán,Viện Dinh dưỡng Việt Nam / FAO (proxy),không gắn mã riêng; đối chiếu theo thực phẩm tương đương,NIN/FAO Energy kcal (trên 100 g phần ăn được),"Spring onion, raw",https://viendinhduong.vn/en/cong-cu-va-tien-ich/nutritional-value-of-food; https://www.fao.org/fileadmin/templates/food_composition/documents/pdf/VTN_FCT_2007.pdf,https://vietnamtourism.vn/en/index.php/services/restaurants/search/19,trung_binh,thap,"Giả định hành lá, không phải hành củ. Lượng hành trong một suất; nếu chỉ rắc mặt có thể giảm còn 5–10 g theo thứ tự thành phần.",2026-08-02
HN056,Bò nhúng dấm,Lẩu và cuốn,5,bánh tráng,Bánh tráng gạo khô,"Rice paper, dry",bánh/bột gạo,khô,vo_banh_tinh_bot,có,thành phần được liệt kê,,có,35,340,119,382,31.2,ước tính biên tập; không phải công thức định lượng của từng quán,toàn bộ thành phần đặc trưng đã ghi trong CSV gốc; không phải công thức đầy đủ của mọi quán,Viện Dinh dưỡng Việt Nam / FAO (proxy),không gắn mã riêng; đối chiếu theo thực phẩm tương đương,NIN/FAO Energy kcal (trên 100 g phần ăn được),"Rice paper, dry",https://viendinhduong.vn/en/cong-cu-va-tien-ich/nutritional-value-of-food; https://www.fao.org/fileadmin/templates/food_composition/documents/pdf/VTN_FCT_2007.pdf,https://vietnamtourism.vn/en/index.php/services/restaurants/search/19,trung_binh,thap,Loại bánh tráng mỏng chưa chiên. Tổng khối lượng lá/vỏ bánh ăn được trong một suất.,2026-08-02
HN056,Bò nhúng dấm,Lẩu và cuốn,6,rau,Rau hỗn hợp,Mixed vegetables,rau củ,tươi hoặc chín nhẹ,rau_an_kem,có,thành phần được liệt kê,,có,70,30,21,382,5.5,ước tính biên tập; không phải công thức định lượng của từng quán,toàn bộ thành phần đặc trưng đã ghi trong CSV gốc; không phải công thức đầy đủ của mọi quán,Viện Dinh dưỡng Việt Nam / FAO (proxy),không gắn mã riêng; đối chiếu theo thực phẩm tương đương,NIN/FAO Energy kcal (trên 100 g phần ăn được),Mixed vegetables,https://viendinhduong.vn/en/cong-cu-va-tien-ich/nutritional-value-of-food; https://www.fao.org/fileadmin/templates/food_composition/documents/pdf/VTN_FCT_2007.pdf,https://vietnamtourism.vn/en/index.php/services/restaurants/search/19,thap,thap,Tên chung; dùng trung bình rau ít tinh bột. Một nắm/đĩa rau ăn kèm cho một người; nếu là nguyên liệu đầu tiên của salad/nộm có thể nâng lên 120–150 g.,2026-08-02
HN057,Koshari,Món Ai Cập,1,cơm,Cơm trắng,"White rice, cooked",ngũ cốc,"chín, ngậm nước",tinh_bot_chinh_da_chin,có,thành phần được liệt kê,,có,180,130,234,757.8,30.9,ước tính biên tập; không phải công thức định lượng của từng quán,toàn bộ thành phần đặc trưng đã ghi trong CSV gốc; không phải công thức đầy đủ của mọi quán,Viện Dinh dưỡng Việt Nam / FAO (proxy),không gắn mã riêng; đối chiếu theo thực phẩm tương đương,NIN/FAO Energy kcal (trên 100 g phần ăn được),"White rice, cooked",https://viendinhduong.vn/en/cong-cu-va-tien-ich/nutritional-value-of-food; https://www.fao.org/fileadmin/templates/food_composition/documents/pdf/VTN_FCT_2007.pdf,https://vietnam.travel/things-to-do/must-try-food-in-hanoi; https://vietnamtourism.vn/en/index.php/services/restaurants/search/19,cao,thap,Cơm trắng nấu bằng nước. Khối lượng cơm chín trong một bát/phần.,2026-08-02
HN057,Koshari,Món Ai Cập,2,pasta,Pasta chín,"Pasta, cooked",mì/bún,"chín, ngậm nước",tinh_bot_chinh_da_chin,có,thành phần được liệt kê,,có,180,157,282.6,757.8,37.3,ước tính biên tập; không phải công thức định lượng của từng quán,toàn bộ thành phần đặc trưng đã ghi trong CSV gốc; không phải công thức đầy đủ của mọi quán,USDA SR28 / FoodData Central (proxy),không gắn mã riêng; đối chiếu theo thực phẩm tương đương,USDA SR28 Energ_Kcal (trên 100 g phần ăn được),"Pasta, cooked",https://catalog.data.gov/dataset/composition-of-foods-raw-processed-prepared-usda-national-nutrient-database-for-standar-28,https://vietnam.travel/things-to-do/must-try-food-in-hanoi; https://vietnamtourism.vn/en/index.php/services/restaurants/search/19,cao,thap,Không sốt và không dầu. Khối lượng sợi/bánh đã nấu chín cho một suất; nếu tra bảng dạng khô phải quy đổi lại.,2026-08-02
HN057,Koshari,Món Ai Cập,3,đậu lăng,Đậu lăng chín,"Lentils, cooked",đậu,luộc chín,dam_thuc_vat_da_chin,có,thành phần được liệt kê,,có,80,116,92.8,757.8,12.2,ước tính biên tập; không phải công thức định lượng của từng quán,toàn bộ thành phần đặc trưng đã ghi trong CSV gốc; không phải công thức đầy đủ của mọi quán,USDA SR28 / FoodData Central (proxy),không gắn mã riêng; đối chiếu theo thực phẩm tương đương,USDA SR28 Energ_Kcal (trên 100 g phần ăn được),"Lentils, cooked",https://catalog.data.gov/dataset/composition-of-foods-raw-processed-prepared-usda-national-nutrient-database-for-standar-28,https://vietnam.travel/things-to-do/must-try-food-in-hanoi; https://vietnamtourism.vn/en/index.php/services/restaurants/search/19,cao,thap,Không thêm dầu. Khối lượng đậu/đậu phụ đã nấu trong một phần. Khối lượng đạm được phân bổ lại theo ngân sách 160 g cho món có nhiều thành phần đạm.,2026-08-02
HN057,Koshari,Món Ai Cập,4,đậu gà,Đậu gà chín,"Chickpeas, cooked",đậu,luộc chín,dam_thuc_vat_da_chin,có,thành phần được liệt kê,,có,80,164,131.2,757.8,17.3,ước tính biên tập; không phải công thức định lượng của từng quán,toàn bộ thành phần đặc trưng đã ghi trong CSV gốc; không phải công thức đầy đủ của mọi quán,USDA SR28 / FoodData Central (proxy),không gắn mã riêng; đối chiếu theo thực phẩm tương đương,USDA SR28 Energ_Kcal (trên 100 g phần ăn được),"Chickpeas, cooked",https://catalog.data.gov/dataset/composition-of-foods-raw-processed-prepared-usda-national-nutrient-database-for-standar-28,https://vietnam.travel/things-to-do/must-try-food-in-hanoi; https://vietnamtourism.vn/en/index.php/services/restaurants/search/19,cao,thap,"Đã để ráo, không sốt. Khối lượng đậu/đậu phụ đã nấu trong một phần. Khối lượng đạm được phân bổ lại theo ngân sách 160 g cho món có nhiều thành phần đạm.",2026-08-02
HN057,Koshari,Món Ai Cập,5,hành,Hành lá,"Spring onion, raw",rau thơm,tươi,rau_thom_tao_nen,có,thành phần được liệt kê,,có,20,32,6.4,757.8,0.8,ước tính biên tập; không phải công thức định lượng của từng quán,toàn bộ thành phần đặc trưng đã ghi trong CSV gốc; không phải công thức đầy đủ của mọi quán,Viện Dinh dưỡng Việt Nam / FAO (proxy),không gắn mã riêng; đối chiếu theo thực phẩm tương đương,NIN/FAO Energy kcal (trên 100 g phần ăn được),"Spring onion, raw",https://viendinhduong.vn/en/cong-cu-va-tien-ich/nutritional-value-of-food; https://www.fao.org/fileadmin/templates/food_composition/documents/pdf/VTN_FCT_2007.pdf,https://vietnam.travel/things-to-do/must-try-food-in-hanoi; https://vietnamtourism.vn/en/index.php/services/restaurants/search/19,trung_binh,thap,"Giả định hành lá, không phải hành củ. Lượng hành trong một suất; nếu chỉ rắc mặt có thể giảm còn 5–10 g theo thứ tự thành phần.",2026-08-02
HN057,Koshari,Món Ai Cập,6,cà chua,Cà chua tươi,"Tomato, raw",rau quả,tươi,rau_cu,có,thành phần được liệt kê,,có,60,18,10.8,757.8,1.4,ước tính biên tập; không phải công thức định lượng của từng quán,toàn bộ thành phần đặc trưng đã ghi trong CSV gốc; không phải công thức đầy đủ của mọi quán,USDA SR28 / FoodData Central (proxy),không gắn mã riêng; đối chiếu theo thực phẩm tương đương,USDA SR28 Energ_Kcal (trên 100 g phần ăn được),"Tomato, raw",https://catalog.data.gov/dataset/composition-of-foods-raw-processed-prepared-usda-national-nutrient-database-for-standar-28,https://vietnam.travel/things-to-do/must-try-food-in-hanoi; https://vietnamtourism.vn/en/index.php/services/restaurants/search/19,cao,thap,Phần quả ăn được. Khối lượng rau/củ chín hoặc sơ chế trong một suất.,2026-08-02
HN058,Fish and chips,Món Anh,1,cá phi lê,Cá phi lê chín,"Fish fillet, cooked",cá,chín,dam_chinh_thuy_san,có,thành phần được liệt kê,,có,100,130,130,557.2,23.3,ước tính biên tập; không phải công thức định lượng của từng quán,toàn bộ thành phần đặc trưng đã ghi trong CSV gốc; không phải công thức đầy đủ của mọi quán,USDA SR28 / FoodData Central (proxy),không gắn mã riêng; đối chiếu theo thực phẩm tương đương,USDA SR28 Energ_Kcal (trên 100 g phần ăn được),"Fish fillet, cooked",https://catalog.data.gov/dataset/composition-of-foods-raw-processed-prepared-usda-national-nutrient-database-for-standar-28,https://vietnam.travel/things-to-do/must-try-food-in-hanoi; https://vietnamtourism.vn/en/index.php/services/restaurants/search/19,thap,thap,Tên chung; dùng cá nạc-vừa đại diện. Khối lượng phần thịt ăn được sau khi bỏ xương/da không ăn.,2026-08-02
HN058,Fish and chips,Món Anh,2,bột,Bột ngũ cốc/tinh bột,"Flour or starch, generic",bột/ngũ cốc,khô,tinh_bot_chinh_kho,có,thành phần được liệt kê,,có,70,365,255.5,557.2,45.9,ước tính biên tập; không phải công thức định lượng của từng quán,toàn bộ thành phần đặc trưng đã ghi trong CSV gốc; không phải công thức đầy đủ của mọi quán,Viện Dinh dưỡng Việt Nam / FAO (proxy),không gắn mã riêng; đối chiếu theo thực phẩm tương đương,NIN/FAO Energy kcal (trên 100 g phần ăn được),"Flour or starch, generic",https://viendinhduong.vn/en/cong-cu-va-tien-ich/nutritional-value-of-food; https://www.fao.org/fileadmin/templates/food_composition/documents/pdf/VTN_FCT_2007.pdf,https://vietnam.travel/things-to-do/must-try-food-in-hanoi; https://vietnamtourism.vn/en/index.php/services/restaurants/search/19,thap,thap,Tên chung; dùng mật độ năng lượng bột khô. Lượng bột khô quy đổi trong một phần bánh/món.,2026-08-02
HN058,Fish and chips,Món Anh,3,khoai tây,Khoai tây luộc,"Potato, boiled",củ giàu tinh bột,luộc chín,cu_tinh_bot,có,thành phần được liệt kê,,có,130,87,113.1,557.2,20.3,ước tính biên tập; không phải công thức định lượng của từng quán,toàn bộ thành phần đặc trưng đã ghi trong CSV gốc; không phải công thức đầy đủ của mọi quán,USDA SR28 / FoodData Central (proxy),không gắn mã riêng; đối chiếu theo thực phẩm tương đương,USDA SR28 Energ_Kcal (trên 100 g phần ăn được),"Potato, boiled",https://catalog.data.gov/dataset/composition-of-foods-raw-processed-prepared-usda-national-nutrient-database-for-standar-28,https://vietnam.travel/things-to-do/must-try-food-in-hanoi; https://vietnamtourism.vn/en/index.php/services/restaurants/search/19,cao,thap,"Không tính dầu, bơ hay sốt. Lượng củ ăn được trong một phần, trước khi tính dầu hút thêm.",2026-08-02
HN058,Fish and chips,Món Anh,4,tartar,Sốt tartar,Tartar sauce,nước sốt,chế biến sẵn,sot_nuoc_cham,có,thành phần được liệt kê,,có,25,211,52.8,557.2,9.5,ước tính biên tập; không phải công thức định lượng của từng quán,toàn bộ thành phần đặc trưng đã ghi trong CSV gốc; không phải công thức đầy đủ của mọi quán,USDA SR28 / FoodData Central (proxy),USDA SR28 NDB_No 21382,USDA SR28 Energ_Kcal (trên 100 g phần ăn được),"MCDONALD'S,FILET-O-FISH (WITHOUT TARTAR SAUCE)",https://catalog.data.gov/dataset/composition-of-foods-raw-processed-prepared-usda-national-nutrient-database-for-standar-28,https://vietnam.travel/things-to-do/must-try-food-in-hanoi; https://vietnamtourism.vn/en/index.php/services/restaurants/search/19,trung_binh,thap,Biến thiên theo tỷ lệ mayonnaise. Lượng sốt/nước chấm bám và được ăn trong một suất. Khớp gần với bản ghi USDA SR28; điểm khớp 100%.,2026-08-02
HN058,Fish and chips,Món Anh,5,chanh,Chanh tươi,"Lemon or lime, raw",trái cây/gia vị,"tươi, phần ăn được",qua_tao_chua,có,thành phần được liệt kê,,có,20,29,5.8,557.2,1,ước tính biên tập; không phải công thức định lượng của từng quán,toàn bộ thành phần đặc trưng đã ghi trong CSV gốc; không phải công thức đầy đủ của mọi quán,USDA SR28 / FoodData Central (proxy),không gắn mã riêng; đối chiếu theo thực phẩm tương đương,USDA SR28 Energ_Kcal (trên 100 g phần ăn được),"Lemon or lime, raw",https://catalog.data.gov/dataset/composition-of-foods-raw-processed-prepared-usda-national-nutrient-database-for-standar-28,https://vietnam.travel/things-to-do/must-try-food-in-hanoi; https://vietnamtourism.vn/en/index.php/services/restaurants/search/19,cao,thap,Phần múi/nước; không tính vỏ dày. Khối lượng phần nước/thịt quả dùng để tạo vị; không tính vỏ/hạt.,2026-08-02
HN059,Biryani,Món Ấn Độ,1,gạo basmati,Cơm gạo basmati,"Basmati rice, cooked",ngũ cốc,"chín, ngậm nước",tinh_bot_chinh_kho,có,thành phần được liệt kê,,có,80,121,96.8,326.4,29.7,ước tính biên tập; không phải công thức định lượng của từng quán,toàn bộ thành phần đặc trưng đã ghi trong CSV gốc; không phải công thức đầy đủ của mọi quán,USDA SR28 / FoodData Central (proxy),không gắn mã riêng; đối chiếu theo thực phẩm tương đương,USDA SR28 Energ_Kcal (trên 100 g phần ăn được),"Basmati rice, cooked",https://catalog.data.gov/dataset/composition-of-foods-raw-processed-prepared-usda-national-nutrient-database-for-standar-28,https://vietnam.travel/things-to-do/must-try-food-in-hanoi; https://vietnamtourism.vn/en/index.php/services/restaurants/search/19,trung_binh,thap,Không thêm dầu hoặc bơ ghee. Khối lượng gạo khô quy đổi cho một phần sau nấu.,2026-08-02
HN059,Biryani,Món Ấn Độ,2,gà/cừu,Thịt gà chín,"Chicken meat, cooked",thịt gia cầm,"chín, thịt và da đại diện",dam_chinh_lua_chon,có,lựa chọn mặc định,HN059-02,có,90,239,215.1,326.4,65.9,ước tính biên tập; không phải công thức định lượng của từng quán,toàn bộ thành phần đặc trưng đã ghi trong CSV gốc; không phải công thức đầy đủ của mọi quán,Viện Dinh dưỡng Việt Nam / FAO (proxy),không gắn mã riêng; đối chiếu theo thực phẩm tương đương,NIN/FAO Energy kcal (trên 100 g phần ăn được),"Chicken meat, cooked",https://viendinhduong.vn/en/cong-cu-va-tien-ich/nutritional-value-of-food; https://www.fao.org/fileadmin/templates/food_composition/documents/pdf/VTN_FCT_2007.pdf,https://vietnam.travel/things-to-do/must-try-food-in-hanoi; https://vietnamtourism.vn/en/index.php/services/restaurants/search/19,trung_binh,thap,Biến thiên theo phần cắt và có da hay không. Một lựa chọn đạm chính; không cộng đồng thời tất cả loại ngăn bằng dấu gạch chéo. Các lựa chọn cùng nhóm không dùng để cộng đồng thời.,2026-08-02
HN059,Biryani,Món Ấn Độ,3,gà/cừu,cừu,"Chicken or lamb, cooked",thịt,chín,dam_chinh_lua_chon,có,lựa chọn thay thế,HN059-02,không,90,245,220.5,326.4,0,ước tính biên tập; không phải công thức định lượng của từng quán,toàn bộ thành phần đặc trưng đã ghi trong CSV gốc; không phải công thức đầy đủ của mọi quán,USDA SR28 / FoodData Central (proxy),không gắn mã riêng; đối chiếu theo thực phẩm tương đương,USDA SR28 Energ_Kcal (trên 100 g phần ăn được),"Chicken or lamb, cooked",https://catalog.data.gov/dataset/composition-of-foods-raw-processed-prepared-usda-national-nutrient-database-for-standar-28,https://vietnam.travel/things-to-do/must-try-food-in-hanoi; https://vietnamtourism.vn/en/index.php/services/restaurants/search/19,thap,thap,Trung bình hai lựa chọn và nhiều phần cắt. Tách từ cụm lựa chọn “gà/cừu”; dùng giá trị đại diện gần nhất. Một lựa chọn đạm chính; không cộng đồng thời tất cả loại ngăn bằng dấu gạch chéo. Các lựa chọn cùng nhóm không dùng để cộng đồng thời.,2026-08-02
HN059,Biryani,Món Ấn Độ,4,nghệ tây,Nghệ tây khô,Saffron,gia vị,khô,gia_vi_kho_manh,có,thành phần được liệt kê,,có,0.2,310,0.6,326.4,0.2,ước tính biên tập; không phải công thức định lượng của từng quán,toàn bộ thành phần đặc trưng đã ghi trong CSV gốc; không phải công thức đầy đủ của mọi quán,USDA SR28 / FoodData Central (proxy),USDA SR28 NDB_No 02037,USDA SR28 Energ_Kcal (trên 100 g phần ăn được),SAFFRON,https://catalog.data.gov/dataset/composition-of-foods-raw-processed-prepared-usda-national-nutrient-database-for-standar-28,https://vietnam.travel/things-to-do/must-try-food-in-hanoi; https://vietnamtourism.vn/en/index.php/services/restaurants/search/19,cao,thap,Lượng dùng thực tế rất nhỏ. Một nhúm saffron rất nhỏ cho một suất. Khớp gần với bản ghi USDA SR28; điểm khớp 100%.,2026-08-02
HN059,Biryani,Món Ấn Độ,5,hành,Hành lá,"Spring onion, raw",rau thơm,tươi,rau_thom_tao_nen,có,thành phần được liệt kê,,có,20,32,6.4,326.4,2,ước tính biên tập; không phải công thức định lượng của từng quán,toàn bộ thành phần đặc trưng đã ghi trong CSV gốc; không phải công thức đầy đủ của mọi quán,Viện Dinh dưỡng Việt Nam / FAO (proxy),không gắn mã riêng; đối chiếu theo thực phẩm tương đương,NIN/FAO Energy kcal (trên 100 g phần ăn được),"Spring onion, raw",https://viendinhduong.vn/en/cong-cu-va-tien-ich/nutritional-value-of-food; https://www.fao.org/fileadmin/templates/food_composition/documents/pdf/VTN_FCT_2007.pdf,https://vietnam.travel/things-to-do/must-try-food-in-hanoi; https://vietnamtourism.vn/en/index.php/services/restaurants/search/19,trung_binh,thap,"Giả định hành lá, không phải hành củ. Lượng hành trong một suất; nếu chỉ rắc mặt có thể giảm còn 5–10 g theo thứ tự thành phần.",2026-08-02
HN059,Biryani,Món Ấn Độ,6,gia vị,Gia vị hỗn hợp khô,"Mixed spices, dry",gia vị,khô/xay,gia_vi_kho_hon_hop,có,thành phần được liệt kê,,có,3,250,7.5,326.4,2.3,ước tính biên tập; không phải công thức định lượng của từng quán,toàn bộ thành phần đặc trưng đã ghi trong CSV gốc; không phải công thức đầy đủ của mọi quán,USDA SR28 / FoodData Central (proxy),không gắn mã riêng; đối chiếu theo thực phẩm tương đương,USDA SR28 Energ_Kcal (trên 100 g phần ăn được),"Mixed spices, dry",https://catalog.data.gov/dataset/composition-of-foods-raw-processed-prepared-usda-national-nutrient-database-for-standar-28,https://vietnam.travel/things-to-do/must-try-food-in-hanoi; https://vietnamtourism.vn/en/index.php/services/restaurants/search/19,thap,thap,Tên chung; lượng dùng nhỏ và thành phần thay đổi. Tổng lượng gia vị khô/hỗn hợp cho một suất; chuỗi gạch chéo được coi là hỗn hợp chung.,2026-08-02
HN060,Cà ri bơ gà,Món Ấn Độ,1,gà,Thịt gà chín,"Chicken meat, cooked",thịt gia cầm,"chín, thịt và da đại diện",dam_chinh,có,thành phần được liệt kê,,có,100,239,239,493,48.5,ước tính biên tập; không phải công thức định lượng của từng quán,toàn bộ thành phần đặc trưng đã ghi trong CSV gốc; không phải công thức đầy đủ của mọi quán,Viện Dinh dưỡng Việt Nam / FAO (proxy),không gắn mã riêng; đối chiếu theo thực phẩm tương đương,NIN/FAO Energy kcal (trên 100 g phần ăn được),"Chicken meat, cooked",https://viendinhduong.vn/en/cong-cu-va-tien-ich/nutritional-value-of-food; https://www.fao.org/fileadmin/templates/food_composition/documents/pdf/VTN_FCT_2007.pdf,https://vietnam.travel/things-to-do/must-try-food-in-hanoi; https://vietnamtourism.vn/en/index.php/services/restaurants/search/19,trung_binh,thap,Biến thiên theo phần cắt và có da hay không. Khối lượng thịt chín ăn được trong một suất; gà tùy chọn chỉ tính khi thực sự thêm.,2026-08-02
HN060,Cà ri bơ gà,Món Ấn Độ,2,cà chua,Cà chua tươi,"Tomato, raw",rau quả,tươi,rau_cu,có,thành phần được liệt kê,,có,60,18,10.8,493,2.2,ước tính biên tập; không phải công thức định lượng của từng quán,toàn bộ thành phần đặc trưng đã ghi trong CSV gốc; không phải công thức đầy đủ của mọi quán,USDA SR28 / FoodData Central (proxy),không gắn mã riêng; đối chiếu theo thực phẩm tương đương,USDA SR28 Energ_Kcal (trên 100 g phần ăn được),"Tomato, raw",https://catalog.data.gov/dataset/composition-of-foods-raw-processed-prepared-usda-national-nutrient-database-for-standar-28,https://vietnam.travel/things-to-do/must-try-food-in-hanoi; https://vietnamtourism.vn/en/index.php/services/restaurants/search/19,cao,thap,Phần quả ăn được. Khối lượng rau/củ chín hoặc sơ chế trong một suất.,2026-08-02
HN060,Cà ri bơ gà,Món Ấn Độ,3,bơ,Bơ động vật,Butter,chất béo,dạng rắn,chat_beo,có,thành phần được liệt kê,,có,15,717,107.6,493,21.8,ước tính biên tập; không phải công thức định lượng của từng quán,toàn bộ thành phần đặc trưng đã ghi trong CSV gốc; không phải công thức đầy đủ của mọi quán,USDA SR28 / FoodData Central (proxy),USDA SR28 NDB_No 12171,USDA SR28 Energ_Kcal (trên 100 g phần ăn được),"SESAME BUTTER,TAHINI,FROM UNROASTED KRNLS",https://catalog.data.gov/dataset/composition-of-foods-raw-processed-prepared-usda-national-nutrient-database-for-standar-28,https://vietnam.travel/things-to-do/must-try-food-in-hanoi; https://vietnamtourism.vn/en/index.php/services/restaurants/search/19,cao,thap,"Giả định butter, không phải quả bơ. Khoảng một thìa canh bơ cho một phần. Khớp gần với bản ghi USDA SR28; điểm khớp 104%.",2026-08-02
HN060,Cà ri bơ gà,Món Ấn Độ,4,kem,Kem sữa,Ice cream or dairy cream,sữa/tráng miệng,đông lạnh,sua_beo,có,thành phần được liệt kê,,có,60,207,124.2,493,25.2,ước tính biên tập; không phải công thức định lượng của từng quán,toàn bộ thành phần đặc trưng đã ghi trong CSV gốc; không phải công thức đầy đủ của mọi quán,USDA SR28 / FoodData Central (proxy),không gắn mã riêng; đối chiếu theo thực phẩm tương đương,USDA SR28 Energ_Kcal (trên 100 g phần ăn được),Ice cream or dairy cream,https://catalog.data.gov/dataset/composition-of-foods-raw-processed-prepared-usda-national-nutrient-database-for-standar-28,https://vietnam.travel/things-to-do/must-try-food-in-hanoi; https://vietnamtourism.vn/en/index.php/services/restaurants/search/19,trung_binh,thap,Giả định kem vani thông dụng. Kem tươi/kem béo dùng trong sốt; không phải một viên kem thành phẩm.,2026-08-02
HN060,Cà ri bơ gà,Món Ấn Độ,5,garam masala,Garam masala,Garam masala spice blend,gia vị,"khô, xay",gia_vi_kho_hon_hop,có,thành phần được liệt kê,,có,3,379,11.4,493,2.3,ước tính biên tập; không phải công thức định lượng của từng quán,toàn bộ thành phần đặc trưng đã ghi trong CSV gốc; không phải công thức đầy đủ của mọi quán,USDA SR28 / FoodData Central (proxy),không gắn mã riêng; đối chiếu theo thực phẩm tương đương,USDA SR28 Energ_Kcal (trên 100 g phần ăn được),Garam masala spice blend,https://catalog.data.gov/dataset/composition-of-foods-raw-processed-prepared-usda-national-nutrient-database-for-standar-28,https://vietnam.travel/things-to-do/must-try-food-in-hanoi; https://vietnamtourism.vn/en/index.php/services/restaurants/search/19,trung_binh,thap,Proxy hỗn hợp gia vị khô; lượng dùng nhỏ. Tổng lượng gia vị khô/hỗn hợp cho một suất; chuỗi gạch chéo được coi là hỗn hợp chung.,2026-08-02
HN061,Chicken tikka masala,Món Ấn Độ,1,gà,Thịt gà chín,"Chicken meat, cooked",thịt gia cầm,"chín, thịt và da đại diện",dam_chinh,có,thành phần được liệt kê,,có,100,239,239,422,56.6,ước tính biên tập; không phải công thức định lượng của từng quán,toàn bộ thành phần đặc trưng đã ghi trong CSV gốc; không phải công thức đầy đủ của mọi quán,Viện Dinh dưỡng Việt Nam / FAO (proxy),không gắn mã riêng; đối chiếu theo thực phẩm tương đương,NIN/FAO Energy kcal (trên 100 g phần ăn được),"Chicken meat, cooked",https://viendinhduong.vn/en/cong-cu-va-tien-ich/nutritional-value-of-food; https://www.fao.org/fileadmin/templates/food_composition/documents/pdf/VTN_FCT_2007.pdf,https://vietnam.travel/things-to-do/must-try-food-in-hanoi; https://vietnamtourism.vn/en/index.php/services/restaurants/search/19,trung_binh,thap,Biến thiên theo phần cắt và có da hay không. Khối lượng thịt chín ăn được trong một suất; gà tùy chọn chỉ tính khi thực sự thêm.,2026-08-02
HN061,Chicken tikka masala,Món Ấn Độ,2,sữa chua,Sữa chua nguyên chất,"Yogurt, plain",sữa,lên men,sua_nen_hoac_uop,có,thành phần được liệt kê,,có,60,61,36.6,422,8.7,ước tính biên tập; không phải công thức định lượng của từng quán,toàn bộ thành phần đặc trưng đã ghi trong CSV gốc; không phải công thức đầy đủ của mọi quán,USDA SR28 / FoodData Central (proxy),không gắn mã riêng; đối chiếu theo thực phẩm tương đương,USDA SR28 Energ_Kcal (trên 100 g phần ăn được),"Yogurt, plain",https://catalog.data.gov/dataset/composition-of-foods-raw-processed-prepared-usda-national-nutrient-database-for-standar-28,https://vietnam.travel/things-to-do/must-try-food-in-hanoi; https://vietnamtourism.vn/en/index.php/services/restaurants/search/19,cao,thap,"Loại nguyên chất, không đường. Lượng sữa chua dùng trong bột/ướp/sốt cho một phần.",2026-08-02
HN061,Chicken tikka masala,Món Ấn Độ,3,cà chua,Cà chua tươi,"Tomato, raw",rau quả,tươi,rau_cu,có,thành phần được liệt kê,,có,60,18,10.8,422,2.6,ước tính biên tập; không phải công thức định lượng của từng quán,toàn bộ thành phần đặc trưng đã ghi trong CSV gốc; không phải công thức đầy đủ của mọi quán,USDA SR28 / FoodData Central (proxy),không gắn mã riêng; đối chiếu theo thực phẩm tương đương,USDA SR28 Energ_Kcal (trên 100 g phần ăn được),"Tomato, raw",https://catalog.data.gov/dataset/composition-of-foods-raw-processed-prepared-usda-national-nutrient-database-for-standar-28,https://vietnam.travel/things-to-do/must-try-food-in-hanoi; https://vietnamtourism.vn/en/index.php/services/restaurants/search/19,cao,thap,Phần quả ăn được. Khối lượng rau/củ chín hoặc sơ chế trong một suất.,2026-08-02
HN061,Chicken tikka masala,Món Ấn Độ,4,kem,Kem sữa,Ice cream or dairy cream,sữa/tráng miệng,đông lạnh,sua_beo,có,thành phần được liệt kê,,có,60,207,124.2,422,29.4,ước tính biên tập; không phải công thức định lượng của từng quán,toàn bộ thành phần đặc trưng đã ghi trong CSV gốc; không phải công thức đầy đủ của mọi quán,USDA SR28 / FoodData Central (proxy),không gắn mã riêng; đối chiếu theo thực phẩm tương đương,USDA SR28 Energ_Kcal (trên 100 g phần ăn được),Ice cream or dairy cream,https://catalog.data.gov/dataset/composition-of-foods-raw-processed-prepared-usda-national-nutrient-database-for-standar-28,https://vietnam.travel/things-to-do/must-try-food-in-hanoi; https://vietnamtourism.vn/en/index.php/services/restaurants/search/19,trung_binh,thap,Giả định kem vani thông dụng. Kem tươi/kem béo dùng trong sốt; không phải một viên kem thành phẩm.,2026-08-02
HN061,Chicken tikka masala,Món Ấn Độ,5,garam masala,Garam masala,Garam masala spice blend,gia vị,"khô, xay",gia_vi_kho_hon_hop,có,thành phần được liệt kê,,có,3,379,11.4,422,2.7,ước tính biên tập; không phải công thức định lượng của từng quán,toàn bộ thành phần đặc trưng đã ghi trong CSV gốc; không phải công thức đầy đủ của mọi quán,USDA SR28 / FoodData Central (proxy),không gắn mã riêng; đối chiếu theo thực phẩm tương đương,USDA SR28 Energ_Kcal (trên 100 g phần ăn được),Garam masala spice blend,https://catalog.data.gov/dataset/composition-of-foods-raw-processed-prepared-usda-national-nutrient-database-for-standar-28,https://vietnam.travel/things-to-do/must-try-food-in-hanoi; https://vietnamtourism.vn/en/index.php/services/restaurants/search/19,trung_binh,thap,Proxy hỗn hợp gia vị khô; lượng dùng nhỏ. Tổng lượng gia vị khô/hỗn hợp cho một suất; chuỗi gạch chéo được coi là hỗn hợp chung.,2026-08-02
HN062,Samosa,Món Ấn Độ,1,bột mì,Bột mì đa dụng,"Wheat flour, all-purpose",bột/ngũ cốc,khô,tinh_bot_chinh_kho,có,thành phần được liệt kê,,có,70,364,254.8,556.6,45.8,ước tính biên tập; không phải công thức định lượng của từng quán,toàn bộ thành phần đặc trưng đã ghi trong CSV gốc; không phải công thức đầy đủ của mọi quán,USDA SR28 / FoodData Central (proxy),không gắn mã riêng; đối chiếu theo thực phẩm tương đương,USDA SR28 Energ_Kcal (trên 100 g phần ăn được),"Wheat flour, all-purpose",https://catalog.data.gov/dataset/composition-of-foods-raw-processed-prepared-usda-national-nutrient-database-for-standar-28,https://vietnam.travel/things-to-do/must-try-food-in-hanoi; https://vietnamtourism.vn/en/index.php/services/restaurants/search/19,cao,thap,Bột mì trắng đa dụng. Lượng bột khô quy đổi trong một phần bánh/món.,2026-08-02
HN062,Samosa,Món Ấn Độ,2,khoai tây,Khoai tây luộc,"Potato, boiled",củ giàu tinh bột,luộc chín,cu_tinh_bot,có,thành phần được liệt kê,,có,130,87,113.1,556.6,20.3,ước tính biên tập; không phải công thức định lượng của từng quán,toàn bộ thành phần đặc trưng đã ghi trong CSV gốc; không phải công thức đầy đủ của mọi quán,USDA SR28 / FoodData Central (proxy),không gắn mã riêng; đối chiếu theo thực phẩm tương đương,USDA SR28 Energ_Kcal (trên 100 g phần ăn được),"Potato, boiled",https://catalog.data.gov/dataset/composition-of-foods-raw-processed-prepared-usda-national-nutrient-database-for-standar-28,https://vietnam.travel/things-to-do/must-try-food-in-hanoi; https://vietnamtourism.vn/en/index.php/services/restaurants/search/19,cao,thap,"Không tính dầu, bơ hay sốt. Lượng củ ăn được trong một phần, trước khi tính dầu hút thêm.",2026-08-02
HN062,Samosa,Món Ấn Độ,3,đậu Hà Lan,Đậu Hà Lan xanh,Green peas,đậu/rau củ,tươi hoặc đông lạnh,dam_thuc_vat_rau_hat,có,thành phần được liệt kê,,có,60,81,48.6,556.6,8.7,ước tính biên tập; không phải công thức định lượng của từng quán,toàn bộ thành phần đặc trưng đã ghi trong CSV gốc; không phải công thức đầy đủ của mọi quán,USDA SR28 / FoodData Central (proxy),USDA SR28 NDB_No 11304,USDA SR28 Energ_Kcal (trên 100 g phần ăn được),"PEAS,GREEN,RAW",https://catalog.data.gov/dataset/composition-of-foods-raw-processed-prepared-usda-national-nutrient-database-for-standar-28,https://vietnam.travel/things-to-do/must-try-food-in-hanoi; https://vietnamtourism.vn/en/index.php/services/restaurants/search/19,cao,thap,"Hạt xanh chưa thêm sốt. Khối lượng đậu dùng trong một suất, theo trạng thái đã nấu/luộc. Khớp gần với bản ghi USDA SR28; điểm khớp 100%.",2026-08-02
HN062,Samosa,Món Ấn Độ,4,gia vị,Gia vị hỗn hợp khô,"Mixed spices, dry",gia vị,khô/xay,gia_vi_kho_hon_hop,có,thành phần được liệt kê,,có,3,250,7.5,556.6,1.3,ước tính biên tập; không phải công thức định lượng của từng quán,toàn bộ thành phần đặc trưng đã ghi trong CSV gốc; không phải công thức đầy đủ của mọi quán,USDA SR28 / FoodData Central (proxy),không gắn mã riêng; đối chiếu theo thực phẩm tương đương,USDA SR28 Energ_Kcal (trên 100 g phần ăn được),"Mixed spices, dry",https://catalog.data.gov/dataset/composition-of-foods-raw-processed-prepared-usda-national-nutrient-database-for-standar-28,https://vietnam.travel/things-to-do/must-try-food-in-hanoi; https://vietnamtourism.vn/en/index.php/services/restaurants/search/19,thap,thap,Tên chung; lượng dùng nhỏ và thành phần thay đổi. Tổng lượng gia vị khô/hỗn hợp cho một suất; chuỗi gạch chéo được coi là hỗn hợp chung.,2026-08-02
HN062,Samosa,Món Ấn Độ,5,dầu,Dầu thực vật,Vegetable oil,chất béo,dạng lỏng,chat_beo_hap_thu,có,thành phần được liệt kê,,có,15,884,132.6,556.6,23.8,ước tính biên tập; không phải công thức định lượng của từng quán,toàn bộ thành phần đặc trưng đã ghi trong CSV gốc; không phải công thức đầy đủ của mọi quán,USDA SR28 / FoodData Central (proxy),USDA SR28 NDB_No 04513,USDA SR28 Energ_Kcal (trên 100 g phần ăn được),"VEGETABLE OIL,PALM KERNEL",https://catalog.data.gov/dataset/composition-of-foods-raw-processed-prepared-usda-national-nutrient-database-for-standar-28,https://vietnam.travel/things-to-do/must-try-food-in-hanoi; https://vietnamtourism.vn/en/index.php/services/restaurants/search/19,cao,thap,"Chỉ tính lượng thực tế dùng/hấp thụ. Lượng dầu ước tính còn lại/hấp thụ trong một suất, không phải toàn bộ dầu trong chảo. Khớp gần với bản ghi USDA SR28; điểm khớp 100%.",2026-08-02
HN063,Bít tết,Món Âu,1,thịt bò,Thịt bò chín,"Beef, cooked",thịt,chín,dam_chinh,có,thành phần được liệt kê,,có,90,250,225,485.7,46.3,ước tính biên tập; không phải công thức định lượng của từng quán,toàn bộ thành phần đặc trưng đã ghi trong CSV gốc; không phải công thức đầy đủ của mọi quán,Viện Dinh dưỡng Việt Nam / FAO (proxy),không gắn mã riêng; đối chiếu theo thực phẩm tương đương,NIN/FAO Energy kcal (trên 100 g phần ăn được),"Beef, cooked",https://viendinhduong.vn/en/cong-cu-va-tien-ich/nutritional-value-of-food; https://www.fao.org/fileadmin/templates/food_composition/documents/pdf/VTN_FCT_2007.pdf,https://vietnam.travel/things-to-do/must-try-food-in-hanoi; https://vietnamtourism.vn/en/index.php/services/restaurants/search/19,trung_binh,thap,Giá trị đại diện phần cắt nạc-mỡ vừa. Khối lượng thịt bò chín/nhúng trong một suất.,2026-08-02
HN063,Bít tết,Món Âu,2,bơ,Bơ động vật,Butter,chất béo,dạng rắn,chat_beo,có,thành phần được liệt kê,,có,15,717,107.6,485.7,22.2,ước tính biên tập; không phải công thức định lượng của từng quán,toàn bộ thành phần đặc trưng đã ghi trong CSV gốc; không phải công thức đầy đủ của mọi quán,USDA SR28 / FoodData Central (proxy),USDA SR28 NDB_No 12171,USDA SR28 Energ_Kcal (trên 100 g phần ăn được),"SESAME BUTTER,TAHINI,FROM UNROASTED KRNLS",https://catalog.data.gov/dataset/composition-of-foods-raw-processed-prepared-usda-national-nutrient-database-for-standar-28,https://vietnam.travel/things-to-do/must-try-food-in-hanoi; https://vietnamtourism.vn/en/index.php/services/restaurants/search/19,cao,thap,"Giả định butter, không phải quả bơ. Khoảng một thìa canh bơ cho một phần. Khớp gần với bản ghi USDA SR28; điểm khớp 104%.",2026-08-02
HN063,Bít tết,Món Âu,3,tiêu,Hạt tiêu đen xay,"Black pepper, ground",gia vị,"khô, xay",gia_vi_kho_manh,có,thành phần được liệt kê,,có,1,251,2.5,485.7,0.5,ước tính biên tập; không phải công thức định lượng của từng quán,toàn bộ thành phần đặc trưng đã ghi trong CSV gốc; không phải công thức đầy đủ của mọi quán,USDA SR28 / FoodData Central (proxy),không gắn mã riêng; đối chiếu theo thực phẩm tương đương,USDA SR28 Energ_Kcal (trên 100 g phần ăn được),"Black pepper, ground",https://catalog.data.gov/dataset/composition-of-foods-raw-processed-prepared-usda-national-nutrient-database-for-standar-28,https://vietnam.travel/things-to-do/must-try-food-in-hanoi; https://vietnamtourism.vn/en/index.php/services/restaurants/search/19,cao,thap,Lượng dùng mỗi suất rất nhỏ. Lượng gia vị khô quy đổi; nhiều loại chỉ chiết hương và không ăn phần xác.,2026-08-02
HN063,Bít tết,Món Âu,4,sốt,Nước sốt tổng hợp,"Prepared sauce, generic",nước sốt,chế biến sẵn,sot_nuoc_cham,có,thành phần được liệt kê,,có,25,150,37.5,485.7,7.7,ước tính biên tập; không phải công thức định lượng của từng quán,toàn bộ thành phần đặc trưng đã ghi trong CSV gốc; không phải công thức đầy đủ của mọi quán,USDA SR28 / FoodData Central (proxy),USDA SR28 NDB_No 06151,USDA SR28 Energ_Kcal (trên 100 g phần ăn được),"SAUCE,PLUM,READY-TO-SERVE",https://catalog.data.gov/dataset/composition-of-foods-raw-processed-prepared-usda-national-nutrient-database-for-standar-28,https://vietnam.travel/things-to-do/must-try-food-in-hanoi; https://vietnamtourism.vn/en/index.php/services/restaurants/search/19,thap,thap,Tên quá rộng; dùng giá trị sốt mặn-ngọt trung bình. Lượng sốt/nước chấm bám và được ăn trong một suất. Khớp gần với bản ghi USDA SR28; điểm khớp 104%.,2026-08-02
HN063,Bít tết,Món Âu,5,khoai tây,Khoai tây luộc,"Potato, boiled",củ giàu tinh bột,luộc chín,cu_tinh_bot,có,thành phần được liệt kê,,có,130,87,113.1,485.7,23.3,ước tính biên tập; không phải công thức định lượng của từng quán,toàn bộ thành phần đặc trưng đã ghi trong CSV gốc; không phải công thức đầy đủ của mọi quán,USDA SR28 / FoodData Central (proxy),không gắn mã riêng; đối chiếu theo thực phẩm tương đương,USDA SR28 Energ_Kcal (trên 100 g phần ăn được),"Potato, boiled",https://catalog.data.gov/dataset/composition-of-foods-raw-processed-prepared-usda-national-nutrient-database-for-standar-28,https://vietnam.travel/things-to-do/must-try-food-in-hanoi; https://vietnamtourism.vn/en/index.php/services/restaurants/search/19,cao,thap,"Không tính dầu, bơ hay sốt. Lượng củ ăn được trong một phần, trước khi tính dầu hút thêm.",2026-08-02
HN064,Bánh mì chảo,Món chảo,1,bánh mì,Bánh mì trắng,White bread,bánh mì,nướng chín,banh_mi_tinh_bot,có,thành phần được liệt kê,,có,90,266,239.4,677.9,35.3,ước tính biên tập; không phải công thức định lượng của từng quán,toàn bộ thành phần đặc trưng đã ghi trong CSV gốc; không phải công thức đầy đủ của mọi quán,Viện Dinh dưỡng Việt Nam / FAO (proxy),không gắn mã riêng; đối chiếu theo thực phẩm tương đương,NIN/FAO Energy kcal (trên 100 g phần ăn được),White bread,https://viendinhduong.vn/en/cong-cu-va-tien-ich/nutritional-value-of-food; https://www.fao.org/fileadmin/templates/food_composition/documents/pdf/VTN_FCT_2007.pdf,https://vietnamtourism.vn/en/index.php/services/restaurants/search/19,cao,thap,Bánh mì trắng thông dụng. Một phần bánh/vỏ bánh cho một suất.,2026-08-02
HN064,Bánh mì chảo,Món chảo,2,trứng,Trứng gà nguyên quả,"Chicken egg, whole, cooked",trứng,chín,dam_phu,có,thành phần được liệt kê,,có,37.4,155,58,677.9,8.6,ước tính biên tập; không phải công thức định lượng của từng quán,toàn bộ thành phần đặc trưng đã ghi trong CSV gốc; không phải công thức đầy đủ của mọi quán,USDA SR28 / FoodData Central (proxy),không gắn mã riêng; đối chiếu theo thực phẩm tương đương,USDA SR28 Energ_Kcal (trên 100 g phần ăn được),"Chicken egg, whole, cooked",https://catalog.data.gov/dataset/composition-of-foods-raw-processed-prepared-usda-national-nutrient-database-for-standar-28,https://vietnamtourism.vn/en/index.php/services/restaurants/search/19,cao,thap,"Trứng gà nguyên quả đại diện. Quy đổi một quả trứng gà cỡ vừa, bỏ vỏ. Khối lượng đạm được phân bổ lại theo ngân sách 160 g cho món có nhiều thành phần đạm.",2026-08-02
HN064,Bánh mì chảo,Món chảo,3,pate,Pa-tê gan,Liver pâté,thịt chế biến,"chín, dạng phết",thit_che_bien_topping,có,thành phần được liệt kê,,có,30.6,319,97.6,677.9,14.4,ước tính biên tập; không phải công thức định lượng của từng quán,toàn bộ thành phần đặc trưng đã ghi trong CSV gốc; không phải công thức đầy đủ của mọi quán,USDA SR28 / FoodData Central (proxy),USDA SR28 NDB_No 05282,USDA SR28 Energ_Kcal (trên 100 g phần ăn được),"PATE DE FOIE GRAS,CND (GOOSE LIVER PATE),SMOKED",https://catalog.data.gov/dataset/composition-of-foods-raw-processed-prepared-usda-national-nutrient-database-for-standar-28,https://vietnamtourism.vn/en/index.php/services/restaurants/search/19,trung_binh,thap,Pa-tê gan lợn/gia cầm đại diện. Một khẩu phần thịt chế biến dùng kèm/bị kẹp. Khớp gần với bản ghi USDA SR28; điểm khớp 100%. Khối lượng đạm được phân bổ lại theo ngân sách 160 g cho món có nhiều thành phần đạm.,2026-08-02
HN064,Bánh mì chảo,Món chảo,4,xúc xích,Xúc xích chín,"Sausage, cooked",thịt chế biến,chín,thit_che_bien_topping,có,thành phần được liệt kê,,có,30.6,301,92.1,677.9,13.6,ước tính biên tập; không phải công thức định lượng của từng quán,toàn bộ thành phần đặc trưng đã ghi trong CSV gốc; không phải công thức đầy đủ của mọi quán,USDA SR28 / FoodData Central (proxy),USDA SR28 NDB_No 07954,USDA SR28 Energ_Kcal (trên 100 g phần ăn được),"BEEF SAUSAGE,PRE-COOKED",https://catalog.data.gov/dataset/composition-of-foods-raw-processed-prepared-usda-national-nutrient-database-for-standar-28,https://vietnamtourism.vn/en/index.php/services/restaurants/search/19,trung_binh,thap,Xúc xích thịt hỗn hợp thông dụng. Một khẩu phần thịt chế biến dùng kèm/bị kẹp. Khớp gần với bản ghi USDA SR28; điểm khớp 104%. Khối lượng đạm được phân bổ lại theo ngân sách 160 g cho món có nhiều thành phần đạm.,2026-08-02
HN064,Bánh mì chảo,Món chảo,5,bò,Thịt bò chín,"Beef, cooked",thịt,chín,dam_chinh,có,thành phần được liệt kê,,có,61.3,250,153.3,677.9,22.6,ước tính biên tập; không phải công thức định lượng của từng quán,toàn bộ thành phần đặc trưng đã ghi trong CSV gốc; không phải công thức đầy đủ của mọi quán,Viện Dinh dưỡng Việt Nam / FAO (proxy),không gắn mã riêng; đối chiếu theo thực phẩm tương đương,NIN/FAO Energy kcal (trên 100 g phần ăn được),"Beef, cooked",https://viendinhduong.vn/en/cong-cu-va-tien-ich/nutritional-value-of-food; https://www.fao.org/fileadmin/templates/food_composition/documents/pdf/VTN_FCT_2007.pdf,https://vietnamtourism.vn/en/index.php/services/restaurants/search/19,trung_binh,thap,Giá trị đại diện phần cắt nạc-mỡ vừa. Khối lượng thịt bò chín/nhúng trong một suất. Khối lượng đạm được phân bổ lại theo ngân sách 160 g cho món có nhiều thành phần đạm.,2026-08-02
HN064,Bánh mì chảo,Món chảo,6,sốt,Nước sốt tổng hợp,"Prepared sauce, generic",nước sốt,chế biến sẵn,sot_nuoc_cham,có,thành phần được liệt kê,,có,25,150,37.5,677.9,5.5,ước tính biên tập; không phải công thức định lượng của từng quán,toàn bộ thành phần đặc trưng đã ghi trong CSV gốc; không phải công thức đầy đủ của mọi quán,USDA SR28 / FoodData Central (proxy),USDA SR28 NDB_No 06151,USDA SR28 Energ_Kcal (trên 100 g phần ăn được),"SAUCE,PLUM,READY-TO-SERVE",https://catalog.data.gov/dataset/composition-of-foods-raw-processed-prepared-usda-national-nutrient-database-for-standar-28,https://vietnamtourism.vn/en/index.php/services/restaurants/search/19,thap,thap,Tên quá rộng; dùng giá trị sốt mặn-ngọt trung bình. Lượng sốt/nước chấm bám và được ăn trong một suất. Khớp gần với bản ghi USDA SR28; điểm khớp 104%.,2026-08-02
HN065,Nem rán,Món cuốn chiên,1,bánh đa nem,Bánh đa nem khô,"Rice paper wrapper, dry",bánh/bột gạo,khô,vo_banh_tinh_bot,có,thành phần được liệt kê,,có,35,340,119,549,21.7,ước tính biên tập; không phải công thức định lượng của từng quán,toàn bộ thành phần đặc trưng đã ghi trong CSV gốc; không phải công thức đầy đủ của mọi quán,Viện Dinh dưỡng Việt Nam / FAO (proxy),không gắn mã riêng; đối chiếu theo thực phẩm tương đương,NIN/FAO Energy kcal (trên 100 g phần ăn được),"Rice paper wrapper, dry",https://viendinhduong.vn/en/cong-cu-va-tien-ich/nutritional-value-of-food; https://www.fao.org/fileadmin/templates/food_composition/documents/pdf/VTN_FCT_2007.pdf,https://vietnam.travel/things-to-do/vietnam-foodie-guide-region,trung_binh,thap,Chưa chiên; dầu hấp thụ tính riêng. Tổng khối lượng lá/vỏ bánh ăn được trong một suất.,2026-08-02
HN065,Nem rán,Món cuốn chiên,2,thịt băm,Thịt lợn băm chín,"Ground pork, cooked",thịt,chín,dam_chinh_hoac_nhan,có,thành phần được liệt kê,,có,70,297,207.9,549,37.9,ước tính biên tập; không phải công thức định lượng của từng quán,toàn bộ thành phần đặc trưng đã ghi trong CSV gốc; không phải công thức đầy đủ của mọi quán,Viện Dinh dưỡng Việt Nam / FAO (proxy),không gắn mã riêng; đối chiếu theo thực phẩm tương đương,NIN/FAO Energy kcal (trên 100 g phần ăn được),"Ground pork, cooked",https://viendinhduong.vn/en/cong-cu-va-tien-ich/nutritional-value-of-food; https://www.fao.org/fileadmin/templates/food_composition/documents/pdf/VTN_FCT_2007.pdf,https://vietnam.travel/things-to-do/vietnam-foodie-guide-region,trung_binh,thap,Giả định thịt lợn băm độ béo vừa. Thịt chín dùng làm nhân/topping; nếu là nguyên liệu đầu tiên của món có thể nâng lên 90 g.,2026-08-02
HN065,Nem rán,Món cuốn chiên,3,miến,Miến dong đã nấu,"Glass noodles, cooked",mì/bún,"chín, ngậm nước",tinh_bot_chinh_da_chin,có,thành phần được liệt kê,,có,160,80,128,549,23.3,ước tính biên tập; không phải công thức định lượng của từng quán,toàn bộ thành phần đặc trưng đã ghi trong CSV gốc; không phải công thức đầy đủ của mọi quán,Viện Dinh dưỡng Việt Nam / FAO (proxy),không gắn mã riêng; đối chiếu theo thực phẩm tương đương,NIN/FAO Energy kcal (trên 100 g phần ăn được),"Glass noodles, cooked",https://viendinhduong.vn/en/cong-cu-va-tien-ich/nutritional-value-of-food; https://www.fao.org/fileadmin/templates/food_composition/documents/pdf/VTN_FCT_2007.pdf,https://vietnam.travel/things-to-do/vietnam-foodie-guide-region,trung_binh,thap,Mật độ năng lượng sau khi nấu. Khối lượng miến đã ngâm/nấu trong một phần.,2026-08-02
HN065,Nem rán,Món cuốn chiên,4,mộc nhĩ,Mộc nhĩ ngâm nở,"Wood ear mushroom, rehydrated",nấm,ngâm nở,nam_rau_phu,có,thành phần được liệt kê,,có,35,25,8.8,549,1.6,ước tính biên tập; không phải công thức định lượng của từng quán,toàn bộ thành phần đặc trưng đã ghi trong CSV gốc; không phải công thức đầy đủ của mọi quán,Viện Dinh dưỡng Việt Nam / FAO (proxy),không gắn mã riêng; đối chiếu theo thực phẩm tương đương,NIN/FAO Energy kcal (trên 100 g phần ăn được),"Wood ear mushroom, rehydrated",https://viendinhduong.vn/en/cong-cu-va-tien-ich/nutritional-value-of-food; https://www.fao.org/fileadmin/templates/food_composition/documents/pdf/VTN_FCT_2007.pdf,https://vietnam.travel/things-to-do/vietnam-foodie-guide-region,trung_binh,thap,Không dùng giá trị mộc nhĩ khô. Khối lượng nấm/mộc nhĩ sau ngâm hoặc nấu trong một suất.,2026-08-02
HN065,Nem rán,Món cuốn chiên,5,trứng,Trứng gà nguyên quả,"Chicken egg, whole, cooked",trứng,chín,dam_phu,có,thành phần được liệt kê,,có,55,155,85.3,549,15.5,ước tính biên tập; không phải công thức định lượng của từng quán,toàn bộ thành phần đặc trưng đã ghi trong CSV gốc; không phải công thức đầy đủ của mọi quán,USDA SR28 / FoodData Central (proxy),không gắn mã riêng; đối chiếu theo thực phẩm tương đương,USDA SR28 Energ_Kcal (trên 100 g phần ăn được),"Chicken egg, whole, cooked",https://catalog.data.gov/dataset/composition-of-foods-raw-processed-prepared-usda-national-nutrient-database-for-standar-28,https://vietnam.travel/things-to-do/vietnam-foodie-guide-region,cao,thap,"Trứng gà nguyên quả đại diện. Quy đổi một quả trứng gà cỡ vừa, bỏ vỏ.",2026-08-02
HN066,Gỏi cuốn,Món cuốn miền Nam,1,bánh tráng,Bánh tráng gạo khô,"Rice paper, dry",bánh/bột gạo,khô,vo_banh_tinh_bot,có,thành phần được liệt kê,,có,35,340,119,615.2,19.3,ước tính biên tập; không phải công thức định lượng của từng quán,toàn bộ thành phần đặc trưng đã ghi trong CSV gốc; không phải công thức đầy đủ của mọi quán,Viện Dinh dưỡng Việt Nam / FAO (proxy),không gắn mã riêng; đối chiếu theo thực phẩm tương đương,NIN/FAO Energy kcal (trên 100 g phần ăn được),"Rice paper, dry",https://viendinhduong.vn/en/cong-cu-va-tien-ich/nutritional-value-of-food; https://www.fao.org/fileadmin/templates/food_composition/documents/pdf/VTN_FCT_2007.pdf,https://vietnam.travel/things-to-do/vietnam-foodie-guide-region,trung_binh,thap,Loại bánh tráng mỏng chưa chiên. Tổng khối lượng lá/vỏ bánh ăn được trong một suất.,2026-08-02
HN066,Gỏi cuốn,Món cuốn miền Nam,2,tôm,Tôm chín,"Shrimp, cooked",hải sản,"chín, phần ăn được",dam_hai_san_hoac_hon_hop,có,thành phần được liệt kê,,có,85,99,84.2,615.2,13.7,ước tính biên tập; không phải công thức định lượng của từng quán,toàn bộ thành phần đặc trưng đã ghi trong CSV gốc; không phải công thức đầy đủ của mọi quán,USDA SR28 / FoodData Central (proxy),không gắn mã riêng; đối chiếu theo thực phẩm tương đương,USDA SR28 Energ_Kcal (trên 100 g phần ăn được),"Shrimp, cooked",https://catalog.data.gov/dataset/composition-of-foods-raw-processed-prepared-usda-national-nutrient-database-for-standar-28,https://vietnam.travel/things-to-do/vietnam-foodie-guide-region,cao,thap,"Không tính vỏ và đầu bỏ đi. Khối lượng phần ăn được, bỏ vỏ/xương; chuỗi có dấu gạch chéo là một lựa chọn/hỗn hợp.",2026-08-02
HN066,Gỏi cuốn,Món cuốn miền Nam,3,thịt,Thịt chín tổng hợp,"Cooked meat, generic",thịt,chín,dam_chinh_hoac_nhan,có,thành phần được liệt kê,,có,70,250,175,615.2,28.4,ước tính biên tập; không phải công thức định lượng của từng quán,toàn bộ thành phần đặc trưng đã ghi trong CSV gốc; không phải công thức đầy đủ của mọi quán,Viện Dinh dưỡng Việt Nam / FAO (proxy),không gắn mã riêng; đối chiếu theo thực phẩm tương đương,NIN/FAO Energy kcal (trên 100 g phần ăn được),"Cooked meat, generic",https://viendinhduong.vn/en/cong-cu-va-tien-ich/nutritional-value-of-food; https://www.fao.org/fileadmin/templates/food_composition/documents/pdf/VTN_FCT_2007.pdf,https://vietnam.travel/things-to-do/vietnam-foodie-guide-region,thap,thap,Tên chung; giá trị trung bình thịt nạc-mỡ vừa. Thịt chín dùng làm nhân/topping; nếu là nguyên liệu đầu tiên của món có thể nâng lên 90 g.,2026-08-02
HN066,Gỏi cuốn,Món cuốn miền Nam,4,bún,Bún tươi,"Rice vermicelli, cooked",mì/bún,"chín, ngậm nước",tinh_bot_chinh_da_chin,có,thành phần được liệt kê,,có,180,110,198,615.2,32.2,ước tính biên tập; không phải công thức định lượng của từng quán,toàn bộ thành phần đặc trưng đã ghi trong CSV gốc; không phải công thức đầy đủ của mọi quán,Viện Dinh dưỡng Việt Nam / FAO (proxy),không gắn mã riêng; đối chiếu theo thực phẩm tương đương,NIN/FAO Energy kcal (trên 100 g phần ăn được),"Rice vermicelli, cooked",https://viendinhduong.vn/en/cong-cu-va-tien-ich/nutritional-value-of-food; https://www.fao.org/fileadmin/templates/food_composition/documents/pdf/VTN_FCT_2007.pdf,https://vietnam.travel/things-to-do/vietnam-foodie-guide-region,cao,thap,Bún gạo tươi. Khối lượng sợi/bánh đã nấu chín cho một suất; nếu tra bảng dạng khô phải quy đổi lại.,2026-08-02
HN066,Gỏi cuốn,Món cuốn miền Nam,5,rau,Rau hỗn hợp,Mixed vegetables,rau củ,tươi hoặc chín nhẹ,rau_an_kem,có,thành phần được liệt kê,,có,70,30,21,615.2,3.4,ước tính biên tập; không phải công thức định lượng của từng quán,toàn bộ thành phần đặc trưng đã ghi trong CSV gốc; không phải công thức đầy đủ của mọi quán,Viện Dinh dưỡng Việt Nam / FAO (proxy),không gắn mã riêng; đối chiếu theo thực phẩm tương đương,NIN/FAO Energy kcal (trên 100 g phần ăn được),Mixed vegetables,https://viendinhduong.vn/en/cong-cu-va-tien-ich/nutritional-value-of-food; https://www.fao.org/fileadmin/templates/food_composition/documents/pdf/VTN_FCT_2007.pdf,https://vietnam.travel/things-to-do/vietnam-foodie-guide-region,thap,thap,Tên chung; dùng trung bình rau ít tinh bột. Một nắm/đĩa rau ăn kèm cho một người; nếu là nguyên liệu đầu tiên của salad/nộm có thể nâng lên 120–150 g.,2026-08-02
HN066,Gỏi cuốn,Món cuốn miền Nam,6,tương,Tương đậu lên men,Fermented soybean sauce,gia vị/nước chấm,lên men,nuoc_cham_gia_vi_long,có,thành phần được liệt kê,,có,15,120,18,615.2,2.9,ước tính biên tập; không phải công thức định lượng của từng quán,toàn bộ thành phần đặc trưng đã ghi trong CSV gốc; không phải công thức đầy đủ của mọi quán,Viện Dinh dưỡng Việt Nam / FAO (proxy),không gắn mã riêng; đối chiếu theo thực phẩm tương đương,NIN/FAO Energy kcal (trên 100 g phần ăn được),Fermented soybean sauce,https://viendinhduong.vn/en/cong-cu-va-tien-ich/nutritional-value-of-food; https://www.fao.org/fileadmin/templates/food_composition/documents/pdf/VTN_FCT_2007.pdf,https://vietnam.travel/things-to-do/vietnam-foodie-guide-region,thap,thap,"Tên chung; đường và độ cô đặc thay đổi. Lượng nước chấm/gia vị lỏng thực ăn trong một suất, không phải toàn bộ bát chấm.",2026-08-02
HN067,Bánh tráng cuốn thịt heo,Món cuốn miền Trung,1,thịt heo,"Thịt lợn chín, nạc mỡ vừa","Pork, cooked, lean and fat",thịt,chín,dam_chinh,có,thành phần được liệt kê,,có,80,242,193.6,553.2,35,ước tính biên tập; không phải công thức định lượng của từng quán,toàn bộ thành phần đặc trưng đã ghi trong CSV gốc; không phải công thức đầy đủ của mọi quán,Viện Dinh dưỡng Việt Nam / FAO (proxy),không gắn mã riêng; đối chiếu theo thực phẩm tương đương,NIN/FAO Energy kcal (trên 100 g phần ăn được),"Pork, cooked, lean and fat",https://viendinhduong.vn/en/cong-cu-va-tien-ich/nutritional-value-of-food; https://www.fao.org/fileadmin/templates/food_composition/documents/pdf/VTN_FCT_2007.pdf,https://vietnam.travel/things-to-do/vietnam-foodie-guide-region,trung_binh,thap,Đồng nghĩa thịt lợn. Khối lượng thịt lợn thành phẩm trong một suất.,2026-08-02
HN067,Bánh tráng cuốn thịt heo,Món cuốn miền Trung,2,bánh tráng,Bánh tráng gạo khô,"Rice paper, dry",bánh/bột gạo,khô,vo_banh_tinh_bot,có,thành phần được liệt kê,,có,35,340,119,553.2,21.5,ước tính biên tập; không phải công thức định lượng của từng quán,toàn bộ thành phần đặc trưng đã ghi trong CSV gốc; không phải công thức đầy đủ của mọi quán,Viện Dinh dưỡng Việt Nam / FAO (proxy),không gắn mã riêng; đối chiếu theo thực phẩm tương đương,NIN/FAO Energy kcal (trên 100 g phần ăn được),"Rice paper, dry",https://viendinhduong.vn/en/cong-cu-va-tien-ich/nutritional-value-of-food; https://www.fao.org/fileadmin/templates/food_composition/documents/pdf/VTN_FCT_2007.pdf,https://vietnam.travel/things-to-do/vietnam-foodie-guide-region,trung_binh,thap,Loại bánh tráng mỏng chưa chiên. Tổng khối lượng lá/vỏ bánh ăn được trong một suất.,2026-08-02
HN067,Bánh tráng cuốn thịt heo,Món cuốn miền Trung,3,bánh phở,Bánh phở tươi,"Flat rice noodles, cooked",mì/bún,"chín, ngậm nước",tinh_bot_chinh_da_chin,có,thành phần được liệt kê,,có,180,110,198,553.2,35.8,ước tính biên tập; không phải công thức định lượng của từng quán,toàn bộ thành phần đặc trưng đã ghi trong CSV gốc; không phải công thức đầy đủ của mọi quán,Viện Dinh dưỡng Việt Nam / FAO (proxy),không gắn mã riêng; đối chiếu theo thực phẩm tương đương,NIN/FAO Energy kcal (trên 100 g phần ăn được),"Flat rice noodles, cooked",https://viendinhduong.vn/en/cong-cu-va-tien-ich/nutritional-value-of-food; https://www.fao.org/fileadmin/templates/food_composition/documents/pdf/VTN_FCT_2007.pdf,https://vietnam.travel/things-to-do/vietnam-foodie-guide-region,cao,thap,Bánh phở tươi ăn ngay. Khối lượng sợi/bánh đã nấu chín cho một suất; nếu tra bảng dạng khô phải quy đổi lại.,2026-08-02
HN067,Bánh tráng cuốn thịt heo,Món cuốn miền Trung,4,rau,Rau hỗn hợp,Mixed vegetables,rau củ,tươi hoặc chín nhẹ,rau_an_kem,có,thành phần được liệt kê,,có,70,30,21,553.2,3.8,ước tính biên tập; không phải công thức định lượng của từng quán,toàn bộ thành phần đặc trưng đã ghi trong CSV gốc; không phải công thức đầy đủ của mọi quán,Viện Dinh dưỡng Việt Nam / FAO (proxy),không gắn mã riêng; đối chiếu theo thực phẩm tương đương,NIN/FAO Energy kcal (trên 100 g phần ăn được),Mixed vegetables,https://viendinhduong.vn/en/cong-cu-va-tien-ich/nutritional-value-of-food; https://www.fao.org/fileadmin/templates/food_composition/documents/pdf/VTN_FCT_2007.pdf,https://vietnam.travel/things-to-do/vietnam-foodie-guide-region,thap,thap,Tên chung; dùng trung bình rau ít tinh bột. Một nắm/đĩa rau ăn kèm cho một người; nếu là nguyên liệu đầu tiên của salad/nộm có thể nâng lên 120–150 g.,2026-08-02
HN067,Bánh tráng cuốn thịt heo,Món cuốn miền Trung,5,mắm nêm,Mắm nêm,Vietnamese fermented fish sauce,gia vị/nước chấm,lên men,mam_dac,có,thành phần được liệt kê,,có,18,120,21.6,553.2,3.9,ước tính biên tập; không phải công thức định lượng của từng quán,toàn bộ thành phần đặc trưng đã ghi trong CSV gốc; không phải công thức đầy đủ của mọi quán,Viện Dinh dưỡng Việt Nam / FAO (proxy),không gắn mã riêng; đối chiếu theo thực phẩm tương đương,NIN/FAO Energy kcal (trên 100 g phần ăn được),Vietnamese fermented fish sauce,https://viendinhduong.vn/en/cong-cu-va-tien-ich/nutritional-value-of-food; https://www.fao.org/fileadmin/templates/food_composition/documents/pdf/VTN_FCT_2007.pdf,https://vietnam.travel/things-to-do/vietnam-foodie-guide-region,thap,thap,"Biến thiên theo dứa, đường và độ pha loãng. Lượng mắm đặc thực ăn/nấu trong một phần.",2026-08-02
HN068,Bún cá Nha Trang,Món duyên hải miền Trung,1,bún,Bún tươi,"Rice vermicelli, cooked",mì/bún,"chín, ngậm nước",tinh_bot_chinh_da_chin,có,thành phần được liệt kê,,có,180,110,198,464.2,42.7,ước tính biên tập; không phải công thức định lượng của từng quán,toàn bộ thành phần đặc trưng đã ghi trong CSV gốc; không phải công thức đầy đủ của mọi quán,Viện Dinh dưỡng Việt Nam / FAO (proxy),không gắn mã riêng; đối chiếu theo thực phẩm tương đương,NIN/FAO Energy kcal (trên 100 g phần ăn được),"Rice vermicelli, cooked",https://viendinhduong.vn/en/cong-cu-va-tien-ich/nutritional-value-of-food; https://www.fao.org/fileadmin/templates/food_composition/documents/pdf/VTN_FCT_2007.pdf,https://vietnam.travel/things-to-do/vietnam-foodie-guide-region,cao,thap,Bún gạo tươi. Khối lượng sợi/bánh đã nấu chín cho một suất; nếu tra bảng dạng khô phải quy đổi lại.,2026-08-02
HN068,Bún cá Nha Trang,Món duyên hải miền Trung,2,chả cá,Chả cá chín,"Fish cake, cooked",cá chế biến,chín,dam_che_bien,có,thành phần được liệt kê,,có,55,180,99,464.2,21.3,ước tính biên tập; không phải công thức định lượng của từng quán,toàn bộ thành phần đặc trưng đã ghi trong CSV gốc; không phải công thức đầy đủ của mọi quán,Viện Dinh dưỡng Việt Nam / FAO (proxy),không gắn mã riêng; đối chiếu theo thực phẩm tương đương,NIN/FAO Energy kcal (trên 100 g phần ăn được),"Fish cake, cooked",https://viendinhduong.vn/en/cong-cu-va-tien-ich/nutritional-value-of-food; https://www.fao.org/fileadmin/templates/food_composition/documents/pdf/VTN_FCT_2007.pdf,https://vietnam.travel/things-to-do/vietnam-foodie-guide-region,trung_binh,thap,Biến thiên theo tinh bột và dầu. Một phần chả/giò ăn kèm; giò sống được hiểu là khối lượng sau nấu gần tương đương.,2026-08-02
HN068,Bún cá Nha Trang,Món duyên hải miền Trung,3,cá biển,Cá biển chín,"Marine fish, cooked",cá,"chín, phần thịt",dam_chinh_thuy_san,có,thành phần được liệt kê,,có,100,150,150,464.2,32.3,ước tính biên tập; không phải công thức định lượng của từng quán,toàn bộ thành phần đặc trưng đã ghi trong CSV gốc; không phải công thức đầy đủ của mọi quán,Viện Dinh dưỡng Việt Nam / FAO (proxy),không gắn mã riêng; đối chiếu theo thực phẩm tương đương,NIN/FAO Energy kcal (trên 100 g phần ăn được),"Marine fish, cooked",https://viendinhduong.vn/en/cong-cu-va-tien-ich/nutritional-value-of-food; https://www.fao.org/fileadmin/templates/food_composition/documents/pdf/VTN_FCT_2007.pdf,https://vietnam.travel/things-to-do/vietnam-foodie-guide-region,thap,thap,Trung bình cá biển nạc và béo vừa. Khối lượng phần thịt ăn được sau khi bỏ xương/da không ăn.,2026-08-02
HN068,Bún cá Nha Trang,Món duyên hải miền Trung,4,cà chua,Cà chua tươi,"Tomato, raw",rau quả,tươi,rau_cu,có,thành phần được liệt kê,,có,60,18,10.8,464.2,2.3,ước tính biên tập; không phải công thức định lượng của từng quán,toàn bộ thành phần đặc trưng đã ghi trong CSV gốc; không phải công thức đầy đủ của mọi quán,USDA SR28 / FoodData Central (proxy),không gắn mã riêng; đối chiếu theo thực phẩm tương đương,USDA SR28 Energ_Kcal (trên 100 g phần ăn được),"Tomato, raw",https://catalog.data.gov/dataset/composition-of-foods-raw-processed-prepared-usda-national-nutrient-database-for-standar-28,https://vietnam.travel/things-to-do/vietnam-foodie-guide-region,cao,thap,Phần quả ăn được. Khối lượng rau/củ chín hoặc sơ chế trong một suất.,2026-08-02
HN068,Bún cá Nha Trang,Món duyên hải miền Trung,5,hành,Hành lá,"Spring onion, raw",rau thơm,tươi,rau_thom_tao_nen,có,thành phần được liệt kê,,có,20,32,6.4,464.2,1.4,ước tính biên tập; không phải công thức định lượng của từng quán,toàn bộ thành phần đặc trưng đã ghi trong CSV gốc; không phải công thức đầy đủ của mọi quán,Viện Dinh dưỡng Việt Nam / FAO (proxy),không gắn mã riêng; đối chiếu theo thực phẩm tương đương,NIN/FAO Energy kcal (trên 100 g phần ăn được),"Spring onion, raw",https://viendinhduong.vn/en/cong-cu-va-tien-ich/nutritional-value-of-food; https://www.fao.org/fileadmin/templates/food_composition/documents/pdf/VTN_FCT_2007.pdf,https://vietnam.travel/things-to-do/vietnam-foodie-guide-region,trung_binh,thap,"Giả định hành lá, không phải hành củ. Lượng hành trong một suất; nếu chỉ rắc mặt có thể giảm còn 5–10 g theo thứ tự thành phần.",2026-08-02
HN069,Mì bò Đài Loan,Món Đài Loan,1,mì,Mì sợi chín,"Wheat noodles, cooked",mì/bún,"chín, ngậm nước",tinh_bot_chinh_da_chin,có,thành phần được liệt kê,,có,180,138,248.4,467.8,53.1,ước tính biên tập; không phải công thức định lượng của từng quán,toàn bộ thành phần đặc trưng đã ghi trong CSV gốc; không phải công thức đầy đủ của mọi quán,USDA SR28 / FoodData Central (proxy),không gắn mã riêng; đối chiếu theo thực phẩm tương đương,USDA SR28 Energ_Kcal (trên 100 g phần ăn được),"Wheat noodles, cooked",https://catalog.data.gov/dataset/composition-of-foods-raw-processed-prepared-usda-national-nutrient-database-for-standar-28,https://vietnam.travel/things-to-do/must-try-food-in-hanoi; https://vietnamtourism.vn/en/index.php/services/restaurants/search/19,trung_binh,thap,Mì lúa mì không sốt. Khối lượng sợi/bánh đã nấu chín cho một suất; nếu tra bảng dạng khô phải quy đổi lại.,2026-08-02
HN069,Mì bò Đài Loan,Món Đài Loan,2,bắp bò,Bắp bò chín,"Beef shank, cooked",thịt,chín,dam_chinh,có,thành phần được liệt kê,,có,90,220,198,467.8,42.3,ước tính biên tập; không phải công thức định lượng của từng quán,toàn bộ thành phần đặc trưng đã ghi trong CSV gốc; không phải công thức đầy đủ của mọi quán,USDA SR28 / FoodData Central (proxy),không gắn mã riêng; đối chiếu theo thực phẩm tương đương,USDA SR28 Energ_Kcal (trên 100 g phần ăn được),"Beef shank, cooked",https://catalog.data.gov/dataset/composition-of-foods-raw-processed-prepared-usda-national-nutrient-database-for-standar-28,https://vietnam.travel/things-to-do/must-try-food-in-hanoi; https://vietnamtourism.vn/en/index.php/services/restaurants/search/19,trung_binh,thap,Bắp bò tương đối nạc. Khối lượng thịt bò chín/nhúng trong một suất.,2026-08-02
HN069,Mì bò Đài Loan,Món Đài Loan,3,xì dầu,Nước tương,Soy sauce,gia vị/nước chấm,dạng lỏng,nuoc_cham_gia_vi_long,có,thành phần được liệt kê,,có,15,53,8,467.8,1.7,ước tính biên tập; không phải công thức định lượng của từng quán,toàn bộ thành phần đặc trưng đã ghi trong CSV gốc; không phải công thức đầy đủ của mọi quán,USDA SR28 / FoodData Central (proxy),không gắn mã riêng; đối chiếu theo thực phẩm tương đương,USDA SR28 Energ_Kcal (trên 100 g phần ăn được),Soy sauce,https://catalog.data.gov/dataset/composition-of-foods-raw-processed-prepared-usda-national-nutrient-database-for-standar-28,https://vietnam.travel/things-to-do/must-try-food-in-hanoi; https://vietnamtourism.vn/en/index.php/services/restaurants/search/19,cao,thap,"Nước tương thông dụng. Lượng nước chấm/gia vị lỏng thực ăn trong một suất, không phải toàn bộ bát chấm.",2026-08-02
HN069,Mì bò Đài Loan,Món Đài Loan,4,hồi,Hoa hồi khô,"Star anise, dried",gia vị,khô,gia_vi_kho_manh,có,thành phần được liệt kê,,có,1,337,3.4,467.8,0.7,ước tính biên tập; không phải công thức định lượng của từng quán,toàn bộ thành phần đặc trưng đã ghi trong CSV gốc; không phải công thức đầy đủ của mọi quán,USDA SR28 / FoodData Central (proxy),không gắn mã riêng; đối chiếu theo thực phẩm tương đương,USDA SR28 Energ_Kcal (trên 100 g phần ăn được),"Star anise, dried",https://catalog.data.gov/dataset/composition-of-foods-raw-processed-prepared-usda-national-nutrient-database-for-standar-28,https://vietnam.travel/things-to-do/must-try-food-in-hanoi; https://vietnamtourism.vn/en/index.php/services/restaurants/search/19,trung_binh,thap,Thường chỉ ngâm nấu rồi bỏ; lượng dùng nhỏ. Lượng gia vị khô quy đổi; nhiều loại chỉ chiết hương và không ăn phần xác.,2026-08-02
HN069,Mì bò Đài Loan,Món Đài Loan,5,cải chua,Cải muối chua,Pickled mustard greens,rau muối chua,lên men/ngâm muối,rau_muoi_chua,có,thành phần được liệt kê,,có,50,20,10,467.8,2.1,ước tính biên tập; không phải công thức định lượng của từng quán,toàn bộ thành phần đặc trưng đã ghi trong CSV gốc; không phải công thức đầy đủ của mọi quán,Viện Dinh dưỡng Việt Nam / FAO (proxy),không gắn mã riêng; đối chiếu theo thực phẩm tương đương,NIN/FAO Energy kcal (trên 100 g phần ăn được),Pickled mustard greens,https://viendinhduong.vn/en/cong-cu-va-tien-ich/nutritional-value-of-food; https://www.fao.org/fileadmin/templates/food_composition/documents/pdf/VTN_FCT_2007.pdf,https://vietnam.travel/things-to-do/must-try-food-in-hanoi; https://vietnamtourism.vn/en/index.php/services/restaurants/search/19,trung_binh,thap,Không tính nước ngâm nhiều đường. Khẩu phần rau muối/chua dùng kèm hoặc nấu trong một suất.,2026-08-02
HN070,Bún đậu mắm tôm,Món đường phố miền Bắc,1,bún lá,Bún lá,Pressed rice vermicelli sheets,mì/bún,"chín, ngậm nước",tinh_bot_chinh_da_chin,có,thành phần được liệt kê,,có,180,110,198,528.5,37.5,ước tính biên tập; không phải công thức định lượng của từng quán,toàn bộ thành phần đặc trưng đã ghi trong CSV gốc; không phải công thức đầy đủ của mọi quán,Viện Dinh dưỡng Việt Nam / FAO (proxy),không gắn mã riêng; đối chiếu theo thực phẩm tương đương,NIN/FAO Energy kcal (trên 100 g phần ăn được),Pressed rice vermicelli sheets,https://viendinhduong.vn/en/cong-cu-va-tien-ich/nutritional-value-of-food; https://www.fao.org/fileadmin/templates/food_composition/documents/pdf/VTN_FCT_2007.pdf,https://www.vietnam.travel/things-to-do/10-must-try-hanoi-dishes/,trung_binh,thap,Proxy từ bún tươi. Khối lượng sợi/bánh đã nấu chín cho một suất; nếu tra bảng dạng khô phải quy đổi lại.,2026-08-02
HN070,Bún đậu mắm tôm,Món đường phố miền Bắc,2,đậu phụ,Đậu phụ trắng,"Tofu, firm",đậu/sản phẩm đậu,đã đông tụ,dam_thuc_vat_da_chin,có,thành phần được liệt kê,,có,68.1,76,51.8,528.5,9.8,ước tính biên tập; không phải công thức định lượng của từng quán,toàn bộ thành phần đặc trưng đã ghi trong CSV gốc; không phải công thức đầy đủ của mọi quán,Viện Dinh dưỡng Việt Nam / FAO (proxy),không gắn mã riêng; đối chiếu theo thực phẩm tương đương,NIN/FAO Energy kcal (trên 100 g phần ăn được),"Tofu, firm",https://viendinhduong.vn/en/cong-cu-va-tien-ich/nutritional-value-of-food; https://www.fao.org/fileadmin/templates/food_composition/documents/pdf/VTN_FCT_2007.pdf,https://www.vietnam.travel/things-to-do/10-must-try-hanoi-dishes/,cao,thap,Đậu phụ chưa chiên. Khối lượng đậu/đậu phụ đã nấu trong một phần. Khối lượng đạm được phân bổ lại theo ngân sách 160 g cho món có nhiều thành phần đạm.,2026-08-02
HN070,Bún đậu mắm tôm,Món đường phố miền Bắc,3,mắm tôm,Mắm tôm,Fermented shrimp paste,gia vị/nước chấm,lên men,mam_dac,có,thành phần được liệt kê,,có,18,100,18,528.5,3.4,ước tính biên tập; không phải công thức định lượng của từng quán,toàn bộ thành phần đặc trưng đã ghi trong CSV gốc; không phải công thức đầy đủ của mọi quán,Viện Dinh dưỡng Việt Nam / FAO (proxy),không gắn mã riêng; đối chiếu theo thực phẩm tương đương,NIN/FAO Energy kcal (trên 100 g phần ăn được),Fermented shrimp paste,https://viendinhduong.vn/en/cong-cu-va-tien-ich/nutritional-value-of-food; https://www.fao.org/fileadmin/templates/food_composition/documents/pdf/VTN_FCT_2007.pdf,https://www.vietnam.travel/things-to-do/10-must-try-hanoi-dishes/,trung_binh,thap,Biến thiên theo độ cô đặc. Lượng mắm đặc thực ăn/nấu trong một phần.,2026-08-02
HN070,Bún đậu mắm tôm,Món đường phố miền Bắc,4,chả cốm,Chả cốm chín,Pork and green-rice patty,thịt chế biến,chiên/nướng chín,dam_che_bien,có,thành phần được liệt kê,,có,37.4,260,97.2,528.5,18.4,ước tính biên tập; không phải công thức định lượng của từng quán,toàn bộ thành phần đặc trưng đã ghi trong CSV gốc; không phải công thức đầy đủ của mọi quán,Viện Dinh dưỡng Việt Nam / FAO (proxy),không gắn mã riêng; đối chiếu theo thực phẩm tương đương,NIN/FAO Energy kcal (trên 100 g phần ăn được),Pork and green-rice patty,https://viendinhduong.vn/en/cong-cu-va-tien-ich/nutritional-value-of-food; https://www.fao.org/fileadmin/templates/food_composition/documents/pdf/VTN_FCT_2007.pdf,https://www.vietnam.travel/things-to-do/10-must-try-hanoi-dishes/,thap,thap,"Phụ thuộc tỷ lệ thịt, cốm và dầu. Một phần chả/giò ăn kèm; giò sống được hiểu là khối lượng sau nấu gần tương đương. Khối lượng đạm được phân bổ lại theo ngân sách 160 g cho món có nhiều thành phần đạm.",2026-08-02
HN070,Bún đậu mắm tôm,Món đường phố miền Bắc,5,thịt chân giò,Thịt chân giò lợn chín,"Pork hock meat, cooked",thịt,"chín, phần ăn được",dam_chinh,có,thành phần được liệt kê,,có,54.5,300,163.5,528.5,30.9,ước tính biên tập; không phải công thức định lượng của từng quán,toàn bộ thành phần đặc trưng đã ghi trong CSV gốc; không phải công thức đầy đủ của mọi quán,Viện Dinh dưỡng Việt Nam / FAO (proxy),không gắn mã riêng; đối chiếu theo thực phẩm tương đương,NIN/FAO Energy kcal (trên 100 g phần ăn được),"Pork hock meat, cooked",https://viendinhduong.vn/en/cong-cu-va-tien-ich/nutritional-value-of-food; https://www.fao.org/fileadmin/templates/food_composition/documents/pdf/VTN_FCT_2007.pdf,https://www.vietnam.travel/things-to-do/10-must-try-hanoi-dishes/,trung_binh,thap,Không tính xương; da và mỡ làm tăng kcal. Khối lượng thịt lợn thành phẩm trong một suất. Khối lượng đạm được phân bổ lại theo ngân sách 160 g cho món có nhiều thành phần đạm.,2026-08-02
HN071,Bibimbap,Món Hàn,1,cơm,Cơm trắng,"White rice, cooked",ngũ cốc,"chín, ngậm nước",tinh_bot_chinh_da_chin,có,thành phần được liệt kê,,có,180,130,234,680,34.4,ước tính biên tập; không phải công thức định lượng của từng quán,toàn bộ thành phần đặc trưng đã ghi trong CSV gốc; không phải công thức đầy đủ của mọi quán,Viện Dinh dưỡng Việt Nam / FAO (proxy),không gắn mã riêng; đối chiếu theo thực phẩm tương đương,NIN/FAO Energy kcal (trên 100 g phần ăn được),"White rice, cooked",https://viendinhduong.vn/en/cong-cu-va-tien-ich/nutritional-value-of-food; https://www.fao.org/fileadmin/templates/food_composition/documents/pdf/VTN_FCT_2007.pdf,https://vietnam.travel/things-to-do/must-try-food-in-hanoi; https://vietnamtourism.vn/en/index.php/services/restaurants/search/19; https://welcome.deliveryk.com/en/best-korean-bunsik-in-hanoi-must-try-tokbokki-kimbap-korean-street-food-spots/,cao,thap,Cơm trắng nấu bằng nước. Khối lượng cơm chín trong một bát/phần.,2026-08-02
HN071,Bibimbap,Món Hàn,2,rau,Rau hỗn hợp,Mixed vegetables,rau củ,tươi hoặc chín nhẹ,rau_an_kem,có,thành phần được liệt kê,,có,70,30,21,680,3.1,ước tính biên tập; không phải công thức định lượng của từng quán,toàn bộ thành phần đặc trưng đã ghi trong CSV gốc; không phải công thức đầy đủ của mọi quán,Viện Dinh dưỡng Việt Nam / FAO (proxy),không gắn mã riêng; đối chiếu theo thực phẩm tương đương,NIN/FAO Energy kcal (trên 100 g phần ăn được),Mixed vegetables,https://viendinhduong.vn/en/cong-cu-va-tien-ich/nutritional-value-of-food; https://www.fao.org/fileadmin/templates/food_composition/documents/pdf/VTN_FCT_2007.pdf,https://vietnam.travel/things-to-do/must-try-food-in-hanoi; https://vietnamtourism.vn/en/index.php/services/restaurants/search/19; https://welcome.deliveryk.com/en/best-korean-bunsik-in-hanoi-must-try-tokbokki-kimbap-korean-street-food-spots/,thap,thap,Tên chung; dùng trung bình rau ít tinh bột. Một nắm/đĩa rau ăn kèm cho một người; nếu là nguyên liệu đầu tiên của salad/nộm có thể nâng lên 120–150 g.,2026-08-02
HN071,Bibimbap,Món Hàn,3,thịt bò,Thịt bò chín,"Beef, cooked",thịt,chín,dam_chinh,có,thành phần được liệt kê,,có,90,250,225,680,33.1,ước tính biên tập; không phải công thức định lượng của từng quán,toàn bộ thành phần đặc trưng đã ghi trong CSV gốc; không phải công thức đầy đủ của mọi quán,Viện Dinh dưỡng Việt Nam / FAO (proxy),không gắn mã riêng; đối chiếu theo thực phẩm tương đương,NIN/FAO Energy kcal (trên 100 g phần ăn được),"Beef, cooked",https://viendinhduong.vn/en/cong-cu-va-tien-ich/nutritional-value-of-food; https://www.fao.org/fileadmin/templates/food_composition/documents/pdf/VTN_FCT_2007.pdf,https://vietnam.travel/things-to-do/must-try-food-in-hanoi; https://vietnamtourism.vn/en/index.php/services/restaurants/search/19; https://welcome.deliveryk.com/en/best-korean-bunsik-in-hanoi-must-try-tokbokki-kimbap-korean-street-food-spots/,trung_binh,thap,Giá trị đại diện phần cắt nạc-mỡ vừa. Khối lượng thịt bò chín/nhúng trong một suất.,2026-08-02
HN071,Bibimbap,Món Hàn,4,trứng,Trứng gà nguyên quả,"Chicken egg, whole, cooked",trứng,chín,dam_phu,có,thành phần được liệt kê,,có,55,155,85.3,680,12.5,ước tính biên tập; không phải công thức định lượng của từng quán,toàn bộ thành phần đặc trưng đã ghi trong CSV gốc; không phải công thức đầy đủ của mọi quán,USDA SR28 / FoodData Central (proxy),không gắn mã riêng; đối chiếu theo thực phẩm tương đương,USDA SR28 Energ_Kcal (trên 100 g phần ăn được),"Chicken egg, whole, cooked",https://catalog.data.gov/dataset/composition-of-foods-raw-processed-prepared-usda-national-nutrient-database-for-standar-28,https://vietnam.travel/things-to-do/must-try-food-in-hanoi; https://vietnamtourism.vn/en/index.php/services/restaurants/search/19; https://welcome.deliveryk.com/en/best-korean-bunsik-in-hanoi-must-try-tokbokki-kimbap-korean-street-food-spots/,cao,thap,"Trứng gà nguyên quả đại diện. Quy đổi một quả trứng gà cỡ vừa, bỏ vỏ.",2026-08-02
HN071,Bibimbap,Món Hàn,5,gochujang,Tương ớt gochujang,Gochujang,nước sốt/gia vị,lên men,sot_dac_len_men,có,thành phần được liệt kê,,có,20,220,44,680,6.5,ước tính biên tập; không phải công thức định lượng của từng quán,toàn bộ thành phần đặc trưng đã ghi trong CSV gốc; không phải công thức đầy đủ của mọi quán,USDA SR28 / FoodData Central (proxy),không gắn mã riêng; đối chiếu theo thực phẩm tương đương,USDA SR28 Energ_Kcal (trên 100 g phần ăn được),Gochujang,https://catalog.data.gov/dataset/composition-of-foods-raw-processed-prepared-usda-national-nutrient-database-for-standar-28,https://vietnam.travel/things-to-do/must-try-food-in-hanoi; https://vietnamtourism.vn/en/index.php/services/restaurants/search/19; https://welcome.deliveryk.com/en/best-korean-bunsik-in-hanoi-must-try-tokbokki-kimbap-korean-street-food-spots/,trung_binh,thap,"Biến thiên theo hãng và lượng đường. Khoảng 1–1,5 thìa canh tương đặc cho một suất.",2026-08-02
HN071,Bibimbap,Món Hàn,6,dầu mè,Dầu mè,Sesame oil,chất béo,dạng lỏng,chat_beo_tao_huong,có,thành phần được liệt kê,,có,8,884,70.7,680,10.4,ước tính biên tập; không phải công thức định lượng của từng quán,toàn bộ thành phần đặc trưng đã ghi trong CSV gốc; không phải công thức đầy đủ của mọi quán,USDA SR28 / FoodData Central (proxy),USDA SR28 NDB_No 04058,USDA SR28 Energ_Kcal (trên 100 g phần ăn được),"OIL,SESAME,SALAD OR COOKING",https://catalog.data.gov/dataset/composition-of-foods-raw-processed-prepared-usda-national-nutrient-database-for-standar-28,https://vietnam.travel/things-to-do/must-try-food-in-hanoi; https://vietnamtourism.vn/en/index.php/services/restaurants/search/19; https://welcome.deliveryk.com/en/best-korean-bunsik-in-hanoi-must-try-tokbokki-kimbap-korean-street-food-spots/,cao,thap,Dầu mè nguyên chất. Lượng dầu rưới/trộn trong một phần. Khớp gần với bản ghi USDA SR28; điểm khớp 100%.,2026-08-02
HN072,Bulgogi,Món Hàn,1,thịt bò,Thịt bò chín,"Beef, cooked",thịt,chín,dam_chinh,có,thành phần được liệt kê,,có,90,250,225,361.2,62.3,ước tính biên tập; không phải công thức định lượng của từng quán,toàn bộ thành phần đặc trưng đã ghi trong CSV gốc; không phải công thức đầy đủ của mọi quán,Viện Dinh dưỡng Việt Nam / FAO (proxy),không gắn mã riêng; đối chiếu theo thực phẩm tương đương,NIN/FAO Energy kcal (trên 100 g phần ăn được),"Beef, cooked",https://viendinhduong.vn/en/cong-cu-va-tien-ich/nutritional-value-of-food; https://www.fao.org/fileadmin/templates/food_composition/documents/pdf/VTN_FCT_2007.pdf,https://vietnam.travel/things-to-do/must-try-food-in-hanoi; https://vietnamtourism.vn/en/index.php/services/restaurants/search/19; https://welcome.deliveryk.com/en/best-korean-bunsik-in-hanoi-must-try-tokbokki-kimbap-korean-street-food-spots/,trung_binh,thap,Giá trị đại diện phần cắt nạc-mỡ vừa. Khối lượng thịt bò chín/nhúng trong một suất.,2026-08-02
HN072,Bulgogi,Món Hàn,2,xì dầu,Nước tương,Soy sauce,gia vị/nước chấm,dạng lỏng,nuoc_cham_gia_vi_long,có,thành phần được liệt kê,,có,15,53,8,361.2,2.2,ước tính biên tập; không phải công thức định lượng của từng quán,toàn bộ thành phần đặc trưng đã ghi trong CSV gốc; không phải công thức đầy đủ của mọi quán,USDA SR28 / FoodData Central (proxy),không gắn mã riêng; đối chiếu theo thực phẩm tương đương,USDA SR28 Energ_Kcal (trên 100 g phần ăn được),Soy sauce,https://catalog.data.gov/dataset/composition-of-foods-raw-processed-prepared-usda-national-nutrient-database-for-standar-28,https://vietnam.travel/things-to-do/must-try-food-in-hanoi; https://vietnamtourism.vn/en/index.php/services/restaurants/search/19; https://welcome.deliveryk.com/en/best-korean-bunsik-in-hanoi-must-try-tokbokki-kimbap-korean-street-food-spots/,cao,thap,"Nước tương thông dụng. Lượng nước chấm/gia vị lỏng thực ăn trong một suất, không phải toàn bộ bát chấm.",2026-08-02
HN072,Bulgogi,Món Hàn,3,lê,Lê tươi,"Pear, raw",trái cây,tươi,trai_cay,có,thành phần được liệt kê,,có,80,57,45.6,361.2,12.6,ước tính biên tập; không phải công thức định lượng của từng quán,toàn bộ thành phần đặc trưng đã ghi trong CSV gốc; không phải công thức đầy đủ của mọi quán,USDA SR28 / FoodData Central (proxy),USDA SR28 NDB_No 11022,USDA SR28 Energ_Kcal (trên 100 g phần ăn được),"BALSAM-PEAR (BITTER GOURD),LEAFY TIPS,RAW",https://catalog.data.gov/dataset/composition-of-foods-raw-processed-prepared-usda-national-nutrient-database-for-standar-28,https://vietnam.travel/things-to-do/must-try-food-in-hanoi; https://vietnamtourism.vn/en/index.php/services/restaurants/search/19; https://welcome.deliveryk.com/en/best-korean-bunsik-in-hanoi-must-try-tokbokki-kimbap-korean-street-food-spots/,cao,thap,Phần thịt quả ăn được. Phần trái cây ăn được; chuỗi có dấu gạch chéo là biến thể/lựa chọn. Khớp gần với bản ghi USDA SR28; điểm khớp 100%.,2026-08-02
HN072,Bulgogi,Món Hàn,4,tỏi,Tỏi tươi,"Garlic, raw",gia vị,tươi,gia_vi_tuoi,có,thành phần được liệt kê,,có,8,149,11.9,361.2,3.3,ước tính biên tập; không phải công thức định lượng của từng quán,toàn bộ thành phần đặc trưng đã ghi trong CSV gốc; không phải công thức đầy đủ của mọi quán,USDA SR28 / FoodData Central (proxy),USDA SR28 NDB_No 11215,USDA SR28 Energ_Kcal (trên 100 g phần ăn được),"GARLIC,RAW",https://catalog.data.gov/dataset/composition-of-foods-raw-processed-prepared-usda-national-nutrient-database-for-standar-28,https://vietnam.travel/things-to-do/must-try-food-in-hanoi; https://vietnamtourism.vn/en/index.php/services/restaurants/search/19; https://welcome.deliveryk.com/en/best-korean-bunsik-in-hanoi-must-try-tokbokki-kimbap-korean-street-food-spots/,cao,thap,Tép tỏi ăn được. Lượng gia vị tươi ước/nấu trong một suất; không nhất thiết ăn hết phần xác. Khớp gần với bản ghi USDA SR28; điểm khớp 100%.,2026-08-02
HN072,Bulgogi,Món Hàn,5,dầu mè,Dầu mè,Sesame oil,chất béo,dạng lỏng,chat_beo_tao_huong,có,thành phần được liệt kê,,có,8,884,70.7,361.2,19.6,ước tính biên tập; không phải công thức định lượng của từng quán,toàn bộ thành phần đặc trưng đã ghi trong CSV gốc; không phải công thức đầy đủ của mọi quán,USDA SR28 / FoodData Central (proxy),USDA SR28 NDB_No 04058,USDA SR28 Energ_Kcal (trên 100 g phần ăn được),"OIL,SESAME,SALAD OR COOKING",https://catalog.data.gov/dataset/composition-of-foods-raw-processed-prepared-usda-national-nutrient-database-for-standar-28,https://vietnam.travel/things-to-do/must-try-food-in-hanoi; https://vietnamtourism.vn/en/index.php/services/restaurants/search/19; https://welcome.deliveryk.com/en/best-korean-bunsik-in-hanoi-must-try-tokbokki-kimbap-korean-street-food-spots/,cao,thap,Dầu mè nguyên chất. Lượng dầu rưới/trộn trong một phần. Khớp gần với bản ghi USDA SR28; điểm khớp 100%.,2026-08-02
HN073,Gà rán Hàn Quốc,Món Hàn,1,gà,Thịt gà chín,"Chicken meat, cooked",thịt gia cầm,"chín, thịt và da đại diện",dam_chinh,có,thành phần được liệt kê,,có,100,239,239,423.9,56.4,ước tính biên tập; không phải công thức định lượng của từng quán,toàn bộ thành phần đặc trưng đã ghi trong CSV gốc; không phải công thức đầy đủ của mọi quán,Viện Dinh dưỡng Việt Nam / FAO (proxy),không gắn mã riêng; đối chiếu theo thực phẩm tương đương,NIN/FAO Energy kcal (trên 100 g phần ăn được),"Chicken meat, cooked",https://viendinhduong.vn/en/cong-cu-va-tien-ich/nutritional-value-of-food; https://www.fao.org/fileadmin/templates/food_composition/documents/pdf/VTN_FCT_2007.pdf,https://vietnam.travel/things-to-do/must-try-food-in-hanoi; https://vietnamtourism.vn/en/index.php/services/restaurants/search/19; https://welcome.deliveryk.com/en/best-korean-bunsik-in-hanoi-must-try-tokbokki-kimbap-korean-street-food-spots/,trung_binh,thap,Biến thiên theo phần cắt và có da hay không. Khối lượng thịt chín ăn được trong một suất; gà tùy chọn chỉ tính khi thực sự thêm.,2026-08-02
HN073,Gà rán Hàn Quốc,Món Hàn,2,bột chiên,Bột chiên pha sẵn,"Seasoned frying flour, dry",bột/ngũ cốc,khô,ao_bot,có,thành phần được liệt kê,,có,25,360,90,423.9,21.2,ước tính biên tập; không phải công thức định lượng của từng quán,toàn bộ thành phần đặc trưng đã ghi trong CSV gốc; không phải công thức đầy đủ của mọi quán,USDA SR28 / FoodData Central (proxy),không gắn mã riêng; đối chiếu theo thực phẩm tương đương,USDA SR28 Energ_Kcal (trên 100 g phần ăn được),"Seasoned frying flour, dry",https://catalog.data.gov/dataset/composition-of-foods-raw-processed-prepared-usda-national-nutrient-database-for-standar-28,https://vietnam.travel/things-to-do/must-try-food-in-hanoi; https://vietnamtourism.vn/en/index.php/services/restaurants/search/19; https://welcome.deliveryk.com/en/best-korean-bunsik-in-hanoi-must-try-tokbokki-kimbap-korean-street-food-spots/,thap,thap,Công thức bột pha sẵn thay đổi theo hãng. Lượng bột áo/bột chiên bám lại trên một suất sau chế biến.,2026-08-02
HN073,Gà rán Hàn Quốc,Món Hàn,3,gochujang,Tương ớt gochujang,Gochujang,nước sốt/gia vị,lên men,sot_dac_len_men,có,thành phần được liệt kê,,có,20,220,44,423.9,10.4,ước tính biên tập; không phải công thức định lượng của từng quán,toàn bộ thành phần đặc trưng đã ghi trong CSV gốc; không phải công thức đầy đủ của mọi quán,USDA SR28 / FoodData Central (proxy),không gắn mã riêng; đối chiếu theo thực phẩm tương đương,USDA SR28 Energ_Kcal (trên 100 g phần ăn được),Gochujang,https://catalog.data.gov/dataset/composition-of-foods-raw-processed-prepared-usda-national-nutrient-database-for-standar-28,https://vietnam.travel/things-to-do/must-try-food-in-hanoi; https://vietnamtourism.vn/en/index.php/services/restaurants/search/19; https://welcome.deliveryk.com/en/best-korean-bunsik-in-hanoi-must-try-tokbokki-kimbap-korean-street-food-spots/,trung_binh,thap,"Biến thiên theo hãng và lượng đường. Khoảng 1–1,5 thìa canh tương đặc cho một suất.",2026-08-02
HN073,Gà rán Hàn Quốc,Món Hàn,4,tỏi,Tỏi tươi,"Garlic, raw",gia vị,tươi,gia_vi_tuoi,có,thành phần được liệt kê,,có,8,149,11.9,423.9,2.8,ước tính biên tập; không phải công thức định lượng của từng quán,toàn bộ thành phần đặc trưng đã ghi trong CSV gốc; không phải công thức đầy đủ của mọi quán,USDA SR28 / FoodData Central (proxy),USDA SR28 NDB_No 11215,USDA SR28 Energ_Kcal (trên 100 g phần ăn được),"GARLIC,RAW",https://catalog.data.gov/dataset/composition-of-foods-raw-processed-prepared-usda-national-nutrient-database-for-standar-28,https://vietnam.travel/things-to-do/must-try-food-in-hanoi; https://vietnamtourism.vn/en/index.php/services/restaurants/search/19; https://welcome.deliveryk.com/en/best-korean-bunsik-in-hanoi-must-try-tokbokki-kimbap-korean-street-food-spots/,cao,thap,Tép tỏi ăn được. Lượng gia vị tươi ước/nấu trong một suất; không nhất thiết ăn hết phần xác. Khớp gần với bản ghi USDA SR28; điểm khớp 100%.,2026-08-02
HN073,Gà rán Hàn Quốc,Món Hàn,5,si-rô,Si-rô đường,Sugar syrup,đường/chất tạo ngọt,dạng lỏng cô đặc,chat_tao_ngot,có,thành phần được liệt kê,,có,15,260,39,423.9,9.2,ước tính biên tập; không phải công thức định lượng của từng quán,toàn bộ thành phần đặc trưng đã ghi trong CSV gốc; không phải công thức đầy đủ của mọi quán,USDA SR28 / FoodData Central (proxy),USDA SR28 NDB_No 19436,USDA SR28 Energ_Kcal (trên 100 g phần ăn được),"POPCORN,SUGAR SYRUP/CARAMEL,FAT-FREE",https://catalog.data.gov/dataset/composition-of-foods-raw-processed-prepared-usda-national-nutrient-database-for-standar-28,https://vietnam.travel/things-to-do/must-try-food-in-hanoi; https://vietnamtourism.vn/en/index.php/services/restaurants/search/19; https://welcome.deliveryk.com/en/best-korean-bunsik-in-hanoi-must-try-tokbokki-kimbap-korean-street-food-spots/,thap,thap,Phụ thuộc nồng độ đường. Khoảng một thìa canh chất tạo ngọt cho một suất. Khớp gần với bản ghi USDA SR28; điểm khớp 100%.,2026-08-02
HN074,Japchae,Món Hàn,1,miến khoai lang,Miến khoai lang chín,"Sweet potato glass noodles, cooked",mì/bún,"chín, ngậm nước",tinh_bot_chinh_da_chin,có,thành phần được liệt kê,,có,160,90,144,468.7,30.7,ước tính biên tập; không phải công thức định lượng của từng quán,toàn bộ thành phần đặc trưng đã ghi trong CSV gốc; không phải công thức đầy đủ của mọi quán,USDA SR28 / FoodData Central (proxy),không gắn mã riêng; đối chiếu theo thực phẩm tương đương,USDA SR28 Energ_Kcal (trên 100 g phần ăn được),"Sweet potato glass noodles, cooked",https://catalog.data.gov/dataset/composition-of-foods-raw-processed-prepared-usda-national-nutrient-database-for-standar-28,https://vietnam.travel/things-to-do/must-try-food-in-hanoi; https://vietnamtourism.vn/en/index.php/services/restaurants/search/19; https://welcome.deliveryk.com/en/best-korean-bunsik-in-hanoi-must-try-tokbokki-kimbap-korean-street-food-spots/,trung_binh,thap,Mật độ năng lượng sau khi nấu. Khối lượng miến đã ngâm/nấu trong một phần.,2026-08-02
HN074,Japchae,Món Hàn,2,rau,Rau hỗn hợp,Mixed vegetables,rau củ,tươi hoặc chín nhẹ,rau_an_kem,có,thành phần được liệt kê,,có,70,30,21,468.7,4.5,ước tính biên tập; không phải công thức định lượng của từng quán,toàn bộ thành phần đặc trưng đã ghi trong CSV gốc; không phải công thức đầy đủ của mọi quán,Viện Dinh dưỡng Việt Nam / FAO (proxy),không gắn mã riêng; đối chiếu theo thực phẩm tương đương,NIN/FAO Energy kcal (trên 100 g phần ăn được),Mixed vegetables,https://viendinhduong.vn/en/cong-cu-va-tien-ich/nutritional-value-of-food; https://www.fao.org/fileadmin/templates/food_composition/documents/pdf/VTN_FCT_2007.pdf,https://vietnam.travel/things-to-do/must-try-food-in-hanoi; https://vietnamtourism.vn/en/index.php/services/restaurants/search/19; https://welcome.deliveryk.com/en/best-korean-bunsik-in-hanoi-must-try-tokbokki-kimbap-korean-street-food-spots/,thap,thap,Tên chung; dùng trung bình rau ít tinh bột. Một nắm/đĩa rau ăn kèm cho một người; nếu là nguyên liệu đầu tiên của salad/nộm có thể nâng lên 120–150 g.,2026-08-02
HN074,Japchae,Món Hàn,3,thịt bò,Thịt bò chín,"Beef, cooked",thịt,chín,dam_chinh,có,thành phần được liệt kê,,có,90,250,225,468.7,48,ước tính biên tập; không phải công thức định lượng của từng quán,toàn bộ thành phần đặc trưng đã ghi trong CSV gốc; không phải công thức đầy đủ của mọi quán,Viện Dinh dưỡng Việt Nam / FAO (proxy),không gắn mã riêng; đối chiếu theo thực phẩm tương đương,NIN/FAO Energy kcal (trên 100 g phần ăn được),"Beef, cooked",https://viendinhduong.vn/en/cong-cu-va-tien-ich/nutritional-value-of-food; https://www.fao.org/fileadmin/templates/food_composition/documents/pdf/VTN_FCT_2007.pdf,https://vietnam.travel/things-to-do/must-try-food-in-hanoi; https://vietnamtourism.vn/en/index.php/services/restaurants/search/19; https://welcome.deliveryk.com/en/best-korean-bunsik-in-hanoi-must-try-tokbokki-kimbap-korean-street-food-spots/,trung_binh,thap,Giá trị đại diện phần cắt nạc-mỡ vừa. Khối lượng thịt bò chín/nhúng trong một suất.,2026-08-02
HN074,Japchae,Món Hàn,4,xì dầu,Nước tương,Soy sauce,gia vị/nước chấm,dạng lỏng,nuoc_cham_gia_vi_long,có,thành phần được liệt kê,,có,15,53,8,468.7,1.7,ước tính biên tập; không phải công thức định lượng của từng quán,toàn bộ thành phần đặc trưng đã ghi trong CSV gốc; không phải công thức đầy đủ của mọi quán,USDA SR28 / FoodData Central (proxy),không gắn mã riêng; đối chiếu theo thực phẩm tương đương,USDA SR28 Energ_Kcal (trên 100 g phần ăn được),Soy sauce,https://catalog.data.gov/dataset/composition-of-foods-raw-processed-prepared-usda-national-nutrient-database-for-standar-28,https://vietnam.travel/things-to-do/must-try-food-in-hanoi; https://vietnamtourism.vn/en/index.php/services/restaurants/search/19; https://welcome.deliveryk.com/en/best-korean-bunsik-in-hanoi-must-try-tokbokki-kimbap-korean-street-food-spots/,cao,thap,"Nước tương thông dụng. Lượng nước chấm/gia vị lỏng thực ăn trong một suất, không phải toàn bộ bát chấm.",2026-08-02
HN074,Japchae,Món Hàn,5,dầu mè,Dầu mè,Sesame oil,chất béo,dạng lỏng,chat_beo_tao_huong,có,thành phần được liệt kê,,có,8,884,70.7,468.7,15.1,ước tính biên tập; không phải công thức định lượng của từng quán,toàn bộ thành phần đặc trưng đã ghi trong CSV gốc; không phải công thức đầy đủ của mọi quán,USDA SR28 / FoodData Central (proxy),USDA SR28 NDB_No 04058,USDA SR28 Energ_Kcal (trên 100 g phần ăn được),"OIL,SESAME,SALAD OR COOKING",https://catalog.data.gov/dataset/composition-of-foods-raw-processed-prepared-usda-national-nutrient-database-for-standar-28,https://vietnam.travel/things-to-do/must-try-food-in-hanoi; https://vietnamtourism.vn/en/index.php/services/restaurants/search/19; https://welcome.deliveryk.com/en/best-korean-bunsik-in-hanoi-must-try-tokbokki-kimbap-korean-street-food-spots/,cao,thap,Dầu mè nguyên chất. Lượng dầu rưới/trộn trong một phần. Khớp gần với bản ghi USDA SR28; điểm khớp 100%.,2026-08-02
HN075,Kimbap,Món Hàn,1,cơm,Cơm trắng,"White rice, cooked",ngũ cốc,"chín, ngậm nước",tinh_bot_chinh_da_chin,có,thành phần được liệt kê,,có,180,130,234,550.5,42.5,ước tính biên tập; không phải công thức định lượng của từng quán,toàn bộ thành phần đặc trưng đã ghi trong CSV gốc; không phải công thức đầy đủ của mọi quán,Viện Dinh dưỡng Việt Nam / FAO (proxy),không gắn mã riêng; đối chiếu theo thực phẩm tương đương,NIN/FAO Energy kcal (trên 100 g phần ăn được),"White rice, cooked",https://viendinhduong.vn/en/cong-cu-va-tien-ich/nutritional-value-of-food; https://www.fao.org/fileadmin/templates/food_composition/documents/pdf/VTN_FCT_2007.pdf,https://vietnam.travel/things-to-do/must-try-food-in-hanoi; https://vietnamtourism.vn/en/index.php/services/restaurants/search/19; https://welcome.deliveryk.com/en/best-korean-bunsik-in-hanoi-must-try-tokbokki-kimbap-korean-street-food-spots/,cao,thap,Cơm trắng nấu bằng nước. Khối lượng cơm chín trong một bát/phần.,2026-08-02
HN075,Kimbap,Món Hàn,2,rong biển,Rong biển ăn được,Edible seaweed,rau biển,tươi/hoàn nguyên,rau_bien,có,thành phần được liệt kê,,có,8,45,3.6,550.5,0.7,ước tính biên tập; không phải công thức định lượng của từng quán,toàn bộ thành phần đặc trưng đã ghi trong CSV gốc; không phải công thức đầy đủ của mọi quán,USDA SR28 / FoodData Central (proxy),không gắn mã riêng; đối chiếu theo thực phẩm tương đương,USDA SR28 Energ_Kcal (trên 100 g phần ăn được),Edible seaweed,https://catalog.data.gov/dataset/composition-of-foods-raw-processed-prepared-usda-national-nutrient-database-for-standar-28,https://vietnam.travel/things-to-do/must-try-food-in-hanoi; https://vietnamtourism.vn/en/index.php/services/restaurants/search/19; https://welcome.deliveryk.com/en/best-korean-bunsik-in-hanoi-must-try-tokbokki-kimbap-korean-street-food-spots/,trung_binh,thap,Không dùng giá trị rong biển khô đậm đặc. Khối lượng rong biển khô/miếng cuốn trong một phần.,2026-08-02
HN075,Kimbap,Món Hàn,3,trứng,Trứng gà nguyên quả,"Chicken egg, whole, cooked",trứng,chín,dam_phu,có,thành phần được liệt kê,,có,55,155,85.3,550.5,15.5,ước tính biên tập; không phải công thức định lượng của từng quán,toàn bộ thành phần đặc trưng đã ghi trong CSV gốc; không phải công thức đầy đủ của mọi quán,USDA SR28 / FoodData Central (proxy),không gắn mã riêng; đối chiếu theo thực phẩm tương đương,USDA SR28 Energ_Kcal (trên 100 g phần ăn được),"Chicken egg, whole, cooked",https://catalog.data.gov/dataset/composition-of-foods-raw-processed-prepared-usda-national-nutrient-database-for-standar-28,https://vietnam.travel/things-to-do/must-try-food-in-hanoi; https://vietnamtourism.vn/en/index.php/services/restaurants/search/19; https://welcome.deliveryk.com/en/best-korean-bunsik-in-hanoi-must-try-tokbokki-kimbap-korean-street-food-spots/,cao,thap,"Trứng gà nguyên quả đại diện. Quy đổi một quả trứng gà cỡ vừa, bỏ vỏ.",2026-08-02
HN075,Kimbap,Món Hàn,4,cà rốt,Cà rốt,"Carrot, raw",rau củ,tươi,rau_cu,có,thành phần được liệt kê,,có,60,41,24.6,550.5,4.5,ước tính biên tập; không phải công thức định lượng của từng quán,toàn bộ thành phần đặc trưng đã ghi trong CSV gốc; không phải công thức đầy đủ của mọi quán,USDA SR28 / FoodData Central (proxy),không gắn mã riêng; đối chiếu theo thực phẩm tương đương,USDA SR28 Energ_Kcal (trên 100 g phần ăn được),"Carrot, raw",https://catalog.data.gov/dataset/composition-of-foods-raw-processed-prepared-usda-national-nutrient-database-for-standar-28,https://vietnam.travel/things-to-do/must-try-food-in-hanoi; https://vietnamtourism.vn/en/index.php/services/restaurants/search/19; https://welcome.deliveryk.com/en/best-korean-bunsik-in-hanoi-must-try-tokbokki-kimbap-korean-street-food-spots/,cao,thap,Phần củ ăn được. Khối lượng rau/củ chín hoặc sơ chế trong một suất.,2026-08-02
HN075,Kimbap,Món Hàn,5,củ cải vàng,Củ cải vàng muối,Yellow pickled radish,rau muối chua,ngâm chua ngọt,rau_cu_an_kem,có,thành phần được liệt kê,,có,70,40,28,550.5,5.1,ước tính biên tập; không phải công thức định lượng của từng quán,toàn bộ thành phần đặc trưng đã ghi trong CSV gốc; không phải công thức đầy đủ của mọi quán,USDA SR28 / FoodData Central (proxy),không gắn mã riêng; đối chiếu theo thực phẩm tương đương,USDA SR28 Energ_Kcal (trên 100 g phần ăn được),Yellow pickled radish,https://catalog.data.gov/dataset/composition-of-foods-raw-processed-prepared-usda-national-nutrient-database-for-standar-28,https://vietnam.travel/things-to-do/must-try-food-in-hanoi; https://vietnamtourism.vn/en/index.php/services/restaurants/search/19; https://welcome.deliveryk.com/en/best-korean-bunsik-in-hanoi-must-try-tokbokki-kimbap-korean-street-food-spots/,thap,thap,Phụ thuộc đường trong nước ngâm. Khối lượng rau/củ ăn kèm hoặc làm nộm trong một phần.,2026-08-02
HN075,Kimbap,Món Hàn,6,thịt,Thịt chín tổng hợp,"Cooked meat, generic",thịt,chín,dam_chinh_hoac_nhan,có,thành phần được liệt kê,,có,70,250,175,550.5,31.8,ước tính biên tập; không phải công thức định lượng của từng quán,toàn bộ thành phần đặc trưng đã ghi trong CSV gốc; không phải công thức đầy đủ của mọi quán,Viện Dinh dưỡng Việt Nam / FAO (proxy),không gắn mã riêng; đối chiếu theo thực phẩm tương đương,NIN/FAO Energy kcal (trên 100 g phần ăn được),"Cooked meat, generic",https://viendinhduong.vn/en/cong-cu-va-tien-ich/nutritional-value-of-food; https://www.fao.org/fileadmin/templates/food_composition/documents/pdf/VTN_FCT_2007.pdf,https://vietnam.travel/things-to-do/must-try-food-in-hanoi; https://vietnamtourism.vn/en/index.php/services/restaurants/search/19; https://welcome.deliveryk.com/en/best-korean-bunsik-in-hanoi-must-try-tokbokki-kimbap-korean-street-food-spots/,thap,thap,Tên chung; giá trị trung bình thịt nạc-mỡ vừa. Thịt chín dùng làm nhân/topping; nếu là nguyên liệu đầu tiên của món có thể nâng lên 90 g.,2026-08-02
HN076,Kimchi jjigae,Món Hàn,1,kimchi,Kimchi cải thảo,Kimchi,rau lên men,lên men,rau_muoi_chua,có,thành phần được liệt kê,,có,50,23,11.5,281.5,4.1,ước tính biên tập; không phải công thức định lượng của từng quán,toàn bộ thành phần đặc trưng đã ghi trong CSV gốc; không phải công thức đầy đủ của mọi quán,USDA SR28 / FoodData Central (proxy),USDA SR28 NDB_No 11118,USDA SR28 Energ_Kcal (trên 100 g phần ăn được),"CABBAGE,KIMCHI",https://catalog.data.gov/dataset/composition-of-foods-raw-processed-prepared-usda-national-nutrient-database-for-standar-28,https://vietnam.travel/things-to-do/must-try-food-in-hanoi; https://vietnamtourism.vn/en/index.php/services/restaurants/search/19; https://welcome.deliveryk.com/en/best-korean-bunsik-in-hanoi-must-try-tokbokki-kimbap-korean-street-food-spots/,cao,thap,Kimchi cải thảo thông dụng. Khẩu phần rau muối/chua dùng kèm hoặc nấu trong một suất. Khớp gần với bản ghi USDA SR28; điểm khớp 100%.,2026-08-02
HN076,Kimchi jjigae,Món Hàn,2,thịt/cá ngừ,Thịt chín tổng hợp,"Cooked meat, generic",thịt,chín,dam_hai_san_hoac_hon_hop,có,lựa chọn mặc định,HN076-02,có,73.5,250,183.8,281.5,65.3,ước tính biên tập; không phải công thức định lượng của từng quán,toàn bộ thành phần đặc trưng đã ghi trong CSV gốc; không phải công thức đầy đủ của mọi quán,Viện Dinh dưỡng Việt Nam / FAO (proxy),không gắn mã riêng; đối chiếu theo thực phẩm tương đương,NIN/FAO Energy kcal (trên 100 g phần ăn được),"Cooked meat, generic",https://viendinhduong.vn/en/cong-cu-va-tien-ich/nutritional-value-of-food; https://www.fao.org/fileadmin/templates/food_composition/documents/pdf/VTN_FCT_2007.pdf,https://vietnam.travel/things-to-do/must-try-food-in-hanoi; https://vietnamtourism.vn/en/index.php/services/restaurants/search/19; https://welcome.deliveryk.com/en/best-korean-bunsik-in-hanoi-must-try-tokbokki-kimbap-korean-street-food-spots/,thap,thap,"Tên chung; giá trị trung bình thịt nạc-mỡ vừa. Khối lượng phần ăn được, bỏ vỏ/xương; chuỗi có dấu gạch chéo là một lựa chọn/hỗn hợp. Các lựa chọn cùng nhóm không dùng để cộng đồng thời. Khối lượng đạm được phân bổ lại theo ngân sách 160 g cho món có nhiều thành phần đạm.",2026-08-02
HN076,Kimchi jjigae,Món Hàn,3,thịt/cá ngừ,cá ngừ,Salmon or tuna,cá,sống dùng sashimi hoặc chín,dam_hai_san_hoac_hon_hop,có,lựa chọn thay thế,HN076-02,không,73.5,170,125,281.5,0,ước tính biên tập; không phải công thức định lượng của từng quán,toàn bộ thành phần đặc trưng đã ghi trong CSV gốc; không phải công thức đầy đủ của mọi quán,USDA SR28 / FoodData Central (proxy),không gắn mã riêng; đối chiếu theo thực phẩm tương đương,USDA SR28 Energ_Kcal (trên 100 g phần ăn được),Salmon or tuna,https://catalog.data.gov/dataset/composition-of-foods-raw-processed-prepared-usda-national-nutrient-database-for-standar-28,https://vietnam.travel/things-to-do/must-try-food-in-hanoi; https://vietnamtourism.vn/en/index.php/services/restaurants/search/19; https://welcome.deliveryk.com/en/best-korean-bunsik-in-hanoi-must-try-tokbokki-kimbap-korean-street-food-spots/,thap,thap,"Trung bình cá hồi béo và cá ngừ nạc. Tách từ cụm lựa chọn “thịt/cá ngừ”; dùng giá trị đại diện gần nhất. Khối lượng phần ăn được, bỏ vỏ/xương; chuỗi có dấu gạch chéo là một lựa chọn/hỗn hợp. Các lựa chọn cùng nhóm không dùng để cộng đồng thời. Khối lượng đạm được phân bổ lại theo ngân sách 160 g cho món có nhiều thành phần đạm.",2026-08-02
HN076,Kimchi jjigae,Món Hàn,4,đậu phụ,Đậu phụ trắng,"Tofu, firm",đậu/sản phẩm đậu,đã đông tụ,dam_thuc_vat_da_chin,có,thành phần được liệt kê,,có,86.5,76,65.7,281.5,23.3,ước tính biên tập; không phải công thức định lượng của từng quán,toàn bộ thành phần đặc trưng đã ghi trong CSV gốc; không phải công thức đầy đủ của mọi quán,Viện Dinh dưỡng Việt Nam / FAO (proxy),không gắn mã riêng; đối chiếu theo thực phẩm tương đương,NIN/FAO Energy kcal (trên 100 g phần ăn được),"Tofu, firm",https://viendinhduong.vn/en/cong-cu-va-tien-ich/nutritional-value-of-food; https://www.fao.org/fileadmin/templates/food_composition/documents/pdf/VTN_FCT_2007.pdf,https://vietnam.travel/things-to-do/must-try-food-in-hanoi; https://vietnamtourism.vn/en/index.php/services/restaurants/search/19; https://welcome.deliveryk.com/en/best-korean-bunsik-in-hanoi-must-try-tokbokki-kimbap-korean-street-food-spots/,cao,thap,Đậu phụ chưa chiên. Khối lượng đậu/đậu phụ đã nấu trong một phần. Khối lượng đạm được phân bổ lại theo ngân sách 160 g cho món có nhiều thành phần đạm.,2026-08-02
HN076,Kimchi jjigae,Món Hàn,5,gochugaru,Bột ớt Hàn Quốc,Gochugaru,gia vị,"khô, xay",gia_vi_cay,có,thành phần được liệt kê,,có,5,282,14.1,281.5,5,ước tính biên tập; không phải công thức định lượng của từng quán,toàn bộ thành phần đặc trưng đã ghi trong CSV gốc; không phải công thức đầy đủ của mọi quán,USDA SR28 / FoodData Central (proxy),không gắn mã riêng; đối chiếu theo thực phẩm tương đương,USDA SR28 Energ_Kcal (trên 100 g phần ăn được),Gochugaru,https://catalog.data.gov/dataset/composition-of-foods-raw-processed-prepared-usda-national-nutrient-database-for-standar-28,https://vietnam.travel/things-to-do/must-try-food-in-hanoi; https://vietnamtourism.vn/en/index.php/services/restaurants/search/19; https://welcome.deliveryk.com/en/best-korean-bunsik-in-hanoi-must-try-tokbokki-kimbap-korean-street-food-spots/,trung_binh,thap,Proxy từ ớt đỏ khô xay. Lượng gia vị cay/sa tế trong một phần.,2026-08-02
HN076,Kimchi jjigae,Món Hàn,6,hành,Hành lá,"Spring onion, raw",rau thơm,tươi,rau_thom_tao_nen,có,thành phần được liệt kê,,có,20,32,6.4,281.5,2.3,ước tính biên tập; không phải công thức định lượng của từng quán,toàn bộ thành phần đặc trưng đã ghi trong CSV gốc; không phải công thức đầy đủ của mọi quán,Viện Dinh dưỡng Việt Nam / FAO (proxy),không gắn mã riêng; đối chiếu theo thực phẩm tương đương,NIN/FAO Energy kcal (trên 100 g phần ăn được),"Spring onion, raw",https://viendinhduong.vn/en/cong-cu-va-tien-ich/nutritional-value-of-food; https://www.fao.org/fileadmin/templates/food_composition/documents/pdf/VTN_FCT_2007.pdf,https://vietnam.travel/things-to-do/must-try-food-in-hanoi; https://vietnamtourism.vn/en/index.php/services/restaurants/search/19; https://welcome.deliveryk.com/en/best-korean-bunsik-in-hanoi-must-try-tokbokki-kimbap-korean-street-food-spots/,trung_binh,thap,"Giả định hành lá, không phải hành củ. Lượng hành trong một suất; nếu chỉ rắc mặt có thể giảm còn 5–10 g theo thứ tự thành phần.",2026-08-02
HN077,Lẩu quân đội,Món Hàn,1,kimchi,Kimchi cải thảo,Kimchi,rau lên men,lên men,rau_muoi_chua,có,thành phần được liệt kê,,có,50,23,11.5,739.9,1.6,ước tính biên tập; không phải công thức định lượng của từng quán,toàn bộ thành phần đặc trưng đã ghi trong CSV gốc; không phải công thức đầy đủ của mọi quán,USDA SR28 / FoodData Central (proxy),USDA SR28 NDB_No 11118,USDA SR28 Energ_Kcal (trên 100 g phần ăn được),"CABBAGE,KIMCHI",https://catalog.data.gov/dataset/composition-of-foods-raw-processed-prepared-usda-national-nutrient-database-for-standar-28,https://vietnam.travel/things-to-do/must-try-food-in-hanoi; https://vietnamtourism.vn/en/index.php/services/restaurants/search/19; https://welcome.deliveryk.com/en/best-korean-bunsik-in-hanoi-must-try-tokbokki-kimbap-korean-street-food-spots/,cao,thap,Kimchi cải thảo thông dụng. Khẩu phần rau muối/chua dùng kèm hoặc nấu trong một suất. Khớp gần với bản ghi USDA SR28; điểm khớp 100%.,2026-08-02
HN077,Lẩu quân đội,Món Hàn,2,xúc xích,Xúc xích chín,"Sausage, cooked",thịt chế biến,chín,thit_che_bien_topping,có,thành phần được liệt kê,,có,45,301,135.5,739.9,18.3,ước tính biên tập; không phải công thức định lượng của từng quán,toàn bộ thành phần đặc trưng đã ghi trong CSV gốc; không phải công thức đầy đủ của mọi quán,USDA SR28 / FoodData Central (proxy),USDA SR28 NDB_No 07954,USDA SR28 Energ_Kcal (trên 100 g phần ăn được),"BEEF SAUSAGE,PRE-COOKED",https://catalog.data.gov/dataset/composition-of-foods-raw-processed-prepared-usda-national-nutrient-database-for-standar-28,https://vietnam.travel/things-to-do/must-try-food-in-hanoi; https://vietnamtourism.vn/en/index.php/services/restaurants/search/19; https://welcome.deliveryk.com/en/best-korean-bunsik-in-hanoi-must-try-tokbokki-kimbap-korean-street-food-spots/,trung_binh,thap,Xúc xích thịt hỗn hợp thông dụng. Một khẩu phần thịt chế biến dùng kèm/bị kẹp. Khớp gần với bản ghi USDA SR28; điểm khớp 104%.,2026-08-02
HN077,Lẩu quân đội,Món Hàn,3,thịt hộp,Thịt hộp luncheon meat,Canned luncheon meat,thịt chế biến,"đóng hộp, ăn liền",thit_che_bien_topping,có,thành phần được liệt kê,,có,45,250,112.5,739.9,15.2,ước tính biên tập; không phải công thức định lượng của từng quán,toàn bộ thành phần đặc trưng đã ghi trong CSV gốc; không phải công thức đầy đủ của mọi quán,USDA SR28 / FoodData Central (proxy),USDA SR28 NDB_No 07045,USDA SR28 Energ_Kcal (trên 100 g phần ăn được),"LUNCHEON MEAT,PORK,CANNED",https://catalog.data.gov/dataset/composition-of-foods-raw-processed-prepared-usda-national-nutrient-database-for-standar-28,https://vietnam.travel/things-to-do/must-try-food-in-hanoi; https://vietnamtourism.vn/en/index.php/services/restaurants/search/19; https://welcome.deliveryk.com/en/best-korean-bunsik-in-hanoi-must-try-tokbokki-kimbap-korean-street-food-spots/,trung_binh,thap,Biến thiên theo hãng và tỷ lệ mỡ. Một khẩu phần thịt chế biến dùng kèm/bị kẹp. Khớp gần với bản ghi USDA SR28; điểm khớp 100%.,2026-08-02
HN077,Lẩu quân đội,Món Hàn,4,mì,Mì sợi chín,"Wheat noodles, cooked",mì/bún,"chín, ngậm nước",tinh_bot_chinh_da_chin,có,thành phần được liệt kê,,có,180,138,248.4,739.9,33.6,ước tính biên tập; không phải công thức định lượng của từng quán,toàn bộ thành phần đặc trưng đã ghi trong CSV gốc; không phải công thức đầy đủ của mọi quán,USDA SR28 / FoodData Central (proxy),không gắn mã riêng; đối chiếu theo thực phẩm tương đương,USDA SR28 Energ_Kcal (trên 100 g phần ăn được),"Wheat noodles, cooked",https://catalog.data.gov/dataset/composition-of-foods-raw-processed-prepared-usda-national-nutrient-database-for-standar-28,https://vietnam.travel/things-to-do/must-try-food-in-hanoi; https://vietnamtourism.vn/en/index.php/services/restaurants/search/19; https://welcome.deliveryk.com/en/best-korean-bunsik-in-hanoi-must-try-tokbokki-kimbap-korean-street-food-spots/,trung_binh,thap,Mì lúa mì không sốt. Khối lượng sợi/bánh đã nấu chín cho một suất; nếu tra bảng dạng khô phải quy đổi lại.,2026-08-02
HN077,Lẩu quân đội,Món Hàn,5,đậu,Đậu hạt chín,"Beans, cooked",đậu,luộc chín,dam_thuc_vat_da_chin,có,thành phần được liệt kê,,có,100,127,127,739.9,17.2,ước tính biên tập; không phải công thức định lượng của từng quán,toàn bộ thành phần đặc trưng đã ghi trong CSV gốc; không phải công thức đầy đủ của mọi quán,USDA SR28 / FoodData Central (proxy),không gắn mã riêng; đối chiếu theo thực phẩm tương đương,USDA SR28 Energ_Kcal (trên 100 g phần ăn được),"Beans, cooked",https://catalog.data.gov/dataset/composition-of-foods-raw-processed-prepared-usda-national-nutrient-database-for-standar-28,https://vietnam.travel/things-to-do/must-try-food-in-hanoi; https://vietnamtourism.vn/en/index.php/services/restaurants/search/19; https://welcome.deliveryk.com/en/best-korean-bunsik-in-hanoi-must-try-tokbokki-kimbap-korean-street-food-spots/,thap,thap,Tên chung; dùng trung bình đậu hạt chín. Khối lượng đậu/đậu phụ đã nấu trong một phần.,2026-08-02
HN077,Lẩu quân đội,Món Hàn,6,phô mai,Phô mai bán cứng,"Cheese, semi-hard",sữa/phô mai,ăn liền,sua_dam_beo,có,thành phần được liệt kê,,có,30,350,105,739.9,14.2,ước tính biên tập; không phải công thức định lượng của từng quán,toàn bộ thành phần đặc trưng đã ghi trong CSV gốc; không phải công thức đầy đủ của mọi quán,USDA SR28 / FoodData Central (proxy),không gắn mã riêng; đối chiếu theo thực phẩm tương đương,USDA SR28 Energ_Kcal (trên 100 g phần ăn được),"Cheese, semi-hard",https://catalog.data.gov/dataset/composition-of-foods-raw-processed-prepared-usda-national-nutrient-database-for-standar-28,https://vietnam.travel/things-to-do/must-try-food-in-hanoi; https://vietnamtourism.vn/en/index.php/services/restaurants/search/19; https://welcome.deliveryk.com/en/best-korean-bunsik-in-hanoi-must-try-tokbokki-kimbap-korean-street-food-spots/,trung_binh,thap,Giá trị đại diện nhiều loại phô mai. Phần phô mai trong một suất; chuỗi kết hợp được coi là topping nhỏ.,2026-08-02
HN078,Mandu,Món Hàn,1,bột mì,Bột mì đa dụng,"Wheat flour, all-purpose",bột/ngũ cốc,khô,tinh_bot_chinh_kho,có,thành phần được liệt kê,,có,70,364,254.8,507.1,50.2,ước tính biên tập; không phải công thức định lượng của từng quán,toàn bộ thành phần đặc trưng đã ghi trong CSV gốc; không phải công thức đầy đủ của mọi quán,USDA SR28 / FoodData Central (proxy),không gắn mã riêng; đối chiếu theo thực phẩm tương đương,USDA SR28 Energ_Kcal (trên 100 g phần ăn được),"Wheat flour, all-purpose",https://catalog.data.gov/dataset/composition-of-foods-raw-processed-prepared-usda-national-nutrient-database-for-standar-28,https://vietnam.travel/things-to-do/must-try-food-in-hanoi; https://vietnamtourism.vn/en/index.php/services/restaurants/search/19; https://welcome.deliveryk.com/en/best-korean-bunsik-in-hanoi-must-try-tokbokki-kimbap-korean-street-food-spots/,cao,thap,Bột mì trắng đa dụng. Lượng bột khô quy đổi trong một phần bánh/món.,2026-08-02
HN078,Mandu,Món Hàn,2,thịt,Thịt chín tổng hợp,"Cooked meat, generic",thịt,chín,dam_chinh_hoac_nhan,có,thành phần được liệt kê,,có,65.9,250,164.8,507.1,32.5,ước tính biên tập; không phải công thức định lượng của từng quán,toàn bộ thành phần đặc trưng đã ghi trong CSV gốc; không phải công thức đầy đủ của mọi quán,Viện Dinh dưỡng Việt Nam / FAO (proxy),không gắn mã riêng; đối chiếu theo thực phẩm tương đương,NIN/FAO Energy kcal (trên 100 g phần ăn được),"Cooked meat, generic",https://viendinhduong.vn/en/cong-cu-va-tien-ich/nutritional-value-of-food; https://www.fao.org/fileadmin/templates/food_composition/documents/pdf/VTN_FCT_2007.pdf,https://vietnam.travel/things-to-do/must-try-food-in-hanoi; https://vietnamtourism.vn/en/index.php/services/restaurants/search/19; https://welcome.deliveryk.com/en/best-korean-bunsik-in-hanoi-must-try-tokbokki-kimbap-korean-street-food-spots/,thap,thap,Tên chung; giá trị trung bình thịt nạc-mỡ vừa. Thịt chín dùng làm nhân/topping; nếu là nguyên liệu đầu tiên của món có thể nâng lên 90 g. Khối lượng đạm được phân bổ lại theo ngân sách 160 g cho món có nhiều thành phần đạm.,2026-08-02
HN078,Mandu,Món Hàn,3,đậu phụ,Đậu phụ trắng,"Tofu, firm",đậu/sản phẩm đậu,đã đông tụ,dam_thuc_vat_da_chin,có,thành phần được liệt kê,,có,94.1,76,71.5,507.1,14.1,ước tính biên tập; không phải công thức định lượng của từng quán,toàn bộ thành phần đặc trưng đã ghi trong CSV gốc; không phải công thức đầy đủ của mọi quán,Viện Dinh dưỡng Việt Nam / FAO (proxy),không gắn mã riêng; đối chiếu theo thực phẩm tương đương,NIN/FAO Energy kcal (trên 100 g phần ăn được),"Tofu, firm",https://viendinhduong.vn/en/cong-cu-va-tien-ich/nutritional-value-of-food; https://www.fao.org/fileadmin/templates/food_composition/documents/pdf/VTN_FCT_2007.pdf,https://vietnam.travel/things-to-do/must-try-food-in-hanoi; https://vietnamtourism.vn/en/index.php/services/restaurants/search/19; https://welcome.deliveryk.com/en/best-korean-bunsik-in-hanoi-must-try-tokbokki-kimbap-korean-street-food-spots/,cao,thap,Đậu phụ chưa chiên. Khối lượng đậu/đậu phụ đã nấu trong một phần. Khối lượng đạm được phân bổ lại theo ngân sách 160 g cho món có nhiều thành phần đạm.,2026-08-02
HN078,Mandu,Món Hàn,4,hẹ,Hẹ tươi,"Garlic chives, raw",rau thơm,tươi,rau_thom,có,thành phần được liệt kê,,có,15,30,4.5,507.1,0.9,ước tính biên tập; không phải công thức định lượng của từng quán,toàn bộ thành phần đặc trưng đã ghi trong CSV gốc; không phải công thức đầy đủ của mọi quán,USDA SR28 / FoodData Central (proxy),không gắn mã riêng; đối chiếu theo thực phẩm tương đương,USDA SR28 Energ_Kcal (trên 100 g phần ăn được),"Garlic chives, raw",https://catalog.data.gov/dataset/composition-of-foods-raw-processed-prepared-usda-national-nutrient-database-for-standar-28,https://vietnam.travel/things-to-do/must-try-food-in-hanoi; https://vietnamtourism.vn/en/index.php/services/restaurants/search/19; https://welcome.deliveryk.com/en/best-korean-bunsik-in-hanoi-must-try-tokbokki-kimbap-korean-street-food-spots/,cao,thap,Lá hẹ ăn được. Một nhúm rau thơm/lá gia vị ăn được trong một suất.,2026-08-02
HN078,Mandu,Món Hàn,5,kimchi,Kimchi cải thảo,Kimchi,rau lên men,lên men,rau_muoi_chua,có,thành phần được liệt kê,,có,50,23,11.5,507.1,2.3,ước tính biên tập; không phải công thức định lượng của từng quán,toàn bộ thành phần đặc trưng đã ghi trong CSV gốc; không phải công thức đầy đủ của mọi quán,USDA SR28 / FoodData Central (proxy),USDA SR28 NDB_No 11118,USDA SR28 Energ_Kcal (trên 100 g phần ăn được),"CABBAGE,KIMCHI",https://catalog.data.gov/dataset/composition-of-foods-raw-processed-prepared-usda-national-nutrient-database-for-standar-28,https://vietnam.travel/things-to-do/must-try-food-in-hanoi; https://vietnamtourism.vn/en/index.php/services/restaurants/search/19; https://welcome.deliveryk.com/en/best-korean-bunsik-in-hanoi-must-try-tokbokki-kimbap-korean-street-food-spots/,cao,thap,Kimchi cải thảo thông dụng. Khẩu phần rau muối/chua dùng kèm hoặc nấu trong một suất. Khớp gần với bản ghi USDA SR28; điểm khớp 100%.,2026-08-02
HN079,Samgyeopsal,Món Hàn,1,ba chỉ lợn,Thịt ba chỉ lợn chín,"Pork belly, cooked",thịt,chín,dam_chinh_beo,có,thành phần được liệt kê,,có,80,518,414.4,486.8,85.1,ước tính biên tập; không phải công thức định lượng của từng quán,toàn bộ thành phần đặc trưng đã ghi trong CSV gốc; không phải công thức đầy đủ của mọi quán,USDA SR28 / FoodData Central (proxy),không gắn mã riêng; đối chiếu theo thực phẩm tương đương,USDA SR28 Energ_Kcal (trên 100 g phần ăn được),"Pork belly, cooked",https://catalog.data.gov/dataset/composition-of-foods-raw-processed-prepared-usda-national-nutrient-database-for-standar-28,https://vietnam.travel/things-to-do/must-try-food-in-hanoi; https://vietnamtourism.vn/en/index.php/services/restaurants/search/19; https://welcome.deliveryk.com/en/best-korean-bunsik-in-hanoi-must-try-tokbokki-kimbap-korean-street-food-spots/,trung_binh,thap,Biến thiên theo tỷ lệ nạc-mỡ. Khối lượng ba chỉ chín trong một phần.,2026-08-02
HN079,Samgyeopsal,Món Hàn,2,xà lách,Xà lách,"Lettuce, raw",rau lá,"tươi, sống",rau_chinh_hoac_an_kem,có,thành phần được liệt kê,,có,60,15,9,486.8,1.8,ước tính biên tập; không phải công thức định lượng của từng quán,toàn bộ thành phần đặc trưng đã ghi trong CSV gốc; không phải công thức đầy đủ của mọi quán,USDA SR28 / FoodData Central (proxy),USDA SR28 NDB_No 11250,USDA SR28 Energ_Kcal (trên 100 g phần ăn được),"LETTUCE,BUTTERHEAD (INCL BOSTON&BIBB TYPES),RAW",https://catalog.data.gov/dataset/composition-of-foods-raw-processed-prepared-usda-national-nutrient-database-for-standar-28,https://vietnam.travel/things-to-do/must-try-food-in-hanoi; https://vietnamtourism.vn/en/index.php/services/restaurants/search/19; https://welcome.deliveryk.com/en/best-korean-bunsik-in-hanoi-must-try-tokbokki-kimbap-korean-street-food-spots/,cao,thap,Xà lách lá thông dụng. Khối lượng rau ăn được trong một suất. Khớp gần với bản ghi USDA SR28; điểm khớp 100%.,2026-08-02
HN079,Samgyeopsal,Món Hàn,3,kimchi,Kimchi cải thảo,Kimchi,rau lên men,lên men,rau_muoi_chua,có,thành phần được liệt kê,,có,50,23,11.5,486.8,2.4,ước tính biên tập; không phải công thức định lượng của từng quán,toàn bộ thành phần đặc trưng đã ghi trong CSV gốc; không phải công thức đầy đủ của mọi quán,USDA SR28 / FoodData Central (proxy),USDA SR28 NDB_No 11118,USDA SR28 Energ_Kcal (trên 100 g phần ăn được),"CABBAGE,KIMCHI",https://catalog.data.gov/dataset/composition-of-foods-raw-processed-prepared-usda-national-nutrient-database-for-standar-28,https://vietnam.travel/things-to-do/must-try-food-in-hanoi; https://vietnamtourism.vn/en/index.php/services/restaurants/search/19; https://welcome.deliveryk.com/en/best-korean-bunsik-in-hanoi-must-try-tokbokki-kimbap-korean-street-food-spots/,cao,thap,Kimchi cải thảo thông dụng. Khẩu phần rau muối/chua dùng kèm hoặc nấu trong một suất. Khớp gần với bản ghi USDA SR28; điểm khớp 100%.,2026-08-02
HN079,Samgyeopsal,Món Hàn,4,tỏi,Tỏi tươi,"Garlic, raw",gia vị,tươi,gia_vi_tuoi,có,thành phần được liệt kê,,có,8,149,11.9,486.8,2.4,ước tính biên tập; không phải công thức định lượng của từng quán,toàn bộ thành phần đặc trưng đã ghi trong CSV gốc; không phải công thức đầy đủ của mọi quán,USDA SR28 / FoodData Central (proxy),USDA SR28 NDB_No 11215,USDA SR28 Energ_Kcal (trên 100 g phần ăn được),"GARLIC,RAW",https://catalog.data.gov/dataset/composition-of-foods-raw-processed-prepared-usda-national-nutrient-database-for-standar-28,https://vietnam.travel/things-to-do/must-try-food-in-hanoi; https://vietnamtourism.vn/en/index.php/services/restaurants/search/19; https://welcome.deliveryk.com/en/best-korean-bunsik-in-hanoi-must-try-tokbokki-kimbap-korean-street-food-spots/,cao,thap,Tép tỏi ăn được. Lượng gia vị tươi ước/nấu trong một suất; không nhất thiết ăn hết phần xác. Khớp gần với bản ghi USDA SR28; điểm khớp 100%.,2026-08-02
HN079,Samgyeopsal,Món Hàn,5,ssamjang,Tương ssamjang,Ssamjang,nước sốt/gia vị,"lên men, dạng sệt",sot_dac_len_men,có,thành phần được liệt kê,,có,20,200,40,486.8,8.2,ước tính biên tập; không phải công thức định lượng của từng quán,toàn bộ thành phần đặc trưng đã ghi trong CSV gốc; không phải công thức đầy đủ của mọi quán,USDA SR28 / FoodData Central (proxy),không gắn mã riêng; đối chiếu theo thực phẩm tương đương,USDA SR28 Energ_Kcal (trên 100 g phần ăn được),Ssamjang,https://catalog.data.gov/dataset/composition-of-foods-raw-processed-prepared-usda-national-nutrient-database-for-standar-28,https://vietnam.travel/things-to-do/must-try-food-in-hanoi; https://vietnamtourism.vn/en/index.php/services/restaurants/search/19; https://welcome.deliveryk.com/en/best-korean-bunsik-in-hanoi-must-try-tokbokki-kimbap-korean-street-food-spots/,thap,thap,"Biến thiên theo hãng và lượng đường/dầu. Khoảng 1–1,5 thìa canh tương đặc cho một suất.",2026-08-02
HN080,Tteokbokki,Món Hàn,1,bánh gạo,Bánh gạo Hàn Quốc tteok chín,"Korean rice cake, cooked",bánh/ngũ cốc,chín,tinh_bot_chinh_da_chin,có,thành phần được liệt kê,,có,180,220,396,630.7,62.8,ước tính biên tập; không phải công thức định lượng của từng quán,toàn bộ thành phần đặc trưng đã ghi trong CSV gốc; không phải công thức đầy đủ của mọi quán,USDA SR28 / FoodData Central (proxy),không gắn mã riêng; đối chiếu theo thực phẩm tương đương,USDA SR28 Energ_Kcal (trên 100 g phần ăn được),"Korean rice cake, cooked",https://catalog.data.gov/dataset/composition-of-foods-raw-processed-prepared-usda-national-nutrient-database-for-standar-28,https://vietnam.travel/things-to-do/must-try-food-in-hanoi; https://vietnamtourism.vn/en/index.php/services/restaurants/search/19; https://welcome.deliveryk.com/en/best-korean-bunsik-in-hanoi-must-try-tokbokki-kimbap-korean-street-food-spots/,trung_binh,thap,Không tính sốt gochujang. Bánh gạo Hàn Quốc đã nấu trong một suất tteokbokki.,2026-08-02
HN080,Tteokbokki,Món Hàn,2,gochujang,Tương ớt gochujang,Gochujang,nước sốt/gia vị,lên men,sot_dac_len_men,có,thành phần được liệt kê,,có,20,220,44,630.7,7,ước tính biên tập; không phải công thức định lượng của từng quán,toàn bộ thành phần đặc trưng đã ghi trong CSV gốc; không phải công thức đầy đủ của mọi quán,USDA SR28 / FoodData Central (proxy),không gắn mã riêng; đối chiếu theo thực phẩm tương đương,USDA SR28 Energ_Kcal (trên 100 g phần ăn được),Gochujang,https://catalog.data.gov/dataset/composition-of-foods-raw-processed-prepared-usda-national-nutrient-database-for-standar-28,https://vietnam.travel/things-to-do/must-try-food-in-hanoi; https://vietnamtourism.vn/en/index.php/services/restaurants/search/19; https://welcome.deliveryk.com/en/best-korean-bunsik-in-hanoi-must-try-tokbokki-kimbap-korean-street-food-spots/,trung_binh,thap,"Biến thiên theo hãng và lượng đường. Khoảng 1–1,5 thìa canh tương đặc cho một suất.",2026-08-02
HN080,Tteokbokki,Món Hàn,3,chả cá,Chả cá chín,"Fish cake, cooked",cá chế biến,chín,dam_che_bien,có,thành phần được liệt kê,,có,55,180,99,630.7,15.7,ước tính biên tập; không phải công thức định lượng của từng quán,toàn bộ thành phần đặc trưng đã ghi trong CSV gốc; không phải công thức đầy đủ của mọi quán,Viện Dinh dưỡng Việt Nam / FAO (proxy),không gắn mã riêng; đối chiếu theo thực phẩm tương đương,NIN/FAO Energy kcal (trên 100 g phần ăn được),"Fish cake, cooked",https://viendinhduong.vn/en/cong-cu-va-tien-ich/nutritional-value-of-food; https://www.fao.org/fileadmin/templates/food_composition/documents/pdf/VTN_FCT_2007.pdf,https://vietnam.travel/things-to-do/must-try-food-in-hanoi; https://vietnamtourism.vn/en/index.php/services/restaurants/search/19; https://welcome.deliveryk.com/en/best-korean-bunsik-in-hanoi-must-try-tokbokki-kimbap-korean-street-food-spots/,trung_binh,thap,Biến thiên theo tinh bột và dầu. Một phần chả/giò ăn kèm; giò sống được hiểu là khối lượng sau nấu gần tương đương.,2026-08-02
HN080,Tteokbokki,Món Hàn,4,hành,Hành lá,"Spring onion, raw",rau thơm,tươi,rau_thom_tao_nen,có,thành phần được liệt kê,,có,20,32,6.4,630.7,1,ước tính biên tập; không phải công thức định lượng của từng quán,toàn bộ thành phần đặc trưng đã ghi trong CSV gốc; không phải công thức đầy đủ của mọi quán,Viện Dinh dưỡng Việt Nam / FAO (proxy),không gắn mã riêng; đối chiếu theo thực phẩm tương đương,NIN/FAO Energy kcal (trên 100 g phần ăn được),"Spring onion, raw",https://viendinhduong.vn/en/cong-cu-va-tien-ich/nutritional-value-of-food; https://www.fao.org/fileadmin/templates/food_composition/documents/pdf/VTN_FCT_2007.pdf,https://vietnam.travel/things-to-do/must-try-food-in-hanoi; https://vietnamtourism.vn/en/index.php/services/restaurants/search/19; https://welcome.deliveryk.com/en/best-korean-bunsik-in-hanoi-must-try-tokbokki-kimbap-korean-street-food-spots/,trung_binh,thap,"Giả định hành lá, không phải hành củ. Lượng hành trong một suất; nếu chỉ rắc mặt có thể giảm còn 5–10 g theo thứ tự thành phần.",2026-08-02
HN080,Tteokbokki,Món Hàn,5,trứng,Trứng gà nguyên quả,"Chicken egg, whole, cooked",trứng,chín,dam_phu,có,thành phần được liệt kê,,có,55,155,85.3,630.7,13.5,ước tính biên tập; không phải công thức định lượng của từng quán,toàn bộ thành phần đặc trưng đã ghi trong CSV gốc; không phải công thức đầy đủ của mọi quán,USDA SR28 / FoodData Central (proxy),không gắn mã riêng; đối chiếu theo thực phẩm tương đương,USDA SR28 Energ_Kcal (trên 100 g phần ăn được),"Chicken egg, whole, cooked",https://catalog.data.gov/dataset/composition-of-foods-raw-processed-prepared-usda-national-nutrient-database-for-standar-28,https://vietnam.travel/things-to-do/must-try-food-in-hanoi; https://vietnamtourism.vn/en/index.php/services/restaurants/search/19; https://welcome.deliveryk.com/en/best-korean-bunsik-in-hanoi-must-try-tokbokki-kimbap-korean-street-food-spots/,cao,thap,"Trứng gà nguyên quả đại diện. Quy đổi một quả trứng gà cỡ vừa, bỏ vỏ.",2026-08-02
HN081,Jajangmyeon,Món Hàn-Hoa,1,mì,Mì sợi chín,"Wheat noodles, cooked",mì/bún,"chín, ngậm nước",tinh_bot_chinh_da_chin,có,thành phần được liệt kê,,có,180,138,248.4,496.2,50.1,ước tính biên tập; không phải công thức định lượng của từng quán,toàn bộ thành phần đặc trưng đã ghi trong CSV gốc; không phải công thức đầy đủ của mọi quán,USDA SR28 / FoodData Central (proxy),không gắn mã riêng; đối chiếu theo thực phẩm tương đương,USDA SR28 Energ_Kcal (trên 100 g phần ăn được),"Wheat noodles, cooked",https://catalog.data.gov/dataset/composition-of-foods-raw-processed-prepared-usda-national-nutrient-database-for-standar-28,https://vietnam.travel/things-to-do/must-try-food-in-hanoi; https://vietnamtourism.vn/en/index.php/services/restaurants/search/19; https://welcome.deliveryk.com/en/best-korean-bunsik-in-hanoi-must-try-tokbokki-kimbap-korean-street-food-spots/,trung_binh,thap,Mì lúa mì không sốt. Khối lượng sợi/bánh đã nấu chín cho một suất; nếu tra bảng dạng khô phải quy đổi lại.,2026-08-02
HN081,Jajangmyeon,Món Hàn-Hoa,2,chunjang,Tương đậu đen chunjang,Chunjang black bean paste,nước sốt/gia vị,lên men,sot_dac_len_men,có,thành phần được liệt kê,,có,20,180,36,496.2,7.3,ước tính biên tập; không phải công thức định lượng của từng quán,toàn bộ thành phần đặc trưng đã ghi trong CSV gốc; không phải công thức đầy đủ của mọi quán,USDA SR28 / FoodData Central (proxy),không gắn mã riêng; đối chiếu theo thực phẩm tương đương,USDA SR28 Energ_Kcal (trên 100 g phần ăn được),Chunjang black bean paste,https://catalog.data.gov/dataset/composition-of-foods-raw-processed-prepared-usda-national-nutrient-database-for-standar-28,https://vietnam.travel/things-to-do/must-try-food-in-hanoi; https://vietnamtourism.vn/en/index.php/services/restaurants/search/19; https://welcome.deliveryk.com/en/best-korean-bunsik-in-hanoi-must-try-tokbokki-kimbap-korean-street-food-spots/,thap,thap,"Biến thiên theo hãng và dầu/đường. Khoảng 1–1,5 thìa canh tương đặc cho một suất.",2026-08-02
HN081,Jajangmyeon,Món Hàn-Hoa,3,thịt lợn,"Thịt lợn chín, nạc mỡ vừa","Pork, cooked, lean and fat",thịt,chín,dam_chinh,có,thành phần được liệt kê,,có,80,242,193.6,496.2,39,ước tính biên tập; không phải công thức định lượng của từng quán,toàn bộ thành phần đặc trưng đã ghi trong CSV gốc; không phải công thức đầy đủ của mọi quán,Viện Dinh dưỡng Việt Nam / FAO (proxy),không gắn mã riêng; đối chiếu theo thực phẩm tương đương,NIN/FAO Energy kcal (trên 100 g phần ăn được),"Pork, cooked, lean and fat",https://viendinhduong.vn/en/cong-cu-va-tien-ich/nutritional-value-of-food; https://www.fao.org/fileadmin/templates/food_composition/documents/pdf/VTN_FCT_2007.pdf,https://vietnam.travel/things-to-do/must-try-food-in-hanoi; https://vietnamtourism.vn/en/index.php/services/restaurants/search/19; https://welcome.deliveryk.com/en/best-korean-bunsik-in-hanoi-must-try-tokbokki-kimbap-korean-street-food-spots/,trung_binh,thap,Giá trị đại diện nhiều phần cắt. Khối lượng thịt lợn thành phẩm trong một suất.,2026-08-02
HN081,Jajangmyeon,Món Hàn-Hoa,4,hành tây,Hành tây,"Onion, raw",rau củ,tươi,rau_thom_tao_nen,có,thành phần được liệt kê,,có,20,40,8,496.2,1.6,ước tính biên tập; không phải công thức định lượng của từng quán,toàn bộ thành phần đặc trưng đã ghi trong CSV gốc; không phải công thức đầy đủ của mọi quán,USDA SR28 / FoodData Central (proxy),không gắn mã riêng; đối chiếu theo thực phẩm tương đương,USDA SR28 Energ_Kcal (trên 100 g phần ăn được),"Onion, raw",https://catalog.data.gov/dataset/composition-of-foods-raw-processed-prepared-usda-national-nutrient-database-for-standar-28,https://vietnam.travel/things-to-do/must-try-food-in-hanoi; https://vietnamtourism.vn/en/index.php/services/restaurants/search/19; https://welcome.deliveryk.com/en/best-korean-bunsik-in-hanoi-must-try-tokbokki-kimbap-korean-street-food-spots/,cao,thap,Phần củ ăn được. Lượng hành trong một suất; nếu chỉ rắc mặt có thể giảm còn 5–10 g theo thứ tự thành phần.,2026-08-02
HN081,Jajangmyeon,Món Hàn-Hoa,5,bí ngòi,Bí ngòi,"Zucchini, raw",rau quả,tươi,rau_cu,có,thành phần được liệt kê,,có,60,17,10.2,496.2,2.1,ước tính biên tập; không phải công thức định lượng của từng quán,toàn bộ thành phần đặc trưng đã ghi trong CSV gốc; không phải công thức đầy đủ của mọi quán,USDA SR28 / FoodData Central (proxy),USDA SR28 NDB_No 11477,USDA SR28 Energ_Kcal (trên 100 g phần ăn được),"SQUASH,SMMR,ZUCCHINI,INCL SKN,RAW",https://catalog.data.gov/dataset/composition-of-foods-raw-processed-prepared-usda-national-nutrient-database-for-standar-28,https://vietnam.travel/things-to-do/must-try-food-in-hanoi; https://vietnamtourism.vn/en/index.php/services/restaurants/search/19; https://welcome.deliveryk.com/en/best-korean-bunsik-in-hanoi-must-try-tokbokki-kimbap-korean-street-food-spots/,cao,thap,Không tính dầu khi xào. Khối lượng rau/củ chín hoặc sơ chế trong một suất. Khớp gần với bản ghi USDA SR28; điểm khớp 100%.,2026-08-02
HN082,Poke bowl,Món Hawaii/quốc tế,1,cơm,Cơm trắng,"White rice, cooked",ngũ cốc,"chín, ngậm nước",tinh_bot_chinh_da_chin,có,thành phần được liệt kê,,có,180,130,234,573.7,40.8,ước tính biên tập; không phải công thức định lượng của từng quán,toàn bộ thành phần đặc trưng đã ghi trong CSV gốc; không phải công thức đầy đủ của mọi quán,Viện Dinh dưỡng Việt Nam / FAO (proxy),không gắn mã riêng; đối chiếu theo thực phẩm tương đương,NIN/FAO Energy kcal (trên 100 g phần ăn được),"White rice, cooked",https://viendinhduong.vn/en/cong-cu-va-tien-ich/nutritional-value-of-food; https://www.fao.org/fileadmin/templates/food_composition/documents/pdf/VTN_FCT_2007.pdf,https://vietnam.travel/things-to-do/must-try-food-in-hanoi; https://vietnamtourism.vn/en/index.php/services/restaurants/search/19,cao,thap,Cơm trắng nấu bằng nước. Khối lượng cơm chín trong một bát/phần.,2026-08-02
HN082,Poke bowl,Món Hawaii/quốc tế,2,cá hồi/cá ngừ,cá hồi,Salmon or tuna,cá,sống dùng sashimi hoặc chín,dam_chinh_thuy_san,có,lựa chọn mặc định,HN082-02,có,100,170,170,573.7,29.6,ước tính biên tập; không phải công thức định lượng của từng quán,toàn bộ thành phần đặc trưng đã ghi trong CSV gốc; không phải công thức đầy đủ của mọi quán,USDA SR28 / FoodData Central (proxy),không gắn mã riêng; đối chiếu theo thực phẩm tương đương,USDA SR28 Energ_Kcal (trên 100 g phần ăn được),Salmon or tuna,https://catalog.data.gov/dataset/composition-of-foods-raw-processed-prepared-usda-national-nutrient-database-for-standar-28,https://vietnam.travel/things-to-do/must-try-food-in-hanoi; https://vietnamtourism.vn/en/index.php/services/restaurants/search/19,thap,thap,Trung bình cá hồi béo và cá ngừ nạc. Tách từ cụm lựa chọn “cá hồi/cá ngừ”; dùng giá trị đại diện gần nhất. Khối lượng phần thịt ăn được sau khi bỏ xương/da không ăn. Các lựa chọn cùng nhóm không dùng để cộng đồng thời.,2026-08-02
HN082,Poke bowl,Món Hawaii/quốc tế,3,cá hồi/cá ngừ,cá ngừ,Salmon or tuna,cá,sống dùng sashimi hoặc chín,dam_chinh_thuy_san,có,lựa chọn thay thế,HN082-02,không,100,170,170,573.7,0,ước tính biên tập; không phải công thức định lượng của từng quán,toàn bộ thành phần đặc trưng đã ghi trong CSV gốc; không phải công thức đầy đủ của mọi quán,USDA SR28 / FoodData Central (proxy),không gắn mã riêng; đối chiếu theo thực phẩm tương đương,USDA SR28 Energ_Kcal (trên 100 g phần ăn được),Salmon or tuna,https://catalog.data.gov/dataset/composition-of-foods-raw-processed-prepared-usda-national-nutrient-database-for-standar-28,https://vietnam.travel/things-to-do/must-try-food-in-hanoi; https://vietnamtourism.vn/en/index.php/services/restaurants/search/19,thap,thap,Trung bình cá hồi béo và cá ngừ nạc. Tách từ cụm lựa chọn “cá hồi/cá ngừ”; dùng giá trị đại diện gần nhất. Khối lượng phần thịt ăn được sau khi bỏ xương/da không ăn. Các lựa chọn cùng nhóm không dùng để cộng đồng thời.,2026-08-02
HN082,Poke bowl,Món Hawaii/quốc tế,4,bơ,Bơ động vật,Butter,chất béo,dạng rắn,chat_beo,có,thành phần được liệt kê,,có,15,717,107.6,573.7,18.8,ước tính biên tập; không phải công thức định lượng của từng quán,toàn bộ thành phần đặc trưng đã ghi trong CSV gốc; không phải công thức đầy đủ của mọi quán,USDA SR28 / FoodData Central (proxy),USDA SR28 NDB_No 12171,USDA SR28 Energ_Kcal (trên 100 g phần ăn được),"SESAME BUTTER,TAHINI,FROM UNROASTED KRNLS",https://catalog.data.gov/dataset/composition-of-foods-raw-processed-prepared-usda-national-nutrient-database-for-standar-28,https://vietnam.travel/things-to-do/must-try-food-in-hanoi; https://vietnamtourism.vn/en/index.php/services/restaurants/search/19,cao,thap,"Giả định butter, không phải quả bơ. Khoảng một thìa canh bơ cho một phần. Khớp gần với bản ghi USDA SR28; điểm khớp 104%.",2026-08-02
HN082,Poke bowl,Món Hawaii/quốc tế,5,rong biển,Rong biển ăn được,Edible seaweed,rau biển,tươi/hoàn nguyên,rau_bien,có,thành phần được liệt kê,,có,8,45,3.6,573.7,0.6,ước tính biên tập; không phải công thức định lượng của từng quán,toàn bộ thành phần đặc trưng đã ghi trong CSV gốc; không phải công thức đầy đủ của mọi quán,USDA SR28 / FoodData Central (proxy),không gắn mã riêng; đối chiếu theo thực phẩm tương đương,USDA SR28 Energ_Kcal (trên 100 g phần ăn được),Edible seaweed,https://catalog.data.gov/dataset/composition-of-foods-raw-processed-prepared-usda-national-nutrient-database-for-standar-28,https://vietnam.travel/things-to-do/must-try-food-in-hanoi; https://vietnamtourism.vn/en/index.php/services/restaurants/search/19,trung_binh,thap,Không dùng giá trị rong biển khô đậm đặc. Khối lượng rong biển khô/miếng cuốn trong một phần.,2026-08-02
HN082,Poke bowl,Món Hawaii/quốc tế,6,rau,Rau hỗn hợp,Mixed vegetables,rau củ,tươi hoặc chín nhẹ,rau_an_kem,có,thành phần được liệt kê,,có,70,30,21,573.7,3.7,ước tính biên tập; không phải công thức định lượng của từng quán,toàn bộ thành phần đặc trưng đã ghi trong CSV gốc; không phải công thức đầy đủ của mọi quán,Viện Dinh dưỡng Việt Nam / FAO (proxy),không gắn mã riêng; đối chiếu theo thực phẩm tương đương,NIN/FAO Energy kcal (trên 100 g phần ăn được),Mixed vegetables,https://viendinhduong.vn/en/cong-cu-va-tien-ich/nutritional-value-of-food; https://www.fao.org/fileadmin/templates/food_composition/documents/pdf/VTN_FCT_2007.pdf,https://vietnam.travel/things-to-do/must-try-food-in-hanoi; https://vietnamtourism.vn/en/index.php/services/restaurants/search/19,thap,thap,Tên chung; dùng trung bình rau ít tinh bột. Một nắm/đĩa rau ăn kèm cho một người; nếu là nguyên liệu đầu tiên của salad/nộm có thể nâng lên 120–150 g.,2026-08-02
HN082,Poke bowl,Món Hawaii/quốc tế,7,sốt,Nước sốt tổng hợp,"Prepared sauce, generic",nước sốt,chế biến sẵn,sot_nuoc_cham,có,thành phần được liệt kê,,có,25,150,37.5,573.7,6.5,ước tính biên tập; không phải công thức định lượng của từng quán,toàn bộ thành phần đặc trưng đã ghi trong CSV gốc; không phải công thức đầy đủ của mọi quán,USDA SR28 / FoodData Central (proxy),USDA SR28 NDB_No 06151,USDA SR28 Energ_Kcal (trên 100 g phần ăn được),"SAUCE,PLUM,READY-TO-SERVE",https://catalog.data.gov/dataset/composition-of-foods-raw-processed-prepared-usda-national-nutrient-database-for-standar-28,https://vietnam.travel/things-to-do/must-try-food-in-hanoi; https://vietnamtourism.vn/en/index.php/services/restaurants/search/19,thap,thap,Tên quá rộng; dùng giá trị sốt mặn-ngọt trung bình. Lượng sốt/nước chấm bám và được ăn trong một suất. Khớp gần với bản ghi USDA SR28; điểm khớp 104%.,2026-08-02
HN083,Dimsum,Món Hoa,1,bột,Bột ngũ cốc/tinh bột,"Flour or starch, generic",bột/ngũ cốc,khô,tinh_bot_chinh_kho,có,thành phần được liệt kê,,có,70,365,255.5,553.6,46.2,ước tính biên tập; không phải công thức định lượng của từng quán,toàn bộ thành phần đặc trưng đã ghi trong CSV gốc; không phải công thức đầy đủ của mọi quán,Viện Dinh dưỡng Việt Nam / FAO (proxy),không gắn mã riêng; đối chiếu theo thực phẩm tương đương,NIN/FAO Energy kcal (trên 100 g phần ăn được),"Flour or starch, generic",https://viendinhduong.vn/en/cong-cu-va-tien-ich/nutritional-value-of-food; https://www.fao.org/fileadmin/templates/food_composition/documents/pdf/VTN_FCT_2007.pdf,https://vietnam.travel/things-to-do/must-try-food-in-hanoi; https://vietnamtourism.vn/en/index.php/services/restaurants/search/19,thap,thap,Tên chung; dùng mật độ năng lượng bột khô. Lượng bột khô quy đổi trong một phần bánh/món.,2026-08-02
HN083,Dimsum,Món Hoa,2,tôm,Tôm chín,"Shrimp, cooked",hải sản,"chín, phần ăn được",dam_hai_san_hoac_hon_hop,có,thành phần được liệt kê,,có,82.4,99,81.6,553.6,14.7,ước tính biên tập; không phải công thức định lượng của từng quán,toàn bộ thành phần đặc trưng đã ghi trong CSV gốc; không phải công thức đầy đủ của mọi quán,USDA SR28 / FoodData Central (proxy),không gắn mã riêng; đối chiếu theo thực phẩm tương đương,USDA SR28 Energ_Kcal (trên 100 g phần ăn được),"Shrimp, cooked",https://catalog.data.gov/dataset/composition-of-foods-raw-processed-prepared-usda-national-nutrient-database-for-standar-28,https://vietnam.travel/things-to-do/must-try-food-in-hanoi; https://vietnamtourism.vn/en/index.php/services/restaurants/search/19,cao,thap,"Không tính vỏ và đầu bỏ đi. Khối lượng phần ăn được, bỏ vỏ/xương; chuỗi có dấu gạch chéo là một lựa chọn/hỗn hợp. Khối lượng đạm được phân bổ lại theo ngân sách 160 g cho món có nhiều thành phần đạm.",2026-08-02
HN083,Dimsum,Món Hoa,3,thịt lợn,"Thịt lợn chín, nạc mỡ vừa","Pork, cooked, lean and fat",thịt,chín,dam_chinh,có,thành phần được liệt kê,,có,77.6,242,187.8,553.6,33.9,ước tính biên tập; không phải công thức định lượng của từng quán,toàn bộ thành phần đặc trưng đã ghi trong CSV gốc; không phải công thức đầy đủ của mọi quán,Viện Dinh dưỡng Việt Nam / FAO (proxy),không gắn mã riêng; đối chiếu theo thực phẩm tương đương,NIN/FAO Energy kcal (trên 100 g phần ăn được),"Pork, cooked, lean and fat",https://viendinhduong.vn/en/cong-cu-va-tien-ich/nutritional-value-of-food; https://www.fao.org/fileadmin/templates/food_composition/documents/pdf/VTN_FCT_2007.pdf,https://vietnam.travel/things-to-do/must-try-food-in-hanoi; https://vietnamtourism.vn/en/index.php/services/restaurants/search/19,trung_binh,thap,Giá trị đại diện nhiều phần cắt. Khối lượng thịt lợn thành phẩm trong một suất. Khối lượng đạm được phân bổ lại theo ngân sách 160 g cho món có nhiều thành phần đạm.,2026-08-02
HN083,Dimsum,Món Hoa,4,nấm,Nấm tươi hỗn hợp,"Mushrooms, raw",nấm,tươi,nam_rau_phu,có,thành phần được liệt kê,,có,35,22,7.7,553.6,1.4,ước tính biên tập; không phải công thức định lượng của từng quán,toàn bộ thành phần đặc trưng đã ghi trong CSV gốc; không phải công thức đầy đủ của mọi quán,USDA SR28 / FoodData Central (proxy),USDA SR28 NDB_No 11238,USDA SR28 Energ_Kcal (trên 100 g phần ăn được),"MUSHROOMS,SHIITAKE,RAW",https://catalog.data.gov/dataset/composition-of-foods-raw-processed-prepared-usda-national-nutrient-database-for-standar-28,https://vietnam.travel/things-to-do/must-try-food-in-hanoi; https://vietnamtourism.vn/en/index.php/services/restaurants/search/19,trung_binh,thap,Nấm nút/nấm tươi đại diện. Khối lượng nấm/mộc nhĩ sau ngâm hoặc nấu trong một suất. Khớp gần với bản ghi USDA SR28; điểm khớp 100%.,2026-08-02
HN083,Dimsum,Món Hoa,5,rau,Rau hỗn hợp,Mixed vegetables,rau củ,tươi hoặc chín nhẹ,rau_an_kem,có,thành phần được liệt kê,,có,70,30,21,553.6,3.8,ước tính biên tập; không phải công thức định lượng của từng quán,toàn bộ thành phần đặc trưng đã ghi trong CSV gốc; không phải công thức đầy đủ của mọi quán,Viện Dinh dưỡng Việt Nam / FAO (proxy),không gắn mã riêng; đối chiếu theo thực phẩm tương đương,NIN/FAO Energy kcal (trên 100 g phần ăn được),Mixed vegetables,https://viendinhduong.vn/en/cong-cu-va-tien-ich/nutritional-value-of-food; https://www.fao.org/fileadmin/templates/food_composition/documents/pdf/VTN_FCT_2007.pdf,https://vietnam.travel/things-to-do/must-try-food-in-hanoi; https://vietnamtourism.vn/en/index.php/services/restaurants/search/19,thap,thap,Tên chung; dùng trung bình rau ít tinh bột. Một nắm/đĩa rau ăn kèm cho một người; nếu là nguyên liệu đầu tiên của salad/nộm có thể nâng lên 120–150 g.,2026-08-02
HN084,Há cảo tôm,Món Hoa,1,bột há cảo,Vỏ há cảo từ bột mì/tinh bột,Dumpling wrapper flour mix,bột/ngũ cốc,khô,tinh_bot_chinh_kho,có,thành phần được liệt kê,,có,70,350,245,507.8,48.2,ước tính biên tập; không phải công thức định lượng của từng quán,toàn bộ thành phần đặc trưng đã ghi trong CSV gốc; không phải công thức đầy đủ của mọi quán,USDA SR28 / FoodData Central (proxy),không gắn mã riêng; đối chiếu theo thực phẩm tương đương,USDA SR28 Energ_Kcal (trên 100 g phần ăn được),Dumpling wrapper flour mix,https://catalog.data.gov/dataset/composition-of-foods-raw-processed-prepared-usda-national-nutrient-database-for-standar-28,https://vietnam.travel/things-to-do/must-try-food-in-hanoi; https://vietnamtourism.vn/en/index.php/services/restaurants/search/19,thap,thap,Tỷ lệ bột mì và tinh bột thay đổi. Lượng bột khô quy đổi trong một phần bánh/món.,2026-08-02
HN084,Há cảo tôm,Món Hoa,2,tôm,Tôm chín,"Shrimp, cooked",hải sản,"chín, phần ăn được",dam_hai_san_hoac_hon_hop,có,thành phần được liệt kê,,có,85,99,84.2,507.8,16.6,ước tính biên tập; không phải công thức định lượng của từng quán,toàn bộ thành phần đặc trưng đã ghi trong CSV gốc; không phải công thức đầy đủ của mọi quán,USDA SR28 / FoodData Central (proxy),không gắn mã riêng; đối chiếu theo thực phẩm tương đương,USDA SR28 Energ_Kcal (trên 100 g phần ăn được),"Shrimp, cooked",https://catalog.data.gov/dataset/composition-of-foods-raw-processed-prepared-usda-national-nutrient-database-for-standar-28,https://vietnam.travel/things-to-do/must-try-food-in-hanoi; https://vietnamtourism.vn/en/index.php/services/restaurants/search/19,cao,thap,"Không tính vỏ và đầu bỏ đi. Khối lượng phần ăn được, bỏ vỏ/xương; chuỗi có dấu gạch chéo là một lựa chọn/hỗn hợp.",2026-08-02
HN084,Há cảo tôm,Món Hoa,3,mỡ lợn,Mỡ lợn tinh luyện,Lard,chất béo,đã thắng,chat_beo_topping,có,thành phần được liệt kê,,có,18,902,162.4,507.8,32,ước tính biên tập; không phải công thức định lượng của từng quán,toàn bộ thành phần đặc trưng đã ghi trong CSV gốc; không phải công thức đầy đủ của mọi quán,USDA SR28 / FoodData Central (proxy),USDA SR28 NDB_No 04002,USDA SR28 Energ_Kcal (trên 100 g phần ăn được),LARD,https://catalog.data.gov/dataset/composition-of-foods-raw-processed-prepared-usda-national-nutrient-database-for-standar-28,https://vietnam.travel/things-to-do/must-try-food-in-hanoi; https://vietnamtourism.vn/en/index.php/services/restaurants/search/19,cao,thap,Mỡ gần như tinh khiết. Lượng mỡ/tóp mỡ ăn được trong một suất. Khớp gần với bản ghi USDA SR28; điểm khớp 100%.,2026-08-02
HN084,Há cảo tôm,Món Hoa,4,măng,Măng tươi chín,"Bamboo shoots, cooked",rau,luộc/chín,rau_cu,có,thành phần được liệt kê,,có,60,27,16.2,507.8,3.2,ước tính biên tập; không phải công thức định lượng của từng quán,toàn bộ thành phần đặc trưng đã ghi trong CSV gốc; không phải công thức đầy đủ của mọi quán,USDA SR28 / FoodData Central (proxy),không gắn mã riêng; đối chiếu theo thực phẩm tương đương,USDA SR28 Energ_Kcal (trên 100 g phần ăn được),"Bamboo shoots, cooked",https://catalog.data.gov/dataset/composition-of-foods-raw-processed-prepared-usda-national-nutrient-database-for-standar-28,https://vietnam.travel/things-to-do/must-try-food-in-hanoi; https://vietnamtourism.vn/en/index.php/services/restaurants/search/19,cao,thap,Không tính măng khô. Khối lượng rau/củ chín hoặc sơ chế trong một suất.,2026-08-02
HN085,Mì hoành thánh,Món Hoa,1,mì trứng,Mì trứng chín,"Egg noodles, cooked",mì/bún,"chín, ngậm nước",tinh_bot_chinh_da_chin,có,thành phần được liệt kê,,có,180,138,248.4,572.6,43.4,ước tính biên tập; không phải công thức định lượng của từng quán,toàn bộ thành phần đặc trưng đã ghi trong CSV gốc; không phải công thức đầy đủ của mọi quán,USDA SR28 / FoodData Central (proxy),không gắn mã riêng; đối chiếu theo thực phẩm tương đương,USDA SR28 Energ_Kcal (trên 100 g phần ăn được),"Egg noodles, cooked",https://catalog.data.gov/dataset/composition-of-foods-raw-processed-prepared-usda-national-nutrient-database-for-standar-28,https://vietnam.travel/things-to-do/must-try-food-in-hanoi; https://vietnamtourism.vn/en/index.php/services/restaurants/search/19,cao,thap,Không tính dầu/sốt. Khối lượng sợi/bánh đã nấu chín cho một suất; nếu tra bảng dạng khô phải quy đổi lại.,2026-08-02
HN085,Mì hoành thánh,Món Hoa,2,hoành thánh,Hoành thánh nhân thịt chín,"Wonton, filled, cooked",bánh có nhân,luộc/hấp chín,banh_nhan_da_chin,có,thành phần được liệt kê,,có,70,230,161,572.6,28.1,ước tính biên tập; không phải công thức định lượng của từng quán,toàn bộ thành phần đặc trưng đã ghi trong CSV gốc; không phải công thức đầy đủ của mọi quán,USDA SR28 / FoodData Central (proxy),không gắn mã riêng; đối chiếu theo thực phẩm tương đương,USDA SR28 Energ_Kcal (trên 100 g phần ăn được),"Wonton, filled, cooked",https://catalog.data.gov/dataset/composition-of-foods-raw-processed-prepared-usda-national-nutrient-database-for-standar-28,https://vietnam.travel/things-to-do/must-try-food-in-hanoi; https://vietnamtourism.vn/en/index.php/services/restaurants/search/19,thap,thap,Phụ thuộc tỷ lệ vỏ và nhân. Khoảng 3–4 viên hoành thánh đã nấu trong một tô; bao gồm vỏ và nhân.,2026-08-02
HN085,Mì hoành thánh,Món Hoa,3,tôm/thịt,Tôm chín,"Shrimp, cooked",hải sản,"chín, phần ăn được",dam_hai_san_hoac_hon_hop,có,lựa chọn mặc định,HN085-03,có,85,99,84.2,572.6,14.7,ước tính biên tập; không phải công thức định lượng của từng quán,toàn bộ thành phần đặc trưng đã ghi trong CSV gốc; không phải công thức đầy đủ của mọi quán,USDA SR28 / FoodData Central (proxy),không gắn mã riêng; đối chiếu theo thực phẩm tương đương,USDA SR28 Energ_Kcal (trên 100 g phần ăn được),"Shrimp, cooked",https://catalog.data.gov/dataset/composition-of-foods-raw-processed-prepared-usda-national-nutrient-database-for-standar-28,https://vietnam.travel/things-to-do/must-try-food-in-hanoi; https://vietnamtourism.vn/en/index.php/services/restaurants/search/19,cao,thap,"Không tính vỏ và đầu bỏ đi. Khối lượng phần ăn được, bỏ vỏ/xương; chuỗi có dấu gạch chéo là một lựa chọn/hỗn hợp. Các lựa chọn cùng nhóm không dùng để cộng đồng thời.",2026-08-02
HN085,Mì hoành thánh,Món Hoa,4,tôm/thịt,Thịt chín tổng hợp,"Cooked meat, generic",thịt,chín,dam_hai_san_hoac_hon_hop,có,lựa chọn thay thế,HN085-03,không,85,250,212.5,572.6,0,ước tính biên tập; không phải công thức định lượng của từng quán,toàn bộ thành phần đặc trưng đã ghi trong CSV gốc; không phải công thức đầy đủ của mọi quán,Viện Dinh dưỡng Việt Nam / FAO (proxy),không gắn mã riêng; đối chiếu theo thực phẩm tương đương,NIN/FAO Energy kcal (trên 100 g phần ăn được),"Cooked meat, generic",https://viendinhduong.vn/en/cong-cu-va-tien-ich/nutritional-value-of-food; https://www.fao.org/fileadmin/templates/food_composition/documents/pdf/VTN_FCT_2007.pdf,https://vietnam.travel/things-to-do/must-try-food-in-hanoi; https://vietnamtourism.vn/en/index.php/services/restaurants/search/19,thap,thap,"Tên chung; giá trị trung bình thịt nạc-mỡ vừa. Khối lượng phần ăn được, bỏ vỏ/xương; chuỗi có dấu gạch chéo là một lựa chọn/hỗn hợp. Các lựa chọn cùng nhóm không dùng để cộng đồng thời.",2026-08-02
HN085,Mì hoành thánh,Món Hoa,5,cải,Rau cải,Mustard greens,rau lá,tươi/chín nhẹ,rau_chinh_hoac_an_kem,có,thành phần được liệt kê,,có,60,25,15,572.6,2.6,ước tính biên tập; không phải công thức định lượng của từng quán,toàn bộ thành phần đặc trưng đã ghi trong CSV gốc; không phải công thức đầy đủ của mọi quán,Viện Dinh dưỡng Việt Nam / FAO (proxy),không gắn mã riêng; đối chiếu theo thực phẩm tương đương,NIN/FAO Energy kcal (trên 100 g phần ăn được),Mustard greens,https://viendinhduong.vn/en/cong-cu-va-tien-ich/nutritional-value-of-food; https://www.fao.org/fileadmin/templates/food_composition/documents/pdf/VTN_FCT_2007.pdf,https://vietnam.travel/things-to-do/must-try-food-in-hanoi; https://vietnamtourism.vn/en/index.php/services/restaurants/search/19,thap,thap,Tên chung; dùng rau cải lá đại diện. Khối lượng rau ăn được trong một suất.,2026-08-02
HN085,Mì hoành thánh,Món Hoa,6,nước dùng,Nước dùng đã nấu,Prepared broth,nước dùng,"đã nấu, lọc",nuoc_dung,có,thành phần được liệt kê,,có,320,20,64,572.6,11.2,ước tính biên tập; không phải công thức định lượng của từng quán,toàn bộ thành phần đặc trưng đã ghi trong CSV gốc; không phải công thức đầy đủ của mọi quán,Viện Dinh dưỡng Việt Nam / FAO (proxy),không gắn mã riêng; đối chiếu theo thực phẩm tương đương,NIN/FAO Energy kcal (trên 100 g phần ăn được),Prepared broth,https://viendinhduong.vn/en/cong-cu-va-tien-ich/nutritional-value-of-food; https://www.fao.org/fileadmin/templates/food_composition/documents/pdf/VTN_FCT_2007.pdf,https://vietnam.travel/things-to-do/must-try-food-in-hanoi; https://vietnamtourism.vn/en/index.php/services/restaurants/search/19,thap,thap,Phụ thuộc mỡ/cốt thịt; không cộng trùng nguyên liệu con. Một tô/cốc nước dùng; với lẩu hiểu là lượng một người thực ăn.,2026-08-02
HN086,Tiểu long bao,Món Hoa,1,bột mì,Bột mì đa dụng,"Wheat flour, all-purpose",bột/ngũ cốc,khô,tinh_bot_chinh_kho,có,thành phần được liệt kê,,có,70,364,254.8,465.3,54.8,ước tính biên tập; không phải công thức định lượng của từng quán,toàn bộ thành phần đặc trưng đã ghi trong CSV gốc; không phải công thức đầy đủ của mọi quán,USDA SR28 / FoodData Central (proxy),không gắn mã riêng; đối chiếu theo thực phẩm tương đương,USDA SR28 Energ_Kcal (trên 100 g phần ăn được),"Wheat flour, all-purpose",https://catalog.data.gov/dataset/composition-of-foods-raw-processed-prepared-usda-national-nutrient-database-for-standar-28,https://vietnam.travel/things-to-do/must-try-food-in-hanoi; https://vietnamtourism.vn/en/index.php/services/restaurants/search/19,cao,thap,Bột mì trắng đa dụng. Lượng bột khô quy đổi trong một phần bánh/món.,2026-08-02
HN086,Tiểu long bao,Món Hoa,2,thịt lợn,"Thịt lợn chín, nạc mỡ vừa","Pork, cooked, lean and fat",thịt,chín,dam_chinh,có,thành phần được liệt kê,,có,80,242,193.6,465.3,41.6,ước tính biên tập; không phải công thức định lượng của từng quán,toàn bộ thành phần đặc trưng đã ghi trong CSV gốc; không phải công thức đầy đủ của mọi quán,Viện Dinh dưỡng Việt Nam / FAO (proxy),không gắn mã riêng; đối chiếu theo thực phẩm tương đương,NIN/FAO Energy kcal (trên 100 g phần ăn được),"Pork, cooked, lean and fat",https://viendinhduong.vn/en/cong-cu-va-tien-ich/nutritional-value-of-food; https://www.fao.org/fileadmin/templates/food_composition/documents/pdf/VTN_FCT_2007.pdf,https://vietnam.travel/things-to-do/must-try-food-in-hanoi; https://vietnamtourism.vn/en/index.php/services/restaurants/search/19,trung_binh,thap,Giá trị đại diện nhiều phần cắt. Khối lượng thịt lợn thành phẩm trong một suất.,2026-08-02
HN086,Tiểu long bao,Món Hoa,3,thạch nước dùng,Thạch nước dùng thịt,Aspic broth jelly,nước dùng/thạch,nấu rồi đông gel,nhan_nuoc_dung,có,thành phần được liệt kê,,có,30,35,10.5,465.3,2.3,ước tính biên tập; không phải công thức định lượng của từng quán,toàn bộ thành phần đặc trưng đã ghi trong CSV gốc; không phải công thức đầy đủ của mọi quán,USDA SR28 / FoodData Central (proxy),không gắn mã riêng; đối chiếu theo thực phẩm tương đương,USDA SR28 Energ_Kcal (trên 100 g phần ăn được),Aspic broth jelly,https://catalog.data.gov/dataset/composition-of-foods-raw-processed-prepared-usda-national-nutrient-database-for-standar-28,https://vietnam.travel/things-to-do/must-try-food-in-hanoi; https://vietnamtourism.vn/en/index.php/services/restaurants/search/19,thap,thap,Proxy aspic loãng; độ đậm đặc thay đổi. Phần aspic/thạch nước dùng trong một suất tiểu long bao.,2026-08-02
HN086,Tiểu long bao,Món Hoa,4,gừng,Gừng tươi,"Ginger root, raw",gia vị,"tươi, sống",gia_vi_tuoi,có,thành phần được liệt kê,,có,8,80,6.4,465.3,1.4,ước tính biên tập; không phải công thức định lượng của từng quán,toàn bộ thành phần đặc trưng đã ghi trong CSV gốc; không phải công thức đầy đủ của mọi quán,USDA SR28 / FoodData Central (proxy),USDA SR28 NDB_No 11216,USDA SR28 Energ_Kcal (trên 100 g phần ăn được),"GINGER ROOT,RAW",https://catalog.data.gov/dataset/composition-of-foods-raw-processed-prepared-usda-national-nutrient-database-for-standar-28,https://vietnam.travel/things-to-do/must-try-food-in-hanoi; https://vietnamtourism.vn/en/index.php/services/restaurants/search/19,cao,thap,Gừng củ tươi. Lượng gia vị tươi ước/nấu trong một suất; không nhất thiết ăn hết phần xác. Khớp gần với bản ghi USDA SR28; điểm khớp 100%.,2026-08-02
HN087,Vịt quay Bắc Kinh,Món Hoa,1,vịt,Thịt vịt chín,"Duck meat, cooked",thịt gia cầm,"chín, có da",dam_chinh,có,thành phần được liệt kê,,có,100,337,337,447.4,75.3,ước tính biên tập; không phải công thức định lượng của từng quán,toàn bộ thành phần đặc trưng đã ghi trong CSV gốc; không phải công thức đầy đủ của mọi quán,Viện Dinh dưỡng Việt Nam / FAO (proxy),không gắn mã riêng; đối chiếu theo thực phẩm tương đương,NIN/FAO Energy kcal (trên 100 g phần ăn được),"Duck meat, cooked",https://viendinhduong.vn/en/cong-cu-va-tien-ich/nutritional-value-of-food; https://www.fao.org/fileadmin/templates/food_composition/documents/pdf/VTN_FCT_2007.pdf,https://vietnam.travel/things-to-do/must-try-food-in-hanoi; https://vietnamtourism.vn/en/index.php/services/restaurants/search/19,trung_binh,thap,Bỏ da sẽ giảm đáng kể kcal. Khối lượng thịt chín ăn được trong một suất; gà tùy chọn chỉ tính khi thực sự thêm.,2026-08-02
HN087,Vịt quay Bắc Kinh,Món Hoa,2,bánh cuốn mỏng,Lá bánh cuốn chín,Steamed rice crêpe sheet,bánh/bột gạo,"hấp chín, ngậm nước",vo_banh_tinh_bot,có,thành phần được liệt kê,,có,35,110,38.5,447.4,8.6,ước tính biên tập; không phải công thức định lượng của từng quán,toàn bộ thành phần đặc trưng đã ghi trong CSV gốc; không phải công thức đầy đủ của mọi quán,Viện Dinh dưỡng Việt Nam / FAO (proxy),không gắn mã riêng; đối chiếu theo thực phẩm tương đương,NIN/FAO Energy kcal (trên 100 g phần ăn được),Steamed rice crêpe sheet,https://viendinhduong.vn/en/cong-cu-va-tien-ich/nutritional-value-of-food; https://www.fao.org/fileadmin/templates/food_composition/documents/pdf/VTN_FCT_2007.pdf,https://vietnam.travel/things-to-do/must-try-food-in-hanoi; https://vietnamtourism.vn/en/index.php/services/restaurants/search/19,trung_binh,thap,Không tính nhân và mỡ hành. Tổng khối lượng lá/vỏ bánh ăn được trong một suất.,2026-08-02
HN087,Vịt quay Bắc Kinh,Món Hoa,3,hành,Hành lá,"Spring onion, raw",rau thơm,tươi,rau_thom_tao_nen,có,thành phần được liệt kê,,có,20,32,6.4,447.4,1.4,ước tính biên tập; không phải công thức định lượng của từng quán,toàn bộ thành phần đặc trưng đã ghi trong CSV gốc; không phải công thức đầy đủ của mọi quán,Viện Dinh dưỡng Việt Nam / FAO (proxy),không gắn mã riêng; đối chiếu theo thực phẩm tương đương,NIN/FAO Energy kcal (trên 100 g phần ăn được),"Spring onion, raw",https://viendinhduong.vn/en/cong-cu-va-tien-ich/nutritional-value-of-food; https://www.fao.org/fileadmin/templates/food_composition/documents/pdf/VTN_FCT_2007.pdf,https://vietnam.travel/things-to-do/must-try-food-in-hanoi; https://vietnamtourism.vn/en/index.php/services/restaurants/search/19,trung_binh,thap,"Giả định hành lá, không phải hành củ. Lượng hành trong một suất; nếu chỉ rắc mặt có thể giảm còn 5–10 g theo thứ tự thành phần.",2026-08-02
HN087,Vịt quay Bắc Kinh,Món Hoa,4,dưa chuột,Dưa chuột,"Cucumber, raw",rau quả,"tươi, sống",rau_cu_an_kem,có,thành phần được liệt kê,,có,70,15,10.5,447.4,2.3,ước tính biên tập; không phải công thức định lượng của từng quán,toàn bộ thành phần đặc trưng đã ghi trong CSV gốc; không phải công thức đầy đủ của mọi quán,USDA SR28 / FoodData Central (proxy),USDA SR28 NDB_No 11205,USDA SR28 Energ_Kcal (trên 100 g phần ăn được),"CUCUMBER,WITH PEEL,RAW",https://catalog.data.gov/dataset/composition-of-foods-raw-processed-prepared-usda-national-nutrient-database-for-standar-28,https://vietnam.travel/things-to-do/must-try-food-in-hanoi; https://vietnamtourism.vn/en/index.php/services/restaurants/search/19,cao,thap,Phần quả ăn được. Khối lượng rau/củ ăn kèm hoặc làm nộm trong một phần. Khớp gần với bản ghi USDA SR28; điểm khớp 100%.,2026-08-02
HN087,Vịt quay Bắc Kinh,Món Hoa,5,sốt hoisin,Sốt hoisin,Hoisin sauce,nước sốt,chế biến sẵn,sot_nuoc_cham,có,thành phần được liệt kê,,có,25,220,55,447.4,12.3,ước tính biên tập; không phải công thức định lượng của từng quán,toàn bộ thành phần đặc trưng đã ghi trong CSV gốc; không phải công thức đầy đủ của mọi quán,USDA SR28 / FoodData Central (proxy),USDA SR28 NDB_No 06175,USDA SR28 Energ_Kcal (trên 100 g phần ăn được),"SAUCE,HOISIN,RTS",https://catalog.data.gov/dataset/composition-of-foods-raw-processed-prepared-usda-national-nutrient-database-for-standar-28,https://vietnam.travel/things-to-do/must-try-food-in-hanoi; https://vietnamtourism.vn/en/index.php/services/restaurants/search/19,trung_binh,thap,Biến thiên theo hãng và đường. Lượng sốt/nước chấm bám và được ăn trong một suất. Khớp gần với bản ghi USDA SR28; điểm khớp 100%.,2026-08-02
HN088,Xíu mại hấp,Món Hoa,1,thịt lợn,"Thịt lợn chín, nạc mỡ vừa","Pork, cooked, lean and fat",thịt,chín,dam_chinh,có,thành phần được liệt kê,,có,73.1,242,176.9,529.3,33.4,ước tính biên tập; không phải công thức định lượng của từng quán,toàn bộ thành phần đặc trưng đã ghi trong CSV gốc; không phải công thức đầy đủ của mọi quán,Viện Dinh dưỡng Việt Nam / FAO (proxy),không gắn mã riêng; đối chiếu theo thực phẩm tương đương,NIN/FAO Energy kcal (trên 100 g phần ăn được),"Pork, cooked, lean and fat",https://viendinhduong.vn/en/cong-cu-va-tien-ich/nutritional-value-of-food; https://www.fao.org/fileadmin/templates/food_composition/documents/pdf/VTN_FCT_2007.pdf,https://vietnam.travel/things-to-do/must-try-food-in-hanoi; https://vietnamtourism.vn/en/index.php/services/restaurants/search/19,trung_binh,thap,Giá trị đại diện nhiều phần cắt. Khối lượng thịt lợn thành phẩm trong một suất. Khối lượng đạm được phân bổ lại theo ngân sách 160 g cho món có nhiều thành phần đạm.,2026-08-02
HN088,Xíu mại hấp,Món Hoa,2,tôm,Tôm chín,"Shrimp, cooked",hải sản,"chín, phần ăn được",dam_hai_san_hoac_hon_hop,có,thành phần được liệt kê,,có,77.7,99,76.9,529.3,14.5,ước tính biên tập; không phải công thức định lượng của từng quán,toàn bộ thành phần đặc trưng đã ghi trong CSV gốc; không phải công thức đầy đủ của mọi quán,USDA SR28 / FoodData Central (proxy),không gắn mã riêng; đối chiếu theo thực phẩm tương đương,USDA SR28 Energ_Kcal (trên 100 g phần ăn được),"Shrimp, cooked",https://catalog.data.gov/dataset/composition-of-foods-raw-processed-prepared-usda-national-nutrient-database-for-standar-28,https://vietnam.travel/things-to-do/must-try-food-in-hanoi; https://vietnamtourism.vn/en/index.php/services/restaurants/search/19,cao,thap,"Không tính vỏ và đầu bỏ đi. Khối lượng phần ăn được, bỏ vỏ/xương; chuỗi có dấu gạch chéo là một lựa chọn/hỗn hợp. Khối lượng đạm được phân bổ lại theo ngân sách 160 g cho món có nhiều thành phần đạm.",2026-08-02
HN088,Xíu mại hấp,Món Hoa,3,bột mì,Bột mì đa dụng,"Wheat flour, all-purpose",bột/ngũ cốc,khô,tinh_bot_chinh_kho,có,thành phần được liệt kê,,có,70,364,254.8,529.3,48.1,ước tính biên tập; không phải công thức định lượng của từng quán,toàn bộ thành phần đặc trưng đã ghi trong CSV gốc; không phải công thức đầy đủ của mọi quán,USDA SR28 / FoodData Central (proxy),không gắn mã riêng; đối chiếu theo thực phẩm tương đương,USDA SR28 Energ_Kcal (trên 100 g phần ăn được),"Wheat flour, all-purpose",https://catalog.data.gov/dataset/composition-of-foods-raw-processed-prepared-usda-national-nutrient-database-for-standar-28,https://vietnam.travel/things-to-do/must-try-food-in-hanoi; https://vietnamtourism.vn/en/index.php/services/restaurants/search/19,cao,thap,Bột mì trắng đa dụng. Lượng bột khô quy đổi trong một phần bánh/món.,2026-08-02
HN088,Xíu mại hấp,Món Hoa,4,nấm,Nấm tươi hỗn hợp,"Mushrooms, raw",nấm,tươi,nam_rau_phu,có,thành phần được liệt kê,,có,35,22,7.7,529.3,1.5,ước tính biên tập; không phải công thức định lượng của từng quán,toàn bộ thành phần đặc trưng đã ghi trong CSV gốc; không phải công thức đầy đủ của mọi quán,USDA SR28 / FoodData Central (proxy),USDA SR28 NDB_No 11238,USDA SR28 Energ_Kcal (trên 100 g phần ăn được),"MUSHROOMS,SHIITAKE,RAW",https://catalog.data.gov/dataset/composition-of-foods-raw-processed-prepared-usda-national-nutrient-database-for-standar-28,https://vietnam.travel/things-to-do/must-try-food-in-hanoi; https://vietnamtourism.vn/en/index.php/services/restaurants/search/19,trung_binh,thap,Nấm nút/nấm tươi đại diện. Khối lượng nấm/mộc nhĩ sau ngâm hoặc nấu trong một suất. Khớp gần với bản ghi USDA SR28; điểm khớp 100%.,2026-08-02
HN088,Xíu mại hấp,Món Hoa,5,trứng cua,Trứng cua,Crab roe,hải sản,tươi/chín,dam_topping,có,thành phần được liệt kê,,có,9.1,143,13,529.3,2.5,ước tính biên tập; không phải công thức định lượng của từng quán,toàn bộ thành phần đặc trưng đã ghi trong CSV gốc; không phải công thức đầy đủ của mọi quán,USDA SR28 / FoodData Central (proxy),không gắn mã riêng; đối chiếu theo thực phẩm tương đương,USDA SR28 Energ_Kcal (trên 100 g phần ăn được),Crab roe,https://catalog.data.gov/dataset/composition-of-foods-raw-processed-prepared-usda-national-nutrient-database-for-standar-28,https://vietnam.travel/things-to-do/must-try-food-in-hanoi; https://vietnamtourism.vn/en/index.php/services/restaurants/search/19,trung_binh,thap,Proxy trứng hải sản; loài cua ảnh hưởng giá trị. Một phần trứng cua nhỏ làm topping. Khối lượng đạm được phân bổ lại theo ngân sách 160 g cho món có nhiều thành phần đạm.,2026-08-02
HN089,Cơm hến,Món Huế,1,cơm/bún,Cơm trắng,"White rice, cooked",ngũ cốc,"chín, ngậm nước",tinh_bot_chinh_da_chin,có,lựa chọn mặc định,HN089-01,có,180,130,234,496.4,47.1,ước tính biên tập; không phải công thức định lượng của từng quán,toàn bộ thành phần đặc trưng đã ghi trong CSV gốc; không phải công thức đầy đủ của mọi quán,Viện Dinh dưỡng Việt Nam / FAO (proxy),không gắn mã riêng; đối chiếu theo thực phẩm tương đương,NIN/FAO Energy kcal (trên 100 g phần ăn được),"White rice, cooked",https://viendinhduong.vn/en/cong-cu-va-tien-ich/nutritional-value-of-food; https://www.fao.org/fileadmin/templates/food_composition/documents/pdf/VTN_FCT_2007.pdf,https://www.vietnam.travel/things-to-do/how-eat-local-hue,cao,thap,Cơm trắng nấu bằng nước. Khối lượng cơm chín trong một bát/phần. Các lựa chọn cùng nhóm không dùng để cộng đồng thời.,2026-08-02
HN089,Cơm hến,Món Huế,2,cơm/bún,Bún tươi,"Rice vermicelli, cooked",mì/bún,"chín, ngậm nước",tinh_bot_chinh_da_chin,có,lựa chọn thay thế,HN089-01,không,180,110,198,496.4,0,ước tính biên tập; không phải công thức định lượng của từng quán,toàn bộ thành phần đặc trưng đã ghi trong CSV gốc; không phải công thức đầy đủ của mọi quán,Viện Dinh dưỡng Việt Nam / FAO (proxy),không gắn mã riêng; đối chiếu theo thực phẩm tương đương,NIN/FAO Energy kcal (trên 100 g phần ăn được),"Rice vermicelli, cooked",https://viendinhduong.vn/en/cong-cu-va-tien-ich/nutritional-value-of-food; https://www.fao.org/fileadmin/templates/food_composition/documents/pdf/VTN_FCT_2007.pdf,https://www.vietnam.travel/things-to-do/how-eat-local-hue,cao,thap,Bún gạo tươi. Khối lượng cơm chín trong một bát/phần. Các lựa chọn cùng nhóm không dùng để cộng đồng thời.,2026-08-02
HN089,Cơm hến,Món Huế,3,hến,Thịt hến chín,"Mussels, cooked",hải sản,"chín, phần ăn được",dam_chinh_nhuyen_the,có,thành phần được liệt kê,,có,90,172,154.8,496.4,31.2,ước tính biên tập; không phải công thức định lượng của từng quán,toàn bộ thành phần đặc trưng đã ghi trong CSV gốc; không phải công thức đầy đủ của mọi quán,Viện Dinh dưỡng Việt Nam / FAO (proxy),không gắn mã riêng; đối chiếu theo thực phẩm tương đương,NIN/FAO Energy kcal (trên 100 g phần ăn được),"Mussels, cooked",https://viendinhduong.vn/en/cong-cu-va-tien-ich/nutritional-value-of-food; https://www.fao.org/fileadmin/templates/food_composition/documents/pdf/VTN_FCT_2007.pdf,https://www.vietnam.travel/things-to-do/how-eat-local-hue,trung_binh,thap,"Không tính vỏ. Khối lượng ruột/thịt ăn được, không tính vỏ.",2026-08-02
HN089,Cơm hến,Món Huế,4,rau thơm,Rau thơm hỗn hợp,Mixed fresh herbs,rau thơm,"tươi, sống",rau_thom,có,thành phần được liệt kê,,có,15,30,4.5,496.4,0.9,ước tính biên tập; không phải công thức định lượng của từng quán,toàn bộ thành phần đặc trưng đã ghi trong CSV gốc; không phải công thức đầy đủ của mọi quán,Viện Dinh dưỡng Việt Nam / FAO (proxy),không gắn mã riêng; đối chiếu theo thực phẩm tương đương,NIN/FAO Energy kcal (trên 100 g phần ăn được),Mixed fresh herbs,https://viendinhduong.vn/en/cong-cu-va-tien-ich/nutritional-value-of-food; https://www.fao.org/fileadmin/templates/food_composition/documents/pdf/VTN_FCT_2007.pdf,https://www.vietnam.travel/things-to-do/how-eat-local-hue,thap,thap,Trung bình các rau thơm tươi. Một nhúm rau thơm/lá gia vị ăn được trong một suất.,2026-08-02
HN089,Cơm hến,Món Huế,5,lạc,Lạc nhân,Peanuts,hạt/đậu,khô hoặc rang,hat_beo_topping,có,thành phần được liệt kê,,có,15,567,85.1,496.4,17.1,ước tính biên tập; không phải công thức định lượng của từng quán,toàn bộ thành phần đặc trưng đã ghi trong CSV gốc; không phải công thức đầy đủ của mọi quán,Viện Dinh dưỡng Việt Nam / FAO (proxy),không gắn mã riêng; đối chiếu theo thực phẩm tương đương,NIN/FAO Energy kcal (trên 100 g phần ăn được),Peanuts,https://viendinhduong.vn/en/cong-cu-va-tien-ich/nutritional-value-of-food; https://www.fao.org/fileadmin/templates/food_composition/documents/pdf/VTN_FCT_2007.pdf,https://www.vietnam.travel/things-to-do/how-eat-local-hue,cao,thap,"Nhân lạc ăn được, không vỏ. Một nhúm hạt/lạc/vừng làm topping.",2026-08-02
HN089,Cơm hến,Món Huế,6,mắm ruốc,Mắm ruốc,Fermented shrimp paste,gia vị/nước chấm,lên men,mam_dac,có,thành phần được liệt kê,,có,18,100,18,496.4,3.6,ước tính biên tập; không phải công thức định lượng của từng quán,toàn bộ thành phần đặc trưng đã ghi trong CSV gốc; không phải công thức đầy đủ của mọi quán,Viện Dinh dưỡng Việt Nam / FAO (proxy),không gắn mã riêng; đối chiếu theo thực phẩm tương đương,NIN/FAO Energy kcal (trên 100 g phần ăn được),Fermented shrimp paste,https://viendinhduong.vn/en/cong-cu-va-tien-ich/nutritional-value-of-food; https://www.fao.org/fileadmin/templates/food_composition/documents/pdf/VTN_FCT_2007.pdf,https://www.vietnam.travel/things-to-do/how-eat-local-hue,trung_binh,thap,Biến thiên theo độ cô đặc. Lượng mắm đặc thực ăn/nấu trong một phần.,2026-08-02
HN090,Acai bowl,Món lành mạnh quốc tế,1,açaí,Thịt quả açaí không đường,"Açaí pulp, unsweetened",trái cây,xay đông lạnh,trai_cay,có,thành phần được liệt kê,,có,80,70,56,417.6,13.4,ước tính biên tập; không phải công thức định lượng của từng quán,toàn bộ thành phần đặc trưng đã ghi trong CSV gốc; không phải công thức đầy đủ của mọi quán,USDA SR28 / FoodData Central (proxy),không gắn mã riêng; đối chiếu theo thực phẩm tương đương,USDA SR28 Energ_Kcal (trên 100 g phần ăn được),"Açaí pulp, unsweetened",https://catalog.data.gov/dataset/composition-of-foods-raw-processed-prepared-usda-national-nutrient-database-for-standar-28,https://vietnam.travel/things-to-do/must-try-food-in-hanoi; https://vietnamtourism.vn/en/index.php/services/restaurants/search/19,trung_binh,thap,Không tính si-rô hoặc đường thêm. Phần trái cây ăn được; chuỗi có dấu gạch chéo là biến thể/lựa chọn.,2026-08-02
HN090,Acai bowl,Món lành mạnh quốc tế,2,chuối,Chuối chín,"Banana, raw",trái cây,"tươi, chín",trai_cay,có,thành phần được liệt kê,,có,80,89,71.2,417.6,17,ước tính biên tập; không phải công thức định lượng của từng quán,toàn bộ thành phần đặc trưng đã ghi trong CSV gốc; không phải công thức đầy đủ của mọi quán,USDA SR28 / FoodData Central (proxy),không gắn mã riêng; đối chiếu theo thực phẩm tương đương,USDA SR28 Energ_Kcal (trên 100 g phần ăn được),"Banana, raw",https://catalog.data.gov/dataset/composition-of-foods-raw-processed-prepared-usda-national-nutrient-database-for-standar-28,https://vietnam.travel/things-to-do/must-try-food-in-hanoi; https://vietnamtourism.vn/en/index.php/services/restaurants/search/19,cao,thap,Phần thịt quả ăn được. Phần trái cây ăn được; chuỗi có dấu gạch chéo là biến thể/lựa chọn.,2026-08-02
HN090,Acai bowl,Món lành mạnh quốc tế,3,berries,Quả mọng hỗn hợp,Mixed berries,trái cây,tươi/đông lạnh không đường,trai_cay,có,thành phần được liệt kê,,có,80,50,40,417.6,9.6,ước tính biên tập; không phải công thức định lượng của từng quán,toàn bộ thành phần đặc trưng đã ghi trong CSV gốc; không phải công thức đầy đủ của mọi quán,USDA SR28 / FoodData Central (proxy),không gắn mã riêng; đối chiếu theo thực phẩm tương đương,USDA SR28 Energ_Kcal (trên 100 g phần ăn được),Mixed berries,https://catalog.data.gov/dataset/composition-of-foods-raw-processed-prepared-usda-national-nutrient-database-for-standar-28,https://vietnam.travel/things-to-do/must-try-food-in-hanoi; https://vietnamtourism.vn/en/index.php/services/restaurants/search/19,trung_binh,thap,"Trung bình dâu, việt quất và mâm xôi. Phần trái cây ăn được; chuỗi có dấu gạch chéo là biến thể/lựa chọn.",2026-08-02
HN090,Acai bowl,Món lành mạnh quốc tế,4,granola,Granola,Granola,ngũ cốc/hạt,nướng khô,ngu_coc_topping,có,thành phần được liệt kê,,có,35,471,164.9,417.6,39.5,ước tính biên tập; không phải công thức định lượng của từng quán,toàn bộ thành phần đặc trưng đã ghi trong CSV gốc; không phải công thức đầy đủ của mọi quán,USDA SR28 / FoodData Central (proxy),USDA SR28 NDB_No 08037,USDA SR28 Energ_Kcal (trên 100 g phần ăn được),"CEREALS RTE,GRANOLA,HOMEMADE",https://catalog.data.gov/dataset/composition-of-foods-raw-processed-prepared-usda-national-nutrient-database-for-standar-28,https://vietnam.travel/things-to-do/must-try-food-in-hanoi; https://vietnamtourism.vn/en/index.php/services/restaurants/search/19,trung_binh,thap,"Biến thiên theo đường, dầu và hạt. Một nhúm granola cho một tô trái cây. Khớp gần với bản ghi USDA SR28; điểm khớp 100%.",2026-08-02
HN090,Acai bowl,Món lành mạnh quốc tế,5,hạt,Hạt hỗn hợp,Mixed nuts and seeds,hạt,khô/rang,hat_beo_topping,có,thành phần được liệt kê,,có,15,570,85.5,417.6,20.5,ước tính biên tập; không phải công thức định lượng của từng quán,toàn bộ thành phần đặc trưng đã ghi trong CSV gốc; không phải công thức đầy đủ của mọi quán,USDA SR28 / FoodData Central (proxy),không gắn mã riêng; đối chiếu theo thực phẩm tương đương,USDA SR28 Energ_Kcal (trên 100 g phần ăn được),Mixed nuts and seeds,https://catalog.data.gov/dataset/composition-of-foods-raw-processed-prepared-usda-national-nutrient-database-for-standar-28,https://vietnam.travel/things-to-do/must-try-food-in-hanoi; https://vietnamtourism.vn/en/index.php/services/restaurants/search/19,thap,thap,Trung bình các loại hạt giàu dầu. Một nhúm hạt/lạc/vừng làm topping.,2026-08-02
HN091,Burrito,Món Mexico,1,tortilla,Bánh tortilla ngô,Corn tortilla,bánh/ngũ cốc,chín,banh_mi_tinh_bot,có,thành phần được liệt kê,,có,90,218,196.2,828.5,23.7,ước tính biên tập; không phải công thức định lượng của từng quán,toàn bộ thành phần đặc trưng đã ghi trong CSV gốc; không phải công thức đầy đủ của mọi quán,USDA SR28 / FoodData Central (proxy),USDA SR28 NDB_No 35239,USDA SR28 Energ_Kcal (trên 100 g phần ăn được),"TORTILLA,BLUE CORN,SAKWAVIKAVIKI (HOPI)",https://catalog.data.gov/dataset/composition-of-foods-raw-processed-prepared-usda-national-nutrient-database-for-standar-28,https://vietnam.travel/things-to-do/must-try-food-in-hanoi; https://vietnamtourism.vn/en/index.php/services/restaurants/search/19,trung_binh,thap,"Nếu tortilla bột mì, kcal có thể cao hơn. Một phần bánh/vỏ bánh cho một suất. Khớp gần với bản ghi USDA SR28; điểm khớp 100%.",2026-08-02
HN091,Burrito,Món Mexico,2,cơm,Cơm trắng,"White rice, cooked",ngũ cốc,"chín, ngậm nước",tinh_bot_chinh_da_chin,có,thành phần được liệt kê,,có,180,130,234,828.5,28.2,ước tính biên tập; không phải công thức định lượng của từng quán,toàn bộ thành phần đặc trưng đã ghi trong CSV gốc; không phải công thức đầy đủ của mọi quán,Viện Dinh dưỡng Việt Nam / FAO (proxy),không gắn mã riêng; đối chiếu theo thực phẩm tương đương,NIN/FAO Energy kcal (trên 100 g phần ăn được),"White rice, cooked",https://viendinhduong.vn/en/cong-cu-va-tien-ich/nutritional-value-of-food; https://www.fao.org/fileadmin/templates/food_composition/documents/pdf/VTN_FCT_2007.pdf,https://vietnam.travel/things-to-do/must-try-food-in-hanoi; https://vietnamtourism.vn/en/index.php/services/restaurants/search/19,cao,thap,Cơm trắng nấu bằng nước. Khối lượng cơm chín trong một bát/phần.,2026-08-02
HN091,Burrito,Món Mexico,3,đậu,Đậu hạt chín,"Beans, cooked",đậu,luộc chín,dam_thuc_vat_da_chin,có,thành phần được liệt kê,,có,94.1,127,119.5,828.5,14.4,ước tính biên tập; không phải công thức định lượng của từng quán,toàn bộ thành phần đặc trưng đã ghi trong CSV gốc; không phải công thức đầy đủ của mọi quán,USDA SR28 / FoodData Central (proxy),không gắn mã riêng; đối chiếu theo thực phẩm tương đương,USDA SR28 Energ_Kcal (trên 100 g phần ăn được),"Beans, cooked",https://catalog.data.gov/dataset/composition-of-foods-raw-processed-prepared-usda-national-nutrient-database-for-standar-28,https://vietnam.travel/things-to-do/must-try-food-in-hanoi; https://vietnamtourism.vn/en/index.php/services/restaurants/search/19,thap,thap,Tên chung; dùng trung bình đậu hạt chín. Khối lượng đậu/đậu phụ đã nấu trong một phần. Khối lượng đạm được phân bổ lại theo ngân sách 160 g cho món có nhiều thành phần đạm.,2026-08-02
HN091,Burrito,Món Mexico,4,thịt,Thịt chín tổng hợp,"Cooked meat, generic",thịt,chín,dam_chinh_hoac_nhan,có,thành phần được liệt kê,,có,65.9,250,164.8,828.5,19.9,ước tính biên tập; không phải công thức định lượng của từng quán,toàn bộ thành phần đặc trưng đã ghi trong CSV gốc; không phải công thức đầy đủ của mọi quán,Viện Dinh dưỡng Việt Nam / FAO (proxy),không gắn mã riêng; đối chiếu theo thực phẩm tương đương,NIN/FAO Energy kcal (trên 100 g phần ăn được),"Cooked meat, generic",https://viendinhduong.vn/en/cong-cu-va-tien-ich/nutritional-value-of-food; https://www.fao.org/fileadmin/templates/food_composition/documents/pdf/VTN_FCT_2007.pdf,https://vietnam.travel/things-to-do/must-try-food-in-hanoi; https://vietnamtourism.vn/en/index.php/services/restaurants/search/19,thap,thap,Tên chung; giá trị trung bình thịt nạc-mỡ vừa. Thịt chín dùng làm nhân/topping; nếu là nguyên liệu đầu tiên của món có thể nâng lên 90 g. Khối lượng đạm được phân bổ lại theo ngân sách 160 g cho món có nhiều thành phần đạm.,2026-08-02
HN091,Burrito,Món Mexico,5,salsa,Sốt salsa cà chua,Tomato salsa,nước sốt,chế biến/tươi,sot_nuoc_cham,có,thành phần được liệt kê,,có,25,36,9,828.5,1.1,ước tính biên tập; không phải công thức định lượng của từng quán,toàn bộ thành phần đặc trưng đã ghi trong CSV gốc; không phải công thức đầy đủ của mọi quán,USDA SR28 / FoodData Central (proxy),không gắn mã riêng; đối chiếu theo thực phẩm tương đương,USDA SR28 Energ_Kcal (trên 100 g phần ăn được),Tomato salsa,https://catalog.data.gov/dataset/composition-of-foods-raw-processed-prepared-usda-national-nutrient-database-for-standar-28,https://vietnam.travel/things-to-do/must-try-food-in-hanoi; https://vietnamtourism.vn/en/index.php/services/restaurants/search/19,trung_binh,thap,Salsa cà chua ít dầu. Lượng sốt/nước chấm bám và được ăn trong một suất.,2026-08-02
HN091,Burrito,Món Mexico,6,phô mai,Phô mai bán cứng,"Cheese, semi-hard",sữa/phô mai,ăn liền,sua_dam_beo,có,thành phần được liệt kê,,có,30,350,105,828.5,12.7,ước tính biên tập; không phải công thức định lượng của từng quán,toàn bộ thành phần đặc trưng đã ghi trong CSV gốc; không phải công thức đầy đủ của mọi quán,USDA SR28 / FoodData Central (proxy),không gắn mã riêng; đối chiếu theo thực phẩm tương đương,USDA SR28 Energ_Kcal (trên 100 g phần ăn được),"Cheese, semi-hard",https://catalog.data.gov/dataset/composition-of-foods-raw-processed-prepared-usda-national-nutrient-database-for-standar-28,https://vietnam.travel/things-to-do/must-try-food-in-hanoi; https://vietnamtourism.vn/en/index.php/services/restaurants/search/19,trung_binh,thap,Giá trị đại diện nhiều loại phô mai. Phần phô mai trong một suất; chuỗi kết hợp được coi là topping nhỏ.,2026-08-02
HN092,Tacos,Món Mexico,1,tortilla,Bánh tortilla ngô,Corn tortilla,bánh/ngũ cốc,chín,banh_mi_tinh_bot,có,thành phần được liệt kê,,có,90,218,196.2,556.2,35.3,ước tính biên tập; không phải công thức định lượng của từng quán,toàn bộ thành phần đặc trưng đã ghi trong CSV gốc; không phải công thức đầy đủ của mọi quán,USDA SR28 / FoodData Central (proxy),USDA SR28 NDB_No 35239,USDA SR28 Energ_Kcal (trên 100 g phần ăn được),"TORTILLA,BLUE CORN,SAKWAVIKAVIKI (HOPI)",https://catalog.data.gov/dataset/composition-of-foods-raw-processed-prepared-usda-national-nutrient-database-for-standar-28,https://vietnam.travel/things-to-do/must-try-food-in-hanoi; https://vietnamtourism.vn/en/index.php/services/restaurants/search/19,trung_binh,thap,"Nếu tortilla bột mì, kcal có thể cao hơn. Một phần bánh/vỏ bánh cho một suất. Khớp gần với bản ghi USDA SR28; điểm khớp 100%.",2026-08-02
HN092,Tacos,Món Mexico,2,thịt bò/gà,Thịt bò chín,"Beef, cooked",thịt,chín,dam_chinh_lua_chon,có,lựa chọn mặc định,HN092-02,có,90,250,225,556.2,40.5,ước tính biên tập; không phải công thức định lượng của từng quán,toàn bộ thành phần đặc trưng đã ghi trong CSV gốc; không phải công thức đầy đủ của mọi quán,Viện Dinh dưỡng Việt Nam / FAO (proxy),không gắn mã riêng; đối chiếu theo thực phẩm tương đương,NIN/FAO Energy kcal (trên 100 g phần ăn được),"Beef, cooked",https://viendinhduong.vn/en/cong-cu-va-tien-ich/nutritional-value-of-food; https://www.fao.org/fileadmin/templates/food_composition/documents/pdf/VTN_FCT_2007.pdf,https://vietnam.travel/things-to-do/must-try-food-in-hanoi; https://vietnamtourism.vn/en/index.php/services/restaurants/search/19,trung_binh,thap,Giá trị đại diện phần cắt nạc-mỡ vừa. Một lựa chọn đạm chính; không cộng đồng thời tất cả loại ngăn bằng dấu gạch chéo. Các lựa chọn cùng nhóm không dùng để cộng đồng thời.,2026-08-02
HN092,Tacos,Món Mexico,3,thịt bò/gà,Thịt gà chín,"Chicken meat, cooked",thịt gia cầm,"chín, thịt và da đại diện",dam_chinh_lua_chon,có,lựa chọn thay thế,HN092-02,không,90,239,215.1,556.2,0,ước tính biên tập; không phải công thức định lượng của từng quán,toàn bộ thành phần đặc trưng đã ghi trong CSV gốc; không phải công thức đầy đủ của mọi quán,Viện Dinh dưỡng Việt Nam / FAO (proxy),không gắn mã riêng; đối chiếu theo thực phẩm tương đương,NIN/FAO Energy kcal (trên 100 g phần ăn được),"Chicken meat, cooked",https://viendinhduong.vn/en/cong-cu-va-tien-ich/nutritional-value-of-food; https://www.fao.org/fileadmin/templates/food_composition/documents/pdf/VTN_FCT_2007.pdf,https://vietnam.travel/things-to-do/must-try-food-in-hanoi; https://vietnamtourism.vn/en/index.php/services/restaurants/search/19,trung_binh,thap,Biến thiên theo phần cắt và có da hay không. Một lựa chọn đạm chính; không cộng đồng thời tất cả loại ngăn bằng dấu gạch chéo. Các lựa chọn cùng nhóm không dùng để cộng đồng thời.,2026-08-02
HN092,Tacos,Món Mexico,4,salsa,Sốt salsa cà chua,Tomato salsa,nước sốt,chế biến/tươi,sot_nuoc_cham,có,thành phần được liệt kê,,có,25,36,9,556.2,1.6,ước tính biên tập; không phải công thức định lượng của từng quán,toàn bộ thành phần đặc trưng đã ghi trong CSV gốc; không phải công thức đầy đủ của mọi quán,USDA SR28 / FoodData Central (proxy),không gắn mã riêng; đối chiếu theo thực phẩm tương đương,USDA SR28 Energ_Kcal (trên 100 g phần ăn được),Tomato salsa,https://catalog.data.gov/dataset/composition-of-foods-raw-processed-prepared-usda-national-nutrient-database-for-standar-28,https://vietnam.travel/things-to-do/must-try-food-in-hanoi; https://vietnamtourism.vn/en/index.php/services/restaurants/search/19,trung_binh,thap,Salsa cà chua ít dầu. Lượng sốt/nước chấm bám và được ăn trong một suất.,2026-08-02
HN092,Tacos,Món Mexico,5,rau,Rau hỗn hợp,Mixed vegetables,rau củ,tươi hoặc chín nhẹ,rau_an_kem,có,thành phần được liệt kê,,có,70,30,21,556.2,3.8,ước tính biên tập; không phải công thức định lượng của từng quán,toàn bộ thành phần đặc trưng đã ghi trong CSV gốc; không phải công thức đầy đủ của mọi quán,Viện Dinh dưỡng Việt Nam / FAO (proxy),không gắn mã riêng; đối chiếu theo thực phẩm tương đương,NIN/FAO Energy kcal (trên 100 g phần ăn được),Mixed vegetables,https://viendinhduong.vn/en/cong-cu-va-tien-ich/nutritional-value-of-food; https://www.fao.org/fileadmin/templates/food_composition/documents/pdf/VTN_FCT_2007.pdf,https://vietnam.travel/things-to-do/must-try-food-in-hanoi; https://vietnamtourism.vn/en/index.php/services/restaurants/search/19,thap,thap,Tên chung; dùng trung bình rau ít tinh bột. Một nắm/đĩa rau ăn kèm cho một người; nếu là nguyên liệu đầu tiên của salad/nộm có thể nâng lên 120–150 g.,2026-08-02
HN092,Tacos,Món Mexico,6,phô mai,Phô mai bán cứng,"Cheese, semi-hard",sữa/phô mai,ăn liền,sua_dam_beo,có,thành phần được liệt kê,,có,30,350,105,556.2,18.9,ước tính biên tập; không phải công thức định lượng của từng quán,toàn bộ thành phần đặc trưng đã ghi trong CSV gốc; không phải công thức đầy đủ của mọi quán,USDA SR28 / FoodData Central (proxy),không gắn mã riêng; đối chiếu theo thực phẩm tương đương,USDA SR28 Energ_Kcal (trên 100 g phần ăn được),"Cheese, semi-hard",https://catalog.data.gov/dataset/composition-of-foods-raw-processed-prepared-usda-national-nutrient-database-for-standar-28,https://vietnam.travel/things-to-do/must-try-food-in-hanoi; https://vietnamtourism.vn/en/index.php/services/restaurants/search/19,trung_binh,thap,Giá trị đại diện nhiều loại phô mai. Phần phô mai trong một suất; chuỗi kết hợp được coi là topping nhỏ.,2026-08-02
HN093,Miến cua,Món miến,1,miến dong,Miến dong chín,"Canna/glass noodles, cooked",mì/bún,"chín, ngậm nước",tinh_bot_chinh_da_chin,có,thành phần được liệt kê,,có,160,80,128,377.8,33.9,ước tính biên tập; không phải công thức định lượng của từng quán,toàn bộ thành phần đặc trưng đã ghi trong CSV gốc; không phải công thức đầy đủ của mọi quán,Viện Dinh dưỡng Việt Nam / FAO (proxy),không gắn mã riêng; đối chiếu theo thực phẩm tương đương,NIN/FAO Energy kcal (trên 100 g phần ăn được),"Canna/glass noodles, cooked",https://viendinhduong.vn/en/cong-cu-va-tien-ich/nutritional-value-of-food; https://www.fao.org/fileadmin/templates/food_composition/documents/pdf/VTN_FCT_2007.pdf,https://www.vietnam.travel/things-to-do/10-must-try-hanoi-dishes/,trung_binh,thap,Không dùng giá trị miến khô. Khối lượng miến đã ngâm/nấu trong một phần.,2026-08-02
HN093,Miến cua,Món miến,2,cua,Thịt cua chín,"Crab meat, cooked",hải sản,"chín, phần ăn được",dam_hai_san_hoac_hon_hop,có,thành phần được liệt kê,,có,85,87,74,377.8,19.6,ước tính biên tập; không phải công thức định lượng của từng quán,toàn bộ thành phần đặc trưng đã ghi trong CSV gốc; không phải công thức đầy đủ của mọi quán,USDA SR28 / FoodData Central (proxy),không gắn mã riêng; đối chiếu theo thực phẩm tương đương,USDA SR28 Energ_Kcal (trên 100 g phần ăn được),"Crab meat, cooked",https://catalog.data.gov/dataset/composition-of-foods-raw-processed-prepared-usda-national-nutrient-database-for-standar-28,https://www.vietnam.travel/things-to-do/10-must-try-hanoi-dishes/,cao,thap,"Không tính mai/vỏ. Khối lượng phần ăn được, bỏ vỏ/xương; chuỗi có dấu gạch chéo là một lựa chọn/hỗn hợp.",2026-08-02
HN093,Miến cua,Món miến,3,chả cua,Chả cua chín,"Crab cake, cooked",hải sản chế biến,chín,dam_che_bien,có,thành phần được liệt kê,,có,55,200,110,377.8,29.1,ước tính biên tập; không phải công thức định lượng của từng quán,toàn bộ thành phần đặc trưng đã ghi trong CSV gốc; không phải công thức đầy đủ của mọi quán,Viện Dinh dưỡng Việt Nam / FAO (proxy),không gắn mã riêng; đối chiếu theo thực phẩm tương đương,NIN/FAO Energy kcal (trên 100 g phần ăn được),"Crab cake, cooked",https://viendinhduong.vn/en/cong-cu-va-tien-ich/nutritional-value-of-food; https://www.fao.org/fileadmin/templates/food_composition/documents/pdf/VTN_FCT_2007.pdf,https://www.vietnam.travel/things-to-do/10-must-try-hanoi-dishes/,thap,thap,"Phụ thuộc tỷ lệ cua, thịt, trứng và dầu. Một phần chả/giò ăn kèm; giò sống được hiểu là khối lượng sau nấu gần tương đương.",2026-08-02
HN093,Miến cua,Món miến,4,rau cần,Rau cần nước,Water dropwort,rau lá/thân,tươi,rau_chinh_hoac_an_kem,có,thành phần được liệt kê,,có,60,18,10.8,377.8,2.9,ước tính biên tập; không phải công thức định lượng của từng quán,toàn bộ thành phần đặc trưng đã ghi trong CSV gốc; không phải công thức đầy đủ của mọi quán,Viện Dinh dưỡng Việt Nam / FAO (proxy),không gắn mã riêng; đối chiếu theo thực phẩm tương đương,NIN/FAO Energy kcal (trên 100 g phần ăn được),Water dropwort,https://viendinhduong.vn/en/cong-cu-va-tien-ich/nutritional-value-of-food; https://www.fao.org/fileadmin/templates/food_composition/documents/pdf/VTN_FCT_2007.pdf,https://www.vietnam.travel/things-to-do/10-must-try-hanoi-dishes/,trung_binh,thap,Phần thân lá ăn được. Khối lượng rau ăn được trong một suất.,2026-08-02
HN093,Miến cua,Món miến,5,hành phi,Hành phi,Fried shallots,gia vị chiên,chiên giòn,topping_thom_beo,có,thành phần được liệt kê,,có,10,550,55,377.8,14.6,ước tính biên tập; không phải công thức định lượng của từng quán,toàn bộ thành phần đặc trưng đã ghi trong CSV gốc; không phải công thức đầy đủ của mọi quán,Viện Dinh dưỡng Việt Nam / FAO (proxy),không gắn mã riêng; đối chiếu theo thực phẩm tương đương,NIN/FAO Energy kcal (trên 100 g phần ăn được),Fried shallots,https://viendinhduong.vn/en/cong-cu-va-tien-ich/nutritional-value-of-food; https://www.fao.org/fileadmin/templates/food_composition/documents/pdf/VTN_FCT_2007.pdf,https://www.vietnam.travel/things-to-do/10-must-try-hanoi-dishes/,thap,thap,Phụ thuộc lượng dầu hấp thụ. Một thìa hành phi rắc mặt.,2026-08-02
HN094,Miến gà,Món miến,1,miến dong,Miến dong chín,"Canna/glass noodles, cooked",mì/bún,"chín, ngậm nước",tinh_bot_chinh_da_chin,có,thành phần được liệt kê,,có,160,80,128,394.1,32.5,ước tính biên tập; không phải công thức định lượng của từng quán,toàn bộ thành phần đặc trưng đã ghi trong CSV gốc; không phải công thức đầy đủ của mọi quán,Viện Dinh dưỡng Việt Nam / FAO (proxy),không gắn mã riêng; đối chiếu theo thực phẩm tương đương,NIN/FAO Energy kcal (trên 100 g phần ăn được),"Canna/glass noodles, cooked",https://viendinhduong.vn/en/cong-cu-va-tien-ich/nutritional-value-of-food; https://www.fao.org/fileadmin/templates/food_composition/documents/pdf/VTN_FCT_2007.pdf,https://www.vietnam.travel/things-to-do/10-must-try-hanoi-dishes/,trung_binh,thap,Không dùng giá trị miến khô. Khối lượng miến đã ngâm/nấu trong một phần.,2026-08-02
HN094,Miến gà,Món miến,2,gà,Thịt gà chín,"Chicken meat, cooked",thịt gia cầm,"chín, thịt và da đại diện",dam_chinh,có,thành phần được liệt kê,,có,100,239,239,394.1,60.6,ước tính biên tập; không phải công thức định lượng của từng quán,toàn bộ thành phần đặc trưng đã ghi trong CSV gốc; không phải công thức đầy đủ của mọi quán,Viện Dinh dưỡng Việt Nam / FAO (proxy),không gắn mã riêng; đối chiếu theo thực phẩm tương đương,NIN/FAO Energy kcal (trên 100 g phần ăn được),"Chicken meat, cooked",https://viendinhduong.vn/en/cong-cu-va-tien-ich/nutritional-value-of-food; https://www.fao.org/fileadmin/templates/food_composition/documents/pdf/VTN_FCT_2007.pdf,https://www.vietnam.travel/things-to-do/10-must-try-hanoi-dishes/,trung_binh,thap,Biến thiên theo phần cắt và có da hay không. Khối lượng thịt chín ăn được trong một suất; gà tùy chọn chỉ tính khi thực sự thêm.,2026-08-02
HN094,Miến gà,Món miến,3,măng,Măng tươi chín,"Bamboo shoots, cooked",rau,luộc/chín,rau_cu,có,thành phần được liệt kê,,có,60,27,16.2,394.1,4.1,ước tính biên tập; không phải công thức định lượng của từng quán,toàn bộ thành phần đặc trưng đã ghi trong CSV gốc; không phải công thức đầy đủ của mọi quán,USDA SR28 / FoodData Central (proxy),không gắn mã riêng; đối chiếu theo thực phẩm tương đương,USDA SR28 Energ_Kcal (trên 100 g phần ăn được),"Bamboo shoots, cooked",https://catalog.data.gov/dataset/composition-of-foods-raw-processed-prepared-usda-national-nutrient-database-for-standar-28,https://www.vietnam.travel/things-to-do/10-must-try-hanoi-dishes/,cao,thap,Không tính măng khô. Khối lượng rau/củ chín hoặc sơ chế trong một suất.,2026-08-02
HN094,Miến gà,Món miến,4,hành,Hành lá,"Spring onion, raw",rau thơm,tươi,rau_thom_tao_nen,có,thành phần được liệt kê,,có,20,32,6.4,394.1,1.6,ước tính biên tập; không phải công thức định lượng của từng quán,toàn bộ thành phần đặc trưng đã ghi trong CSV gốc; không phải công thức đầy đủ của mọi quán,Viện Dinh dưỡng Việt Nam / FAO (proxy),không gắn mã riêng; đối chiếu theo thực phẩm tương đương,NIN/FAO Energy kcal (trên 100 g phần ăn được),"Spring onion, raw",https://viendinhduong.vn/en/cong-cu-va-tien-ich/nutritional-value-of-food; https://www.fao.org/fileadmin/templates/food_composition/documents/pdf/VTN_FCT_2007.pdf,https://www.vietnam.travel/things-to-do/10-must-try-hanoi-dishes/,trung_binh,thap,"Giả định hành lá, không phải hành củ. Lượng hành trong một suất; nếu chỉ rắc mặt có thể giảm còn 5–10 g theo thứ tự thành phần.",2026-08-02
HN094,Miến gà,Món miến,5,rau răm,Rau răm,Vietnamese coriander,rau thơm,"tươi, sống",rau_thom,có,thành phần được liệt kê,,có,15,30,4.5,394.1,1.1,ước tính biên tập; không phải công thức định lượng của từng quán,toàn bộ thành phần đặc trưng đã ghi trong CSV gốc; không phải công thức đầy đủ của mọi quán,Viện Dinh dưỡng Việt Nam / FAO (proxy),không gắn mã riêng; đối chiếu theo thực phẩm tương đương,NIN/FAO Energy kcal (trên 100 g phần ăn được),Vietnamese coriander,https://viendinhduong.vn/en/cong-cu-va-tien-ich/nutritional-value-of-food; https://www.fao.org/fileadmin/templates/food_composition/documents/pdf/VTN_FCT_2007.pdf,https://www.vietnam.travel/things-to-do/10-must-try-hanoi-dishes/,trung_binh,thap,Ước tính theo rau thơm tươi. Một nhúm rau thơm/lá gia vị ăn được trong một suất.,2026-08-02
HN095,Miến lươn,Món miến Hà Nội,1,miến dong,Miến dong chín,"Canna/glass noodles, cooked",mì/bún,"chín, ngậm nước",tinh_bot_chinh_da_chin,có,thành phần được liệt kê,,có,160,80,128,441.5,29,ước tính biên tập; không phải công thức định lượng của từng quán,toàn bộ thành phần đặc trưng đã ghi trong CSV gốc; không phải công thức đầy đủ của mọi quán,Viện Dinh dưỡng Việt Nam / FAO (proxy),không gắn mã riêng; đối chiếu theo thực phẩm tương đương,NIN/FAO Energy kcal (trên 100 g phần ăn được),"Canna/glass noodles, cooked",https://viendinhduong.vn/en/cong-cu-va-tien-ich/nutritional-value-of-food; https://www.fao.org/fileadmin/templates/food_composition/documents/pdf/VTN_FCT_2007.pdf,https://vietnam.travel/node/1560,trung_binh,thap,Không dùng giá trị miến khô. Khối lượng miến đã ngâm/nấu trong một phần.,2026-08-02
HN095,Miến lươn,Món miến Hà Nội,2,lươn,Thịt lươn chín,"Eel, cooked",cá,"chín, phần thịt",dam_chinh_thuy_san,có,thành phần được liệt kê,,có,100,236,236,441.5,53.5,ước tính biên tập; không phải công thức định lượng của từng quán,toàn bộ thành phần đặc trưng đã ghi trong CSV gốc; không phải công thức đầy đủ của mọi quán,Viện Dinh dưỡng Việt Nam / FAO (proxy),không gắn mã riêng; đối chiếu theo thực phẩm tương đương,NIN/FAO Energy kcal (trên 100 g phần ăn được),"Eel, cooked",https://viendinhduong.vn/en/cong-cu-va-tien-ich/nutritional-value-of-food; https://www.fao.org/fileadmin/templates/food_composition/documents/pdf/VTN_FCT_2007.pdf,https://vietnam.travel/node/1560,trung_binh,thap,Không tính xương; dầu chiên tính riêng. Khối lượng phần thịt ăn được sau khi bỏ xương/da không ăn.,2026-08-02
HN095,Miến lươn,Món miến Hà Nội,3,giá,Giá đỗ xanh,"Mung bean sprouts, raw",rau mầm,"tươi, sống",rau_chinh_hoac_an_kem,có,thành phần được liệt kê,,có,60,30,18,441.5,4.1,ước tính biên tập; không phải công thức định lượng của từng quán,toàn bộ thành phần đặc trưng đã ghi trong CSV gốc; không phải công thức đầy đủ của mọi quán,USDA SR28 / FoodData Central (proxy),không gắn mã riêng; đối chiếu theo thực phẩm tương đương,USDA SR28 Energ_Kcal (trên 100 g phần ăn được),"Mung bean sprouts, raw",https://catalog.data.gov/dataset/composition-of-foods-raw-processed-prepared-usda-national-nutrient-database-for-standar-28,https://vietnam.travel/node/1560,cao,thap,Giá đỗ xanh tươi. Khối lượng rau ăn được trong một suất.,2026-08-02
HN095,Miến lươn,Món miến Hà Nội,4,rau răm,Rau răm,Vietnamese coriander,rau thơm,"tươi, sống",rau_thom,có,thành phần được liệt kê,,có,15,30,4.5,441.5,1,ước tính biên tập; không phải công thức định lượng của từng quán,toàn bộ thành phần đặc trưng đã ghi trong CSV gốc; không phải công thức đầy đủ của mọi quán,Viện Dinh dưỡng Việt Nam / FAO (proxy),không gắn mã riêng; đối chiếu theo thực phẩm tương đương,NIN/FAO Energy kcal (trên 100 g phần ăn được),Vietnamese coriander,https://viendinhduong.vn/en/cong-cu-va-tien-ich/nutritional-value-of-food; https://www.fao.org/fileadmin/templates/food_composition/documents/pdf/VTN_FCT_2007.pdf,https://vietnam.travel/node/1560,trung_binh,thap,Ước tính theo rau thơm tươi. Một nhúm rau thơm/lá gia vị ăn được trong một suất.,2026-08-02
HN095,Miến lươn,Món miến Hà Nội,5,hành phi,Hành phi,Fried shallots,gia vị chiên,chiên giòn,topping_thom_beo,có,thành phần được liệt kê,,có,10,550,55,441.5,12.5,ước tính biên tập; không phải công thức định lượng của từng quán,toàn bộ thành phần đặc trưng đã ghi trong CSV gốc; không phải công thức đầy đủ của mọi quán,Viện Dinh dưỡng Việt Nam / FAO (proxy),không gắn mã riêng; đối chiếu theo thực phẩm tương đương,NIN/FAO Energy kcal (trên 100 g phần ăn được),Fried shallots,https://viendinhduong.vn/en/cong-cu-va-tien-ich/nutritional-value-of-food; https://www.fao.org/fileadmin/templates/food_composition/documents/pdf/VTN_FCT_2007.pdf,https://vietnam.travel/node/1560,thap,thap,Phụ thuộc lượng dầu hấp thụ. Một thìa hành phi rắc mặt.,2026-08-02
HN096,Bún mắm,Món miền Nam,1,bún,Bún tươi,"Rice vermicelli, cooked",mì/bún,"chín, ngậm nước",tinh_bot_chinh_da_chin,có,thành phần được liệt kê,,có,180,110,198,527.3,37.5,ước tính biên tập; không phải công thức định lượng của từng quán,toàn bộ thành phần đặc trưng đã ghi trong CSV gốc; không phải công thức đầy đủ của mọi quán,Viện Dinh dưỡng Việt Nam / FAO (proxy),không gắn mã riêng; đối chiếu theo thực phẩm tương đương,NIN/FAO Energy kcal (trên 100 g phần ăn được),"Rice vermicelli, cooked",https://viendinhduong.vn/en/cong-cu-va-tien-ich/nutritional-value-of-food; https://www.fao.org/fileadmin/templates/food_composition/documents/pdf/VTN_FCT_2007.pdf,https://vietnam.travel/things-to-do/vietnam-foodie-guide-region,cao,thap,Bún gạo tươi. Khối lượng sợi/bánh đã nấu chín cho một suất; nếu tra bảng dạng khô phải quy đổi lại.,2026-08-02
HN096,Bún mắm,Món miền Nam,2,mắm cá,Mắm cá lên men,Fermented fish paste,gia vị/nước chấm,lên men,mam_dac,có,thành phần được liệt kê,,có,18,140,25.2,527.3,4.8,ước tính biên tập; không phải công thức định lượng của từng quán,toàn bộ thành phần đặc trưng đã ghi trong CSV gốc; không phải công thức đầy đủ của mọi quán,Viện Dinh dưỡng Việt Nam / FAO (proxy),không gắn mã riêng; đối chiếu theo thực phẩm tương đương,NIN/FAO Energy kcal (trên 100 g phần ăn được),Fermented fish paste,https://viendinhduong.vn/en/cong-cu-va-tien-ich/nutritional-value-of-food; https://www.fao.org/fileadmin/templates/food_composition/documents/pdf/VTN_FCT_2007.pdf,https://vietnam.travel/things-to-do/vietnam-foodie-guide-region,thap,thap,Biến thiên theo loại cá và đường. Lượng mắm đặc thực ăn/nấu trong một phần.,2026-08-02
HN096,Bún mắm,Món miền Nam,3,tôm,Tôm chín,"Shrimp, cooked",hải sản,"chín, phần ăn được",dam_hai_san_hoac_hon_hop,có,thành phần được liệt kê,,có,54.4,99,53.9,527.3,10.2,ước tính biên tập; không phải công thức định lượng của từng quán,toàn bộ thành phần đặc trưng đã ghi trong CSV gốc; không phải công thức đầy đủ của mọi quán,USDA SR28 / FoodData Central (proxy),không gắn mã riêng; đối chiếu theo thực phẩm tương đương,USDA SR28 Energ_Kcal (trên 100 g phần ăn được),"Shrimp, cooked",https://catalog.data.gov/dataset/composition-of-foods-raw-processed-prepared-usda-national-nutrient-database-for-standar-28,https://vietnam.travel/things-to-do/vietnam-foodie-guide-region,cao,thap,"Không tính vỏ và đầu bỏ đi. Khối lượng phần ăn được, bỏ vỏ/xương; chuỗi có dấu gạch chéo là một lựa chọn/hỗn hợp. Khối lượng đạm được phân bổ lại theo ngân sách 160 g cho món có nhiều thành phần đạm.",2026-08-02
HN096,Bún mắm,Món miền Nam,4,mực,Mực chín,"Squid, cooked",hải sản,"chín, phần ăn được",dam_hai_san_hoac_hon_hop,có,thành phần được liệt kê,,có,54.4,92,50,527.3,9.5,ước tính biên tập; không phải công thức định lượng của từng quán,toàn bộ thành phần đặc trưng đã ghi trong CSV gốc; không phải công thức đầy đủ của mọi quán,USDA SR28 / FoodData Central (proxy),không gắn mã riêng; đối chiếu theo thực phẩm tương đương,USDA SR28 Energ_Kcal (trên 100 g phần ăn được),"Squid, cooked",https://catalog.data.gov/dataset/composition-of-foods-raw-processed-prepared-usda-national-nutrient-database-for-standar-28,https://vietnam.travel/things-to-do/vietnam-foodie-guide-region,cao,thap,"Không tính dầu chiên/sốt. Khối lượng phần ăn được, bỏ vỏ/xương; chuỗi có dấu gạch chéo là một lựa chọn/hỗn hợp. Khối lượng đạm được phân bổ lại theo ngân sách 160 g cho món có nhiều thành phần đạm.",2026-08-02
HN096,Bún mắm,Món miền Nam,5,thịt quay,Thịt lợn quay,Roast pork,thịt,"quay chín, có da",dam_chinh,có,thành phần được liệt kê,,có,51.2,350,179.2,527.3,34,ước tính biên tập; không phải công thức định lượng của từng quán,toàn bộ thành phần đặc trưng đã ghi trong CSV gốc; không phải công thức đầy đủ của mọi quán,Viện Dinh dưỡng Việt Nam / FAO (proxy),không gắn mã riêng; đối chiếu theo thực phẩm tương đương,NIN/FAO Energy kcal (trên 100 g phần ăn được),Roast pork,https://viendinhduong.vn/en/cong-cu-va-tien-ich/nutritional-value-of-food; https://www.fao.org/fileadmin/templates/food_composition/documents/pdf/VTN_FCT_2007.pdf,https://vietnam.travel/things-to-do/vietnam-foodie-guide-region,thap,thap,Biến thiên theo phần cắt và lớp mỡ. Khối lượng thịt lợn thành phẩm trong một suất. Khối lượng đạm được phân bổ lại theo ngân sách 160 g cho món có nhiều thành phần đạm.,2026-08-02
HN096,Bún mắm,Món miền Nam,6,rau,Rau hỗn hợp,Mixed vegetables,rau củ,tươi hoặc chín nhẹ,rau_an_kem,có,thành phần được liệt kê,,có,70,30,21,527.3,4,ước tính biên tập; không phải công thức định lượng của từng quán,toàn bộ thành phần đặc trưng đã ghi trong CSV gốc; không phải công thức đầy đủ của mọi quán,Viện Dinh dưỡng Việt Nam / FAO (proxy),không gắn mã riêng; đối chiếu theo thực phẩm tương đương,NIN/FAO Energy kcal (trên 100 g phần ăn được),Mixed vegetables,https://viendinhduong.vn/en/cong-cu-va-tien-ich/nutritional-value-of-food; https://www.fao.org/fileadmin/templates/food_composition/documents/pdf/VTN_FCT_2007.pdf,https://vietnam.travel/things-to-do/vietnam-foodie-guide-region,thap,thap,Tên chung; dùng trung bình rau ít tinh bột. Một nắm/đĩa rau ăn kèm cho một người; nếu là nguyên liệu đầu tiên của salad/nộm có thể nâng lên 120–150 g.,2026-08-02
HN097,Bún thịt nướng,Món miền Nam,1,bún,Bún tươi,"Rice vermicelli, cooked",mì/bún,"chín, ngậm nước",tinh_bot_chinh_da_chin,có,thành phần được liệt kê,,có,180,110,198,545.6,36.3,ước tính biên tập; không phải công thức định lượng của từng quán,toàn bộ thành phần đặc trưng đã ghi trong CSV gốc; không phải công thức đầy đủ của mọi quán,Viện Dinh dưỡng Việt Nam / FAO (proxy),không gắn mã riêng; đối chiếu theo thực phẩm tương đương,NIN/FAO Energy kcal (trên 100 g phần ăn được),"Rice vermicelli, cooked",https://viendinhduong.vn/en/cong-cu-va-tien-ich/nutritional-value-of-food; https://www.fao.org/fileadmin/templates/food_composition/documents/pdf/VTN_FCT_2007.pdf,https://vietnam.travel/things-to-do/vietnam-foodie-guide-region,cao,thap,Bún gạo tươi. Khối lượng sợi/bánh đã nấu chín cho một suất; nếu tra bảng dạng khô phải quy đổi lại.,2026-08-02
HN097,Bún thịt nướng,Món miền Nam,2,thịt lợn nướng,Thịt lợn nướng,Grilled pork,thịt,nướng chín,dam_chinh,có,thành phần được liệt kê,,có,80,280,224,545.6,41.1,ước tính biên tập; không phải công thức định lượng của từng quán,toàn bộ thành phần đặc trưng đã ghi trong CSV gốc; không phải công thức đầy đủ của mọi quán,Viện Dinh dưỡng Việt Nam / FAO (proxy),không gắn mã riêng; đối chiếu theo thực phẩm tương đương,NIN/FAO Energy kcal (trên 100 g phần ăn được),Grilled pork,https://viendinhduong.vn/en/cong-cu-va-tien-ich/nutritional-value-of-food; https://www.fao.org/fileadmin/templates/food_composition/documents/pdf/VTN_FCT_2007.pdf,https://vietnam.travel/things-to-do/vietnam-foodie-guide-region,trung_binh,thap,Đã gồm phần ướp bám nhẹ; phần cắt thay đổi. Khối lượng thịt lợn thành phẩm trong một suất.,2026-08-02
HN097,Bún thịt nướng,Món miền Nam,3,rau,Rau hỗn hợp,Mixed vegetables,rau củ,tươi hoặc chín nhẹ,rau_an_kem,có,thành phần được liệt kê,,có,70,30,21,545.6,3.8,ước tính biên tập; không phải công thức định lượng của từng quán,toàn bộ thành phần đặc trưng đã ghi trong CSV gốc; không phải công thức đầy đủ của mọi quán,Viện Dinh dưỡng Việt Nam / FAO (proxy),không gắn mã riêng; đối chiếu theo thực phẩm tương đương,NIN/FAO Energy kcal (trên 100 g phần ăn được),Mixed vegetables,https://viendinhduong.vn/en/cong-cu-va-tien-ich/nutritional-value-of-food; https://www.fao.org/fileadmin/templates/food_composition/documents/pdf/VTN_FCT_2007.pdf,https://vietnam.travel/things-to-do/vietnam-foodie-guide-region,thap,thap,Tên chung; dùng trung bình rau ít tinh bột. Một nắm/đĩa rau ăn kèm cho một người; nếu là nguyên liệu đầu tiên của salad/nộm có thể nâng lên 120–150 g.,2026-08-02
HN097,Bún thịt nướng,Món miền Nam,4,lạc,Lạc nhân,Peanuts,hạt/đậu,khô hoặc rang,hat_beo_topping,có,thành phần được liệt kê,,có,15,567,85.1,545.6,15.6,ước tính biên tập; không phải công thức định lượng của từng quán,toàn bộ thành phần đặc trưng đã ghi trong CSV gốc; không phải công thức đầy đủ của mọi quán,Viện Dinh dưỡng Việt Nam / FAO (proxy),không gắn mã riêng; đối chiếu theo thực phẩm tương đương,NIN/FAO Energy kcal (trên 100 g phần ăn được),Peanuts,https://viendinhduong.vn/en/cong-cu-va-tien-ich/nutritional-value-of-food; https://www.fao.org/fileadmin/templates/food_composition/documents/pdf/VTN_FCT_2007.pdf,https://vietnam.travel/things-to-do/vietnam-foodie-guide-region,cao,thap,"Nhân lạc ăn được, không vỏ. Một nhúm hạt/lạc/vừng làm topping.",2026-08-02
HN097,Bún thịt nướng,Món miền Nam,5,đồ chua,Rau củ ngâm chua ngọt,Pickled vegetables,rau muối chua,ngâm chua ngọt,rau_muoi_chua,có,thành phần được liệt kê,,có,50,35,17.5,545.6,3.2,ước tính biên tập; không phải công thức định lượng của từng quán,toàn bộ thành phần đặc trưng đã ghi trong CSV gốc; không phải công thức đầy đủ của mọi quán,Viện Dinh dưỡng Việt Nam / FAO (proxy),không gắn mã riêng; đối chiếu theo thực phẩm tương đương,NIN/FAO Energy kcal (trên 100 g phần ăn được),Pickled vegetables,https://viendinhduong.vn/en/cong-cu-va-tien-ich/nutritional-value-of-food; https://www.fao.org/fileadmin/templates/food_composition/documents/pdf/VTN_FCT_2007.pdf,https://vietnam.travel/things-to-do/vietnam-foodie-guide-region,thap,thap,Phụ thuộc lượng đường trong nước ngâm. Khẩu phần rau muối/chua dùng kèm hoặc nấu trong một suất.,2026-08-02
HN098,Cơm tấm,Món miền Nam,1,gạo tấm,Gạo tấm khô,"Broken rice, dry",ngũ cốc,"khô, chưa nấu",tinh_bot_chinh_kho,có,thành phần được liệt kê,,có,80,360,288,954.1,30.2,ước tính biên tập; không phải công thức định lượng của từng quán,toàn bộ thành phần đặc trưng đã ghi trong CSV gốc; không phải công thức đầy đủ của mọi quán,Viện Dinh dưỡng Việt Nam / FAO (proxy),không gắn mã riêng; đối chiếu theo thực phẩm tương đương,NIN/FAO Energy kcal (trên 100 g phần ăn được),"Broken rice, dry",https://viendinhduong.vn/en/cong-cu-va-tien-ich/nutritional-value-of-food; https://www.fao.org/fileadmin/templates/food_composition/documents/pdf/VTN_FCT_2007.pdf,https://vietnam.travel/things-to-do/vietnam-foodie-guide-region,cao,thap,Gần tương đương gạo trắng khô. Khối lượng gạo khô quy đổi cho một phần sau nấu.,2026-08-02
HN098,Cơm tấm,Món miền Nam,2,sườn,"Sườn lợn chín, phần thịt","Pork ribs, cooked, meat only",thịt,"chín, phần ăn được",dam_chinh_co_xuong,có,thành phần được liệt kê,,có,74.4,291,216.5,954.1,22.7,ước tính biên tập; không phải công thức định lượng của từng quán,toàn bộ thành phần đặc trưng đã ghi trong CSV gốc; không phải công thức đầy đủ của mọi quán,Viện Dinh dưỡng Việt Nam / FAO (proxy),không gắn mã riêng; đối chiếu theo thực phẩm tương đương,NIN/FAO Energy kcal (trên 100 g phần ăn được),"Pork ribs, cooked, meat only",https://viendinhduong.vn/en/cong-cu-va-tien-ich/nutritional-value-of-food; https://www.fao.org/fileadmin/templates/food_composition/documents/pdf/VTN_FCT_2007.pdf,https://vietnam.travel/things-to-do/vietnam-foodie-guide-region,trung_binh,thap,Không tính trọng lượng xương. Khối lượng phần thịt/da ăn được sau khi bỏ xương. Khối lượng đạm được phân bổ lại theo ngân sách 160 g cho món có nhiều thành phần đạm.,2026-08-02
HN098,Cơm tấm,Món miền Nam,3,bì,Bì lợn chín,"Pork skin, cooked",thịt/nội tạng,chín,dam_noi_tang_bi,có,thành phần được liệt kê,,có,44.7,550,245.9,954.1,25.8,ước tính biên tập; không phải công thức định lượng của từng quán,toàn bộ thành phần đặc trưng đã ghi trong CSV gốc; không phải công thức đầy đủ của mọi quán,USDA SR28 / FoodData Central (proxy),không gắn mã riêng; đối chiếu theo thực phẩm tương đương,USDA SR28 Energ_Kcal (trên 100 g phần ăn được),"Pork skin, cooked",https://catalog.data.gov/dataset/composition-of-foods-raw-processed-prepared-usda-national-nutrient-database-for-standar-28,https://vietnam.travel/things-to-do/vietnam-foodie-guide-region,trung_binh,thap,Biến thiên theo lượng mỡ còn bám. Khối lượng nội tạng/bì chín trong một phần. Khối lượng đạm được phân bổ lại theo ngân sách 160 g cho món có nhiều thành phần đạm.,2026-08-02
HN098,Cơm tấm,Món miền Nam,4,chả trứng,Chả trứng hấp/nướng,Vietnamese egg meatloaf,trứng/thịt chế biến,chín,dam_che_bien,có,thành phần được liệt kê,,có,40.9,190,77.7,954.1,8.1,ước tính biên tập; không phải công thức định lượng của từng quán,toàn bộ thành phần đặc trưng đã ghi trong CSV gốc; không phải công thức đầy đủ của mọi quán,Viện Dinh dưỡng Việt Nam / FAO (proxy),không gắn mã riêng; đối chiếu theo thực phẩm tương đương,NIN/FAO Energy kcal (trên 100 g phần ăn được),Vietnamese egg meatloaf,https://viendinhduong.vn/en/cong-cu-va-tien-ich/nutritional-value-of-food; https://www.fao.org/fileadmin/templates/food_composition/documents/pdf/VTN_FCT_2007.pdf,https://vietnam.travel/things-to-do/vietnam-foodie-guide-region,thap,thap,"Phụ thuộc tỷ lệ trứng, thịt và miến. Một phần chả/giò ăn kèm; giò sống được hiểu là khối lượng sau nấu gần tương đương. Khối lượng đạm được phân bổ lại theo ngân sách 160 g cho món có nhiều thành phần đạm.",2026-08-02
HN098,Cơm tấm,Món miền Nam,5,mỡ hành,Mỡ hành,Scallion oil,chất béo/nước sốt,hành chín trong dầu,chat_beo_topping,có,thành phần được liệt kê,,có,18,700,126,954.1,13.2,ước tính biên tập; không phải công thức định lượng của từng quán,toàn bộ thành phần đặc trưng đã ghi trong CSV gốc; không phải công thức đầy đủ của mọi quán,Viện Dinh dưỡng Việt Nam / FAO (proxy),không gắn mã riêng; đối chiếu theo thực phẩm tương đương,NIN/FAO Energy kcal (trên 100 g phần ăn được),Scallion oil,https://viendinhduong.vn/en/cong-cu-va-tien-ich/nutritional-value-of-food; https://www.fao.org/fileadmin/templates/food_composition/documents/pdf/VTN_FCT_2007.pdf,https://vietnam.travel/things-to-do/vietnam-foodie-guide-region,thap,thap,Ước tính hỗn hợp chủ yếu là dầu. Lượng mỡ/tóp mỡ ăn được trong một suất.,2026-08-02
HN099,Hủ tiếu bò kho,Món miền Nam,1,thịt bò,Thịt bò chín,"Beef, cooked",thịt,chín,dam_chinh,có,thành phần được liệt kê,,có,90,250,225,458.9,49,ước tính biên tập; không phải công thức định lượng của từng quán,toàn bộ thành phần đặc trưng đã ghi trong CSV gốc; không phải công thức đầy đủ của mọi quán,Viện Dinh dưỡng Việt Nam / FAO (proxy),không gắn mã riêng; đối chiếu theo thực phẩm tương đương,NIN/FAO Energy kcal (trên 100 g phần ăn được),"Beef, cooked",https://viendinhduong.vn/en/cong-cu-va-tien-ich/nutritional-value-of-food; https://www.fao.org/fileadmin/templates/food_composition/documents/pdf/VTN_FCT_2007.pdf,https://vietnam.travel/things-to-do/vietnam-foodie-guide-region,trung_binh,thap,Giá trị đại diện phần cắt nạc-mỡ vừa. Khối lượng thịt bò chín/nhúng trong một suất.,2026-08-02
HN099,Hủ tiếu bò kho,Món miền Nam,2,cà rốt,Cà rốt,"Carrot, raw",rau củ,tươi,rau_cu,có,thành phần được liệt kê,,có,60,41,24.6,458.9,5.4,ước tính biên tập; không phải công thức định lượng của từng quán,toàn bộ thành phần đặc trưng đã ghi trong CSV gốc; không phải công thức đầy đủ của mọi quán,USDA SR28 / FoodData Central (proxy),không gắn mã riêng; đối chiếu theo thực phẩm tương đương,USDA SR28 Energ_Kcal (trên 100 g phần ăn được),"Carrot, raw",https://catalog.data.gov/dataset/composition-of-foods-raw-processed-prepared-usda-national-nutrient-database-for-standar-28,https://vietnam.travel/things-to-do/vietnam-foodie-guide-region,cao,thap,Phần củ ăn được. Khối lượng rau/củ chín hoặc sơ chế trong một suất.,2026-08-02
HN099,Hủ tiếu bò kho,Món miền Nam,3,sả,Sả tươi,"Lemongrass, raw",gia vị,tươi,gia_vi_tuoi,có,thành phần được liệt kê,,có,8,99,7.9,458.9,1.7,ước tính biên tập; không phải công thức định lượng của từng quán,toàn bộ thành phần đặc trưng đã ghi trong CSV gốc; không phải công thức đầy đủ của mọi quán,USDA SR28 / FoodData Central (proxy),không gắn mã riêng; đối chiếu theo thực phẩm tương đương,USDA SR28 Energ_Kcal (trên 100 g phần ăn được),"Lemongrass, raw",https://catalog.data.gov/dataset/composition-of-foods-raw-processed-prepared-usda-national-nutrient-database-for-standar-28,https://vietnam.travel/things-to-do/vietnam-foodie-guide-region,cao,thap,Phần thân ăn được. Lượng gia vị tươi ước/nấu trong một suất; không nhất thiết ăn hết phần xác.,2026-08-02
HN099,Hủ tiếu bò kho,Món miền Nam,4,hồi,Hoa hồi khô,"Star anise, dried",gia vị,khô,gia_vi_kho_manh,có,thành phần được liệt kê,,có,1,337,3.4,458.9,0.7,ước tính biên tập; không phải công thức định lượng của từng quán,toàn bộ thành phần đặc trưng đã ghi trong CSV gốc; không phải công thức đầy đủ của mọi quán,USDA SR28 / FoodData Central (proxy),không gắn mã riêng; đối chiếu theo thực phẩm tương đương,USDA SR28 Energ_Kcal (trên 100 g phần ăn được),"Star anise, dried",https://catalog.data.gov/dataset/composition-of-foods-raw-processed-prepared-usda-national-nutrient-database-for-standar-28,https://vietnam.travel/things-to-do/vietnam-foodie-guide-region,trung_binh,thap,Thường chỉ ngâm nấu rồi bỏ; lượng dùng nhỏ. Lượng gia vị khô quy đổi; nhiều loại chỉ chiết hương và không ăn phần xác.,2026-08-02
HN099,Hủ tiếu bò kho,Món miền Nam,5,hủ tiếu/bánh mì,Hủ tiếu chín,"Rice noodles, cooked",mì/bún,"chín, ngậm nước",tinh_bot_chinh_da_chin,có,lựa chọn mặc định,HN099-05,có,180,110,198,458.9,43.1,ước tính biên tập; không phải công thức định lượng của từng quán,toàn bộ thành phần đặc trưng đã ghi trong CSV gốc; không phải công thức đầy đủ của mọi quán,Viện Dinh dưỡng Việt Nam / FAO (proxy),không gắn mã riêng; đối chiếu theo thực phẩm tương đương,NIN/FAO Energy kcal (trên 100 g phần ăn được),"Rice noodles, cooked",https://viendinhduong.vn/en/cong-cu-va-tien-ich/nutritional-value-of-food; https://www.fao.org/fileadmin/templates/food_composition/documents/pdf/VTN_FCT_2007.pdf,https://vietnam.travel/things-to-do/vietnam-foodie-guide-region,trung_binh,thap,Sợi hủ tiếu gạo không sốt. Khối lượng sợi/bánh đã nấu chín cho một suất; nếu tra bảng dạng khô phải quy đổi lại. Các lựa chọn cùng nhóm không dùng để cộng đồng thời.,2026-08-02
HN099,Hủ tiếu bò kho,Món miền Nam,6,hủ tiếu/bánh mì,Bánh mì trắng,White bread,bánh mì,nướng chín,tinh_bot_chinh_da_chin,có,lựa chọn thay thế,HN099-05,không,180,266,478.8,458.9,0,ước tính biên tập; không phải công thức định lượng của từng quán,toàn bộ thành phần đặc trưng đã ghi trong CSV gốc; không phải công thức đầy đủ của mọi quán,Viện Dinh dưỡng Việt Nam / FAO (proxy),không gắn mã riêng; đối chiếu theo thực phẩm tương đương,NIN/FAO Energy kcal (trên 100 g phần ăn được),White bread,https://viendinhduong.vn/en/cong-cu-va-tien-ich/nutritional-value-of-food; https://www.fao.org/fileadmin/templates/food_composition/documents/pdf/VTN_FCT_2007.pdf,https://vietnam.travel/things-to-do/vietnam-foodie-guide-region,cao,thap,Bánh mì trắng thông dụng. Khối lượng sợi/bánh đã nấu chín cho một suất; nếu tra bảng dạng khô phải quy đổi lại. Các lựa chọn cùng nhóm không dùng để cộng đồng thời.,2026-08-02
HN100,Hủ tiếu Nam Vang,Món miền Nam,1,hủ tiếu,Hủ tiếu chín,"Rice noodles, cooked",mì/bún,"chín, ngậm nước",tinh_bot_chinh_da_chin,có,thành phần được liệt kê,,có,180,110,198,487.6,40.6,ước tính biên tập; không phải công thức định lượng của từng quán,toàn bộ thành phần đặc trưng đã ghi trong CSV gốc; không phải công thức đầy đủ của mọi quán,Viện Dinh dưỡng Việt Nam / FAO (proxy),không gắn mã riêng; đối chiếu theo thực phẩm tương đương,NIN/FAO Energy kcal (trên 100 g phần ăn được),"Rice noodles, cooked",https://viendinhduong.vn/en/cong-cu-va-tien-ich/nutritional-value-of-food; https://www.fao.org/fileadmin/templates/food_composition/documents/pdf/VTN_FCT_2007.pdf,https://vietnam.travel/things-to-do/vietnam-foodie-guide-region,trung_binh,thap,Sợi hủ tiếu gạo không sốt. Khối lượng sợi/bánh đã nấu chín cho một suất; nếu tra bảng dạng khô phải quy đổi lại.,2026-08-02
HN100,Hủ tiếu Nam Vang,Món miền Nam,2,thịt lợn,"Thịt lợn chín, nạc mỡ vừa","Pork, cooked, lean and fat",thịt,chín,dam_chinh,có,thành phần được liệt kê,,có,66.7,242,161.4,487.6,33.1,ước tính biên tập; không phải công thức định lượng của từng quán,toàn bộ thành phần đặc trưng đã ghi trong CSV gốc; không phải công thức đầy đủ của mọi quán,Viện Dinh dưỡng Việt Nam / FAO (proxy),không gắn mã riêng; đối chiếu theo thực phẩm tương đương,NIN/FAO Energy kcal (trên 100 g phần ăn được),"Pork, cooked, lean and fat",https://viendinhduong.vn/en/cong-cu-va-tien-ich/nutritional-value-of-food; https://www.fao.org/fileadmin/templates/food_composition/documents/pdf/VTN_FCT_2007.pdf,https://vietnam.travel/things-to-do/vietnam-foodie-guide-region,trung_binh,thap,Giá trị đại diện nhiều phần cắt. Khối lượng thịt lợn thành phẩm trong một suất. Khối lượng đạm được phân bổ lại theo ngân sách 160 g cho món có nhiều thành phần đạm.,2026-08-02
HN100,Hủ tiếu Nam Vang,Món miền Nam,3,tôm,Tôm chín,"Shrimp, cooked",hải sản,"chín, phần ăn được",dam_hai_san_hoac_hon_hop,có,thành phần được liệt kê,,có,70.8,99,70.1,487.6,14.4,ước tính biên tập; không phải công thức định lượng của từng quán,toàn bộ thành phần đặc trưng đã ghi trong CSV gốc; không phải công thức đầy đủ của mọi quán,USDA SR28 / FoodData Central (proxy),không gắn mã riêng; đối chiếu theo thực phẩm tương đương,USDA SR28 Energ_Kcal (trên 100 g phần ăn được),"Shrimp, cooked",https://catalog.data.gov/dataset/composition-of-foods-raw-processed-prepared-usda-national-nutrient-database-for-standar-28,https://vietnam.travel/things-to-do/vietnam-foodie-guide-region,cao,thap,"Không tính vỏ và đầu bỏ đi. Khối lượng phần ăn được, bỏ vỏ/xương; chuỗi có dấu gạch chéo là một lựa chọn/hỗn hợp. Khối lượng đạm được phân bổ lại theo ngân sách 160 g cho món có nhiều thành phần đạm.",2026-08-02
HN100,Hủ tiếu Nam Vang,Món miền Nam,4,trứng cút,Trứng cút nguyên quả,"Quail egg, whole",trứng,chín hoặc sống nguyên quả,dam_phu,có,thành phần được liệt kê,,có,22.5,158,35.6,487.6,7.3,ước tính biên tập; không phải công thức định lượng của từng quán,toàn bộ thành phần đặc trưng đã ghi trong CSV gốc; không phải công thức đầy đủ của mọi quán,USDA SR28 / FoodData Central (proxy),USDA SR28 NDB_No 01140,USDA SR28 Energ_Kcal (trên 100 g phần ăn được),"EGG,QUAIL,WHOLE,FRESH,RAW",https://catalog.data.gov/dataset/composition-of-foods-raw-processed-prepared-usda-national-nutrient-database-for-standar-28,https://vietnam.travel/things-to-do/vietnam-foodie-guide-region,cao,thap,"Giá trị nguyên quả phần ăn được. Khoảng ba quả trứng cút, bỏ vỏ. Khớp gần với bản ghi USDA SR28; điểm khớp 100%. Khối lượng đạm được phân bổ lại theo ngân sách 160 g cho món có nhiều thành phần đạm.",2026-08-02
HN100,Hủ tiếu Nam Vang,Món miền Nam,5,giá,Giá đỗ xanh,"Mung bean sprouts, raw",rau mầm,"tươi, sống",rau_chinh_hoac_an_kem,có,thành phần được liệt kê,,có,60,30,18,487.6,3.7,ước tính biên tập; không phải công thức định lượng của từng quán,toàn bộ thành phần đặc trưng đã ghi trong CSV gốc; không phải công thức đầy đủ của mọi quán,USDA SR28 / FoodData Central (proxy),không gắn mã riêng; đối chiếu theo thực phẩm tương đương,USDA SR28 Energ_Kcal (trên 100 g phần ăn được),"Mung bean sprouts, raw",https://catalog.data.gov/dataset/composition-of-foods-raw-processed-prepared-usda-national-nutrient-database-for-standar-28,https://vietnam.travel/things-to-do/vietnam-foodie-guide-region,cao,thap,Giá đỗ xanh tươi. Khối lượng rau ăn được trong một suất.,2026-08-02
HN100,Hủ tiếu Nam Vang,Món miền Nam,6,hẹ,Hẹ tươi,"Garlic chives, raw",rau thơm,tươi,rau_thom,có,thành phần được liệt kê,,có,15,30,4.5,487.6,0.9,ước tính biên tập; không phải công thức định lượng của từng quán,toàn bộ thành phần đặc trưng đã ghi trong CSV gốc; không phải công thức đầy đủ của mọi quán,USDA SR28 / FoodData Central (proxy),không gắn mã riêng; đối chiếu theo thực phẩm tương đương,USDA SR28 Energ_Kcal (trên 100 g phần ăn được),"Garlic chives, raw",https://catalog.data.gov/dataset/composition-of-foods-raw-processed-prepared-usda-national-nutrient-database-for-standar-28,https://vietnam.travel/things-to-do/vietnam-foodie-guide-region,cao,thap,Lá hẹ ăn được. Một nhúm rau thơm/lá gia vị ăn được trong một suất.,2026-08-02
HN101,Bánh canh cá lóc,Món miền Trung,1,bánh canh,Sợi bánh canh chín,"Thick rice/tapioca noodles, cooked",mì/bún,"chín, ngậm nước",tinh_bot_chinh_da_chin,có,thành phần được liệt kê,,có,180,120,216,326.4,66.2,ước tính biên tập; không phải công thức định lượng của từng quán,toàn bộ thành phần đặc trưng đã ghi trong CSV gốc; không phải công thức đầy đủ của mọi quán,Viện Dinh dưỡng Việt Nam / FAO (proxy),không gắn mã riêng; đối chiếu theo thực phẩm tương đương,NIN/FAO Energy kcal (trên 100 g phần ăn được),"Thick rice/tapioca noodles, cooked",https://viendinhduong.vn/en/cong-cu-va-tien-ich/nutritional-value-of-food; https://www.fao.org/fileadmin/templates/food_composition/documents/pdf/VTN_FCT_2007.pdf,https://vietnam.travel/things-to-do/vietnam-foodie-guide-region,thap,thap,Tỷ lệ bột gạo và bột năng thay đổi. Khối lượng sợi/bánh đã nấu chín cho một suất; nếu tra bảng dạng khô phải quy đổi lại.,2026-08-02
HN101,Bánh canh cá lóc,Món miền Trung,2,cá lóc,Cá lóc chín,"Snakehead fish, cooked",cá,"chín, phần thịt",dam_chinh_thuy_san,có,thành phần được liệt kê,,có,100,97,97,326.4,29.7,ước tính biên tập; không phải công thức định lượng của từng quán,toàn bộ thành phần đặc trưng đã ghi trong CSV gốc; không phải công thức đầy đủ của mọi quán,Viện Dinh dưỡng Việt Nam / FAO (proxy),không gắn mã riêng; đối chiếu theo thực phẩm tương đương,NIN/FAO Energy kcal (trên 100 g phần ăn được),"Snakehead fish, cooked",https://viendinhduong.vn/en/cong-cu-va-tien-ich/nutritional-value-of-food; https://www.fao.org/fileadmin/templates/food_composition/documents/pdf/VTN_FCT_2007.pdf,https://vietnam.travel/things-to-do/vietnam-foodie-guide-region,trung_binh,thap,Không tính xương và dầu thêm. Khối lượng phần thịt ăn được sau khi bỏ xương/da không ăn.,2026-08-02
HN101,Bánh canh cá lóc,Món miền Trung,3,hành,Hành lá,"Spring onion, raw",rau thơm,tươi,rau_thom_tao_nen,có,thành phần được liệt kê,,có,20,32,6.4,326.4,2,ước tính biên tập; không phải công thức định lượng của từng quán,toàn bộ thành phần đặc trưng đã ghi trong CSV gốc; không phải công thức đầy đủ của mọi quán,Viện Dinh dưỡng Việt Nam / FAO (proxy),không gắn mã riêng; đối chiếu theo thực phẩm tương đương,NIN/FAO Energy kcal (trên 100 g phần ăn được),"Spring onion, raw",https://viendinhduong.vn/en/cong-cu-va-tien-ich/nutritional-value-of-food; https://www.fao.org/fileadmin/templates/food_composition/documents/pdf/VTN_FCT_2007.pdf,https://vietnam.travel/things-to-do/vietnam-foodie-guide-region,trung_binh,thap,"Giả định hành lá, không phải hành củ. Lượng hành trong một suất; nếu chỉ rắc mặt có thể giảm còn 5–10 g theo thứ tự thành phần.",2026-08-02
HN101,Bánh canh cá lóc,Món miền Trung,4,rau răm,Rau răm,Vietnamese coriander,rau thơm,"tươi, sống",rau_thom,có,thành phần được liệt kê,,có,15,30,4.5,326.4,1.4,ước tính biên tập; không phải công thức định lượng của từng quán,toàn bộ thành phần đặc trưng đã ghi trong CSV gốc; không phải công thức đầy đủ của mọi quán,Viện Dinh dưỡng Việt Nam / FAO (proxy),không gắn mã riêng; đối chiếu theo thực phẩm tương đương,NIN/FAO Energy kcal (trên 100 g phần ăn được),Vietnamese coriander,https://viendinhduong.vn/en/cong-cu-va-tien-ich/nutritional-value-of-food; https://www.fao.org/fileadmin/templates/food_composition/documents/pdf/VTN_FCT_2007.pdf,https://vietnam.travel/things-to-do/vietnam-foodie-guide-region,trung_binh,thap,Ước tính theo rau thơm tươi. Một nhúm rau thơm/lá gia vị ăn được trong một suất.,2026-08-02
HN101,Bánh canh cá lóc,Món miền Trung,5,tiêu,Hạt tiêu đen xay,"Black pepper, ground",gia vị,"khô, xay",gia_vi_kho_manh,có,thành phần được liệt kê,,có,1,251,2.5,326.4,0.8,ước tính biên tập; không phải công thức định lượng của từng quán,toàn bộ thành phần đặc trưng đã ghi trong CSV gốc; không phải công thức đầy đủ của mọi quán,USDA SR28 / FoodData Central (proxy),không gắn mã riêng; đối chiếu theo thực phẩm tương đương,USDA SR28 Energ_Kcal (trên 100 g phần ăn được),"Black pepper, ground",https://catalog.data.gov/dataset/composition-of-foods-raw-processed-prepared-usda-national-nutrient-database-for-standar-28,https://vietnam.travel/things-to-do/vietnam-foodie-guide-region,cao,thap,Lượng dùng mỗi suất rất nhỏ. Lượng gia vị khô quy đổi; nhiều loại chỉ chiết hương và không ăn phần xác.,2026-08-02
HN102,Bún bò Huế,Món miền Trung,1,bún bò,Phần bún trong món bún bò,Cooked rice noodles for bún bò,mì/bún,"chín, ngậm nước",tinh_bot_chinh_da_chin,có,thành phần được liệt kê,,có,180,110,198,666,29.7,ước tính biên tập; không phải công thức định lượng của từng quán,toàn bộ thành phần đặc trưng đã ghi trong CSV gốc; không phải công thức đầy đủ của mọi quán,Viện Dinh dưỡng Việt Nam / FAO (proxy),không gắn mã riêng; đối chiếu theo thực phẩm tương đương,NIN/FAO Energy kcal (trên 100 g phần ăn được),Cooked rice noodles for bún bò,https://viendinhduong.vn/en/cong-cu-va-tien-ich/nutritional-value-of-food; https://www.fao.org/fileadmin/templates/food_composition/documents/pdf/VTN_FCT_2007.pdf,https://www.vietnam.travel/things-to-do/how-eat-local-hue,thap,thap,"Diễn giải là sợi bún, không phải toàn món bún bò. Khối lượng sợi/bánh đã nấu chín cho một suất; nếu tra bảng dạng khô phải quy đổi lại.",2026-08-02
HN102,Bún bò Huế,Món miền Trung,2,thịt bò,Thịt bò chín,"Beef, cooked",thịt,chín,dam_chinh,có,thành phần được liệt kê,,có,75.8,250,189.5,666,28.5,ước tính biên tập; không phải công thức định lượng của từng quán,toàn bộ thành phần đặc trưng đã ghi trong CSV gốc; không phải công thức đầy đủ của mọi quán,Viện Dinh dưỡng Việt Nam / FAO (proxy),không gắn mã riêng; đối chiếu theo thực phẩm tương đương,NIN/FAO Energy kcal (trên 100 g phần ăn được),"Beef, cooked",https://viendinhduong.vn/en/cong-cu-va-tien-ich/nutritional-value-of-food; https://www.fao.org/fileadmin/templates/food_composition/documents/pdf/VTN_FCT_2007.pdf,https://www.vietnam.travel/things-to-do/how-eat-local-hue,trung_binh,thap,Giá trị đại diện phần cắt nạc-mỡ vừa. Khối lượng thịt bò chín/nhúng trong một suất. Khối lượng đạm được phân bổ lại theo ngân sách 160 g cho món có nhiều thành phần đạm.,2026-08-02
HN102,Bún bò Huế,Món miền Trung,3,giò heo,Giò heo chín,"Pork hock, cooked, edible portion",thịt,"chín, phần ăn được",dam_chinh_co_xuong,có,thành phần được liệt kê,,có,84.2,300,252.6,666,37.9,ước tính biên tập; không phải công thức định lượng của từng quán,toàn bộ thành phần đặc trưng đã ghi trong CSV gốc; không phải công thức đầy đủ của mọi quán,Viện Dinh dưỡng Việt Nam / FAO (proxy),không gắn mã riêng; đối chiếu theo thực phẩm tương đương,NIN/FAO Energy kcal (trên 100 g phần ăn được),"Pork hock, cooked, edible portion",https://viendinhduong.vn/en/cong-cu-va-tien-ich/nutritional-value-of-food; https://www.fao.org/fileadmin/templates/food_composition/documents/pdf/VTN_FCT_2007.pdf,https://www.vietnam.travel/things-to-do/how-eat-local-hue,trung_binh,thap,Không tính xương; da/mỡ làm tăng kcal. Khối lượng phần thịt/da ăn được sau khi bỏ xương. Khối lượng đạm được phân bổ lại theo ngân sách 160 g cho món có nhiều thành phần đạm.,2026-08-02
HN102,Bún bò Huế,Món miền Trung,4,sả,Sả tươi,"Lemongrass, raw",gia vị,tươi,gia_vi_tuoi,có,thành phần được liệt kê,,có,8,99,7.9,666,1.2,ước tính biên tập; không phải công thức định lượng của từng quán,toàn bộ thành phần đặc trưng đã ghi trong CSV gốc; không phải công thức đầy đủ của mọi quán,USDA SR28 / FoodData Central (proxy),không gắn mã riêng; đối chiếu theo thực phẩm tương đương,USDA SR28 Energ_Kcal (trên 100 g phần ăn được),"Lemongrass, raw",https://catalog.data.gov/dataset/composition-of-foods-raw-processed-prepared-usda-national-nutrient-database-for-standar-28,https://www.vietnam.travel/things-to-do/how-eat-local-hue,cao,thap,Phần thân ăn được. Lượng gia vị tươi ước/nấu trong một suất; không nhất thiết ăn hết phần xác.,2026-08-02
HN102,Bún bò Huế,Món miền Trung,5,mắm ruốc,Mắm ruốc,Fermented shrimp paste,gia vị/nước chấm,lên men,mam_dac,có,thành phần được liệt kê,,có,18,100,18,666,2.7,ước tính biên tập; không phải công thức định lượng của từng quán,toàn bộ thành phần đặc trưng đã ghi trong CSV gốc; không phải công thức đầy đủ của mọi quán,Viện Dinh dưỡng Việt Nam / FAO (proxy),không gắn mã riêng; đối chiếu theo thực phẩm tương đương,NIN/FAO Energy kcal (trên 100 g phần ăn được),Fermented shrimp paste,https://viendinhduong.vn/en/cong-cu-va-tien-ich/nutritional-value-of-food; https://www.fao.org/fileadmin/templates/food_composition/documents/pdf/VTN_FCT_2007.pdf,https://www.vietnam.travel/things-to-do/how-eat-local-hue,trung_binh,thap,Biến thiên theo độ cô đặc. Lượng mắm đặc thực ăn/nấu trong một phần.,2026-08-02
HN103,Cao lầu,Món miền Trung,1,sợi cao lầu,Sợi cao lầu chín,"Cao lầu noodles, cooked",mì/bún,"chín, ngậm nước",tinh_bot_chinh_da_chin,có,thành phần được liệt kê,,có,180,140,252,597,42.2,ước tính biên tập; không phải công thức định lượng của từng quán,toàn bộ thành phần đặc trưng đã ghi trong CSV gốc; không phải công thức đầy đủ của mọi quán,Viện Dinh dưỡng Việt Nam / FAO (proxy),không gắn mã riêng; đối chiếu theo thực phẩm tương đương,NIN/FAO Energy kcal (trên 100 g phần ăn được),"Cao lầu noodles, cooked",https://viendinhduong.vn/en/cong-cu-va-tien-ich/nutritional-value-of-food; https://www.fao.org/fileadmin/templates/food_composition/documents/pdf/VTN_FCT_2007.pdf,https://vietnam.travel/things-to-do/vietnam-foodie-guide-region,thap,thap,Proxy từ mì gạo/lúa mì chín. Khối lượng sợi/bánh đã nấu chín cho một suất; nếu tra bảng dạng khô phải quy đổi lại.,2026-08-02
HN103,Cao lầu,Món miền Trung,2,thịt xá xíu,Thịt lợn xá xíu,Char siu pork,thịt chế biến,nướng chín,dam_chinh,có,thành phần được liệt kê,,có,80,280,224,597,37.5,ước tính biên tập; không phải công thức định lượng của từng quán,toàn bộ thành phần đặc trưng đã ghi trong CSV gốc; không phải công thức đầy đủ của mọi quán,USDA SR28 / FoodData Central (proxy),không gắn mã riêng; đối chiếu theo thực phẩm tương đương,USDA SR28 Energ_Kcal (trên 100 g phần ăn được),Char siu pork,https://catalog.data.gov/dataset/composition-of-foods-raw-processed-prepared-usda-national-nutrient-database-for-standar-28,https://vietnam.travel/things-to-do/vietnam-foodie-guide-region,thap,thap,"Phụ thuộc phần cắt, đường và sốt ướp. Khối lượng thịt lợn thành phẩm trong một suất.",2026-08-02
HN103,Cao lầu,Món miền Trung,3,rau,Rau hỗn hợp,Mixed vegetables,rau củ,tươi hoặc chín nhẹ,rau_an_kem,có,thành phần được liệt kê,,có,70,30,21,597,3.5,ước tính biên tập; không phải công thức định lượng của từng quán,toàn bộ thành phần đặc trưng đã ghi trong CSV gốc; không phải công thức đầy đủ của mọi quán,Viện Dinh dưỡng Việt Nam / FAO (proxy),không gắn mã riêng; đối chiếu theo thực phẩm tương đương,NIN/FAO Energy kcal (trên 100 g phần ăn được),Mixed vegetables,https://viendinhduong.vn/en/cong-cu-va-tien-ich/nutritional-value-of-food; https://www.fao.org/fileadmin/templates/food_composition/documents/pdf/VTN_FCT_2007.pdf,https://vietnam.travel/things-to-do/vietnam-foodie-guide-region,thap,thap,Tên chung; dùng trung bình rau ít tinh bột. Một nắm/đĩa rau ăn kèm cho một người; nếu là nguyên liệu đầu tiên của salad/nộm có thể nâng lên 120–150 g.,2026-08-02
HN103,Cao lầu,Món miền Trung,4,tóp mì,Tóp mì chiên giòn,Fried noodle crumbs,mì chiên,chiên giòn,tinh_bot_gion_an_kem,có,thành phần được liệt kê,,có,20,500,100,597,16.8,ước tính biên tập; không phải công thức định lượng của từng quán,toàn bộ thành phần đặc trưng đã ghi trong CSV gốc; không phải công thức đầy đủ của mọi quán,Viện Dinh dưỡng Việt Nam / FAO (proxy),không gắn mã riêng; đối chiếu theo thực phẩm tương đương,NIN/FAO Energy kcal (trên 100 g phần ăn được),Fried noodle crumbs,https://viendinhduong.vn/en/cong-cu-va-tien-ich/nutritional-value-of-food; https://www.fao.org/fileadmin/templates/food_composition/documents/pdf/VTN_FCT_2007.pdf,https://vietnam.travel/things-to-do/vietnam-foodie-guide-region,thap,thap,Proxy mì chiên; phụ thuộc lượng dầu. Phần topping tinh bột giòn trong một suất.,2026-08-02
HN104,Cơm gà Hội An,Món miền Trung,1,gạo,Gạo trắng,"White rice, dry",ngũ cốc,"khô, chưa nấu",tinh_bot_chinh_kho,có,thành phần được liệt kê,,có,75,360,270,575,47,ước tính biên tập; không phải công thức định lượng của từng quán,toàn bộ thành phần đặc trưng đã ghi trong CSV gốc; không phải công thức đầy đủ của mọi quán,Viện Dinh dưỡng Việt Nam / FAO (proxy),không gắn mã riêng; đối chiếu theo thực phẩm tương đương,NIN/FAO Energy kcal (trên 100 g phần ăn được),"White rice, dry",https://viendinhduong.vn/en/cong-cu-va-tien-ich/nutritional-value-of-food; https://www.fao.org/fileadmin/templates/food_composition/documents/pdf/VTN_FCT_2007.pdf,https://vietnam.travel/things-to-do/vietnam-foodie-guide-region,cao,thap,Gạo tẻ khô; khác cơm đã nấu. Gạo khô cho một phần; không dùng trị năng lượng cơm chín cho khối lượng này.,2026-08-02
HN104,Cơm gà Hội An,Món miền Trung,2,gà,Thịt gà chín,"Chicken meat, cooked",thịt gia cầm,"chín, thịt và da đại diện",dam_chinh,có,thành phần được liệt kê,,có,100,239,239,575,41.6,ước tính biên tập; không phải công thức định lượng của từng quán,toàn bộ thành phần đặc trưng đã ghi trong CSV gốc; không phải công thức đầy đủ của mọi quán,Viện Dinh dưỡng Việt Nam / FAO (proxy),không gắn mã riêng; đối chiếu theo thực phẩm tương đương,NIN/FAO Energy kcal (trên 100 g phần ăn được),"Chicken meat, cooked",https://viendinhduong.vn/en/cong-cu-va-tien-ich/nutritional-value-of-food; https://www.fao.org/fileadmin/templates/food_composition/documents/pdf/VTN_FCT_2007.pdf,https://vietnam.travel/things-to-do/vietnam-foodie-guide-region,trung_binh,thap,Biến thiên theo phần cắt và có da hay không. Khối lượng thịt chín ăn được trong một suất; gà tùy chọn chỉ tính khi thực sự thêm.,2026-08-02
HN104,Cơm gà Hội An,Món miền Trung,3,nghệ,Bột nghệ,"Turmeric, ground",gia vị,"khô, xay",gia_vi_tuoi,có,thành phần được liệt kê,,có,8,312,25,575,4.3,ước tính biên tập; không phải công thức định lượng của từng quán,toàn bộ thành phần đặc trưng đã ghi trong CSV gốc; không phải công thức đầy đủ của mọi quán,USDA SR28 / FoodData Central (proxy),USDA SR28 NDB_No 02043,USDA SR28 Energ_Kcal (trên 100 g phần ăn được),"TURMERIC,GROUND",https://catalog.data.gov/dataset/composition-of-foods-raw-processed-prepared-usda-national-nutrient-database-for-standar-28,https://vietnam.travel/things-to-do/vietnam-foodie-guide-region,cao,thap,Giả định dạng bột; nghệ tươi có kcal thấp hơn. Lượng gia vị tươi ước/nấu trong một suất; không nhất thiết ăn hết phần xác. Khớp gần với bản ghi USDA SR28; điểm khớp 100%.,2026-08-02
HN104,Cơm gà Hội An,Món miền Trung,4,rau răm,Rau răm,Vietnamese coriander,rau thơm,"tươi, sống",rau_thom,có,thành phần được liệt kê,,có,15,30,4.5,575,0.8,ước tính biên tập; không phải công thức định lượng của từng quán,toàn bộ thành phần đặc trưng đã ghi trong CSV gốc; không phải công thức đầy đủ của mọi quán,Viện Dinh dưỡng Việt Nam / FAO (proxy),không gắn mã riêng; đối chiếu theo thực phẩm tương đương,NIN/FAO Energy kcal (trên 100 g phần ăn được),Vietnamese coriander,https://viendinhduong.vn/en/cong-cu-va-tien-ich/nutritional-value-of-food; https://www.fao.org/fileadmin/templates/food_composition/documents/pdf/VTN_FCT_2007.pdf,https://vietnam.travel/things-to-do/vietnam-foodie-guide-region,trung_binh,thap,Ước tính theo rau thơm tươi. Một nhúm rau thơm/lá gia vị ăn được trong một suất.,2026-08-02
HN104,Cơm gà Hội An,Món miền Trung,5,hành,Hành lá,"Spring onion, raw",rau thơm,tươi,rau_thom_tao_nen,có,thành phần được liệt kê,,có,20,32,6.4,575,1.1,ước tính biên tập; không phải công thức định lượng của từng quán,toàn bộ thành phần đặc trưng đã ghi trong CSV gốc; không phải công thức đầy đủ của mọi quán,Viện Dinh dưỡng Việt Nam / FAO (proxy),không gắn mã riêng; đối chiếu theo thực phẩm tương đương,NIN/FAO Energy kcal (trên 100 g phần ăn được),"Spring onion, raw",https://viendinhduong.vn/en/cong-cu-va-tien-ich/nutritional-value-of-food; https://www.fao.org/fileadmin/templates/food_composition/documents/pdf/VTN_FCT_2007.pdf,https://vietnam.travel/things-to-do/vietnam-foodie-guide-region,trung_binh,thap,"Giả định hành lá, không phải hành củ. Lượng hành trong một suất; nếu chỉ rắc mặt có thể giảm còn 5–10 g theo thứ tự thành phần.",2026-08-02
HN104,Cơm gà Hội An,Món miền Trung,6,đu đủ,Đu đủ chín,"Papaya, ripe, raw",trái cây,"tươi, chín",rau_cu_an_kem,có,thành phần được liệt kê,,có,70,43,30.1,575,5.2,ước tính biên tập; không phải công thức định lượng của từng quán,toàn bộ thành phần đặc trưng đã ghi trong CSV gốc; không phải công thức đầy đủ của mọi quán,USDA SR28 / FoodData Central (proxy),không gắn mã riêng; đối chiếu theo thực phẩm tương đương,USDA SR28 Energ_Kcal (trên 100 g phần ăn được),"Papaya, ripe, raw",https://catalog.data.gov/dataset/composition-of-foods-raw-processed-prepared-usda-national-nutrient-database-for-standar-28,https://vietnam.travel/things-to-do/vietnam-foodie-guide-region,cao,thap,Đu đủ chín phần ăn được. Khối lượng rau/củ ăn kèm hoặc làm nộm trong một phần.,2026-08-02
HN105,Mì Quảng,Món miền Trung,1,mì Quảng,Sợi mì Quảng chín,"Quảng-style rice noodles, cooked",mì/bún,"chín, ngậm nước",tinh_bot_chinh_da_chin,có,thành phần được liệt kê,,có,180,140,252,759.8,33.2,ước tính biên tập; không phải công thức định lượng của từng quán,toàn bộ thành phần đặc trưng đã ghi trong CSV gốc; không phải công thức đầy đủ của mọi quán,Viện Dinh dưỡng Việt Nam / FAO (proxy),không gắn mã riêng; đối chiếu theo thực phẩm tương đương,NIN/FAO Energy kcal (trên 100 g phần ăn được),"Quảng-style rice noodles, cooked",https://viendinhduong.vn/en/cong-cu-va-tien-ich/nutritional-value-of-food; https://www.fao.org/fileadmin/templates/food_composition/documents/pdf/VTN_FCT_2007.pdf,https://vietnam.travel/things-to-do/vietnam-foodie-guide-region,trung_binh,thap,Không tính dầu nghệ và topping. Khối lượng sợi/bánh đã nấu chín cho một suất; nếu tra bảng dạng khô phải quy đổi lại.,2026-08-02
HN105,Mì Quảng,Món miền Trung,2,tôm,Tôm chín,"Shrimp, cooked",hải sản,"chín, phần ăn được",dam_hai_san_hoac_hon_hop,có,thành phần được liệt kê,,có,77.7,99,76.9,759.8,10.1,ước tính biên tập; không phải công thức định lượng của từng quán,toàn bộ thành phần đặc trưng đã ghi trong CSV gốc; không phải công thức đầy đủ của mọi quán,USDA SR28 / FoodData Central (proxy),không gắn mã riêng; đối chiếu theo thực phẩm tương đương,USDA SR28 Energ_Kcal (trên 100 g phần ăn được),"Shrimp, cooked",https://catalog.data.gov/dataset/composition-of-foods-raw-processed-prepared-usda-national-nutrient-database-for-standar-28,https://vietnam.travel/things-to-do/vietnam-foodie-guide-region,cao,thap,"Không tính vỏ và đầu bỏ đi. Khối lượng phần ăn được, bỏ vỏ/xương; chuỗi có dấu gạch chéo là một lựa chọn/hỗn hợp. Khối lượng đạm được phân bổ lại theo ngân sách 160 g cho món có nhiều thành phần đạm.",2026-08-02
HN105,Mì Quảng,Món miền Trung,3,thịt/gà,Thịt chín tổng hợp,"Cooked meat, generic",thịt,chín,dam_chinh_lua_chon,có,lựa chọn mặc định,HN105-03,có,82.3,250,205.8,759.8,27.1,ước tính biên tập; không phải công thức định lượng của từng quán,toàn bộ thành phần đặc trưng đã ghi trong CSV gốc; không phải công thức đầy đủ của mọi quán,Viện Dinh dưỡng Việt Nam / FAO (proxy),không gắn mã riêng; đối chiếu theo thực phẩm tương đương,NIN/FAO Energy kcal (trên 100 g phần ăn được),"Cooked meat, generic",https://viendinhduong.vn/en/cong-cu-va-tien-ich/nutritional-value-of-food; https://www.fao.org/fileadmin/templates/food_composition/documents/pdf/VTN_FCT_2007.pdf,https://vietnam.travel/things-to-do/vietnam-foodie-guide-region,thap,thap,Tên chung; giá trị trung bình thịt nạc-mỡ vừa. Một lựa chọn đạm chính; không cộng đồng thời tất cả loại ngăn bằng dấu gạch chéo. Các lựa chọn cùng nhóm không dùng để cộng đồng thời. Khối lượng đạm được phân bổ lại theo ngân sách 160 g cho món có nhiều thành phần đạm.,2026-08-02
HN105,Mì Quảng,Món miền Trung,4,thịt/gà,Thịt gà chín,"Chicken meat, cooked",thịt gia cầm,"chín, thịt và da đại diện",dam_chinh_lua_chon,có,lựa chọn thay thế,HN105-03,không,82.3,239,196.7,759.8,0,ước tính biên tập; không phải công thức định lượng của từng quán,toàn bộ thành phần đặc trưng đã ghi trong CSV gốc; không phải công thức đầy đủ của mọi quán,Viện Dinh dưỡng Việt Nam / FAO (proxy),không gắn mã riêng; đối chiếu theo thực phẩm tương đương,NIN/FAO Energy kcal (trên 100 g phần ăn được),"Chicken meat, cooked",https://viendinhduong.vn/en/cong-cu-va-tien-ich/nutritional-value-of-food; https://www.fao.org/fileadmin/templates/food_composition/documents/pdf/VTN_FCT_2007.pdf,https://vietnam.travel/things-to-do/vietnam-foodie-guide-region,trung_binh,thap,Biến thiên theo phần cắt và có da hay không. Một lựa chọn đạm chính; không cộng đồng thời tất cả loại ngăn bằng dấu gạch chéo. Các lựa chọn cùng nhóm không dùng để cộng đồng thời. Khối lượng đạm được phân bổ lại theo ngân sách 160 g cho món có nhiều thành phần đạm.,2026-08-02
HN105,Mì Quảng,Món miền Trung,5,lạc,Lạc nhân,Peanuts,hạt/đậu,khô hoặc rang,hat_beo_topping,có,thành phần được liệt kê,,có,15,567,85.1,759.8,11.2,ước tính biên tập; không phải công thức định lượng của từng quán,toàn bộ thành phần đặc trưng đã ghi trong CSV gốc; không phải công thức đầy đủ của mọi quán,Viện Dinh dưỡng Việt Nam / FAO (proxy),không gắn mã riêng; đối chiếu theo thực phẩm tương đương,NIN/FAO Energy kcal (trên 100 g phần ăn được),Peanuts,https://viendinhduong.vn/en/cong-cu-va-tien-ich/nutritional-value-of-food; https://www.fao.org/fileadmin/templates/food_composition/documents/pdf/VTN_FCT_2007.pdf,https://vietnam.travel/things-to-do/vietnam-foodie-guide-region,cao,thap,"Nhân lạc ăn được, không vỏ. Một nhúm hạt/lạc/vừng làm topping.",2026-08-02
HN105,Mì Quảng,Món miền Trung,6,bánh tráng,Bánh tráng gạo khô,"Rice paper, dry",bánh/bột gạo,khô,vo_banh_tinh_bot,có,thành phần được liệt kê,,có,35,340,119,759.8,15.7,ước tính biên tập; không phải công thức định lượng của từng quán,toàn bộ thành phần đặc trưng đã ghi trong CSV gốc; không phải công thức đầy đủ của mọi quán,Viện Dinh dưỡng Việt Nam / FAO (proxy),không gắn mã riêng; đối chiếu theo thực phẩm tương đương,NIN/FAO Energy kcal (trên 100 g phần ăn được),"Rice paper, dry",https://viendinhduong.vn/en/cong-cu-va-tien-ich/nutritional-value-of-food; https://www.fao.org/fileadmin/templates/food_composition/documents/pdf/VTN_FCT_2007.pdf,https://vietnam.travel/things-to-do/vietnam-foodie-guide-region,trung_binh,thap,Loại bánh tráng mỏng chưa chiên. Tổng khối lượng lá/vỏ bánh ăn được trong một suất.,2026-08-02
HN105,Mì Quảng,Món miền Trung,7,rau,Rau hỗn hợp,Mixed vegetables,rau củ,tươi hoặc chín nhẹ,rau_an_kem,có,thành phần được liệt kê,,có,70,30,21,759.8,2.8,ước tính biên tập; không phải công thức định lượng của từng quán,toàn bộ thành phần đặc trưng đã ghi trong CSV gốc; không phải công thức đầy đủ của mọi quán,Viện Dinh dưỡng Việt Nam / FAO (proxy),không gắn mã riêng; đối chiếu theo thực phẩm tương đương,NIN/FAO Energy kcal (trên 100 g phần ăn được),Mixed vegetables,https://viendinhduong.vn/en/cong-cu-va-tien-ich/nutritional-value-of-food; https://www.fao.org/fileadmin/templates/food_composition/documents/pdf/VTN_FCT_2007.pdf,https://vietnam.travel/things-to-do/vietnam-foodie-guide-region,thap,thap,Tên chung; dùng trung bình rau ít tinh bột. Một nắm/đĩa rau ăn kèm cho một người; nếu là nguyên liệu đầu tiên của salad/nộm có thể nâng lên 120–150 g.,2026-08-02
HN106,Burger bò,Món Mỹ/quốc tế,1,bánh burger,Bánh mì burger,Hamburger bun,bánh mì,nướng chín,banh_mi_tinh_bot,có,thành phần được liệt kê,,có,90,270,243,630.3,38.6,ước tính biên tập; không phải công thức định lượng của từng quán,toàn bộ thành phần đặc trưng đã ghi trong CSV gốc; không phải công thức đầy đủ của mọi quán,USDA SR28 / FoodData Central (proxy),USDA SR28 NDB_No 28394,USDA SR28 Energ_Kcal (trên 100 g phần ăn được),"PEPPERIDGE FARM,HAMBURGER BUN",https://catalog.data.gov/dataset/composition-of-foods-raw-processed-prepared-usda-national-nutrient-database-for-standar-28,https://vietnam.travel/things-to-do/must-try-food-in-hanoi; https://vietnamtourism.vn/en/index.php/services/restaurants/search/19,cao,thap,"Chỉ phần bánh, không tính nhân. Một phần bánh/vỏ bánh cho một suất. Khớp gần với bản ghi USDA SR28; điểm khớp 100%.",2026-08-02
HN106,Burger bò,Món Mỹ/quốc tế,2,thịt bò,Thịt bò chín,"Beef, cooked",thịt,chín,dam_chinh,có,thành phần được liệt kê,,có,90,250,225,630.3,35.7,ước tính biên tập; không phải công thức định lượng của từng quán,toàn bộ thành phần đặc trưng đã ghi trong CSV gốc; không phải công thức đầy đủ của mọi quán,Viện Dinh dưỡng Việt Nam / FAO (proxy),không gắn mã riêng; đối chiếu theo thực phẩm tương đương,NIN/FAO Energy kcal (trên 100 g phần ăn được),"Beef, cooked",https://viendinhduong.vn/en/cong-cu-va-tien-ich/nutritional-value-of-food; https://www.fao.org/fileadmin/templates/food_composition/documents/pdf/VTN_FCT_2007.pdf,https://vietnam.travel/things-to-do/must-try-food-in-hanoi; https://vietnamtourism.vn/en/index.php/services/restaurants/search/19,trung_binh,thap,Giá trị đại diện phần cắt nạc-mỡ vừa. Khối lượng thịt bò chín/nhúng trong một suất.,2026-08-02
HN106,Burger bò,Món Mỹ/quốc tế,3,xà lách,Xà lách,"Lettuce, raw",rau lá,"tươi, sống",rau_chinh_hoac_an_kem,có,thành phần được liệt kê,,có,60,15,9,630.3,1.4,ước tính biên tập; không phải công thức định lượng của từng quán,toàn bộ thành phần đặc trưng đã ghi trong CSV gốc; không phải công thức đầy đủ của mọi quán,USDA SR28 / FoodData Central (proxy),USDA SR28 NDB_No 11250,USDA SR28 Energ_Kcal (trên 100 g phần ăn được),"LETTUCE,BUTTERHEAD (INCL BOSTON&BIBB TYPES),RAW",https://catalog.data.gov/dataset/composition-of-foods-raw-processed-prepared-usda-national-nutrient-database-for-standar-28,https://vietnam.travel/things-to-do/must-try-food-in-hanoi; https://vietnamtourism.vn/en/index.php/services/restaurants/search/19,cao,thap,Xà lách lá thông dụng. Khối lượng rau ăn được trong một suất. Khớp gần với bản ghi USDA SR28; điểm khớp 100%.,2026-08-02
HN106,Burger bò,Món Mỹ/quốc tế,4,cà chua,Cà chua tươi,"Tomato, raw",rau quả,tươi,rau_cu,có,thành phần được liệt kê,,có,60,18,10.8,630.3,1.7,ước tính biên tập; không phải công thức định lượng của từng quán,toàn bộ thành phần đặc trưng đã ghi trong CSV gốc; không phải công thức đầy đủ của mọi quán,USDA SR28 / FoodData Central (proxy),không gắn mã riêng; đối chiếu theo thực phẩm tương đương,USDA SR28 Energ_Kcal (trên 100 g phần ăn được),"Tomato, raw",https://catalog.data.gov/dataset/composition-of-foods-raw-processed-prepared-usda-national-nutrient-database-for-standar-28,https://vietnam.travel/things-to-do/must-try-food-in-hanoi; https://vietnamtourism.vn/en/index.php/services/restaurants/search/19,cao,thap,Phần quả ăn được. Khối lượng rau/củ chín hoặc sơ chế trong một suất.,2026-08-02
HN106,Burger bò,Món Mỹ/quốc tế,5,phô mai,Phô mai bán cứng,"Cheese, semi-hard",sữa/phô mai,ăn liền,sua_dam_beo,có,thành phần được liệt kê,,có,30,350,105,630.3,16.7,ước tính biên tập; không phải công thức định lượng của từng quán,toàn bộ thành phần đặc trưng đã ghi trong CSV gốc; không phải công thức đầy đủ của mọi quán,USDA SR28 / FoodData Central (proxy),không gắn mã riêng; đối chiếu theo thực phẩm tương đương,USDA SR28 Energ_Kcal (trên 100 g phần ăn được),"Cheese, semi-hard",https://catalog.data.gov/dataset/composition-of-foods-raw-processed-prepared-usda-national-nutrient-database-for-standar-28,https://vietnam.travel/things-to-do/must-try-food-in-hanoi; https://vietnamtourism.vn/en/index.php/services/restaurants/search/19,trung_binh,thap,Giá trị đại diện nhiều loại phô mai. Phần phô mai trong một suất; chuỗi kết hợp được coi là topping nhỏ.,2026-08-02
HN106,Burger bò,Món Mỹ/quốc tế,6,sốt,Nước sốt tổng hợp,"Prepared sauce, generic",nước sốt,chế biến sẵn,sot_nuoc_cham,có,thành phần được liệt kê,,có,25,150,37.5,630.3,5.9,ước tính biên tập; không phải công thức định lượng của từng quán,toàn bộ thành phần đặc trưng đã ghi trong CSV gốc; không phải công thức đầy đủ của mọi quán,USDA SR28 / FoodData Central (proxy),USDA SR28 NDB_No 06151,USDA SR28 Energ_Kcal (trên 100 g phần ăn được),"SAUCE,PLUM,READY-TO-SERVE",https://catalog.data.gov/dataset/composition-of-foods-raw-processed-prepared-usda-national-nutrient-database-for-standar-28,https://vietnam.travel/things-to-do/must-try-food-in-hanoi; https://vietnamtourism.vn/en/index.php/services/restaurants/search/19,thap,thap,Tên quá rộng; dùng giá trị sốt mặn-ngọt trung bình. Lượng sốt/nước chấm bám và được ăn trong một suất. Khớp gần với bản ghi USDA SR28; điểm khớp 104%.,2026-08-02
HN107,Gà rán kiểu Mỹ,Món Mỹ/quốc tế,1,gà,Thịt gà chín,"Chicken meat, cooked",thịt gia cầm,"chín, thịt và da đại diện",dam_chinh,có,thành phần được liệt kê,,có,100,239,239,506.6,47.2,ước tính biên tập; không phải công thức định lượng của từng quán,toàn bộ thành phần đặc trưng đã ghi trong CSV gốc; không phải công thức đầy đủ của mọi quán,Viện Dinh dưỡng Việt Nam / FAO (proxy),không gắn mã riêng; đối chiếu theo thực phẩm tương đương,NIN/FAO Energy kcal (trên 100 g phần ăn được),"Chicken meat, cooked",https://viendinhduong.vn/en/cong-cu-va-tien-ich/nutritional-value-of-food; https://www.fao.org/fileadmin/templates/food_composition/documents/pdf/VTN_FCT_2007.pdf,https://vietnam.travel/things-to-do/must-try-food-in-hanoi; https://vietnamtourism.vn/en/index.php/services/restaurants/search/19,trung_binh,thap,Biến thiên theo phần cắt và có da hay không. Khối lượng thịt chín ăn được trong một suất; gà tùy chọn chỉ tính khi thực sự thêm.,2026-08-02
HN107,Gà rán kiểu Mỹ,Món Mỹ/quốc tế,2,bột chiên,Bột chiên pha sẵn,"Seasoned frying flour, dry",bột/ngũ cốc,khô,ao_bot,có,thành phần được liệt kê,,có,25,360,90,506.6,17.8,ước tính biên tập; không phải công thức định lượng của từng quán,toàn bộ thành phần đặc trưng đã ghi trong CSV gốc; không phải công thức đầy đủ của mọi quán,USDA SR28 / FoodData Central (proxy),không gắn mã riêng; đối chiếu theo thực phẩm tương đương,USDA SR28 Energ_Kcal (trên 100 g phần ăn được),"Seasoned frying flour, dry",https://catalog.data.gov/dataset/composition-of-foods-raw-processed-prepared-usda-national-nutrient-database-for-standar-28,https://vietnam.travel/things-to-do/must-try-food-in-hanoi; https://vietnamtourism.vn/en/index.php/services/restaurants/search/19,thap,thap,Công thức bột pha sẵn thay đổi theo hãng. Lượng bột áo/bột chiên bám lại trên một suất sau chế biến.,2026-08-02
HN107,Gà rán kiểu Mỹ,Món Mỹ/quốc tế,3,gia vị,Gia vị hỗn hợp khô,"Mixed spices, dry",gia vị,khô/xay,gia_vi_kho_hon_hop,có,thành phần được liệt kê,,có,3,250,7.5,506.6,1.5,ước tính biên tập; không phải công thức định lượng của từng quán,toàn bộ thành phần đặc trưng đã ghi trong CSV gốc; không phải công thức đầy đủ của mọi quán,USDA SR28 / FoodData Central (proxy),không gắn mã riêng; đối chiếu theo thực phẩm tương đương,USDA SR28 Energ_Kcal (trên 100 g phần ăn được),"Mixed spices, dry",https://catalog.data.gov/dataset/composition-of-foods-raw-processed-prepared-usda-national-nutrient-database-for-standar-28,https://vietnam.travel/things-to-do/must-try-food-in-hanoi; https://vietnamtourism.vn/en/index.php/services/restaurants/search/19,thap,thap,Tên chung; lượng dùng nhỏ và thành phần thay đổi. Tổng lượng gia vị khô/hỗn hợp cho một suất; chuỗi gạch chéo được coi là hỗn hợp chung.,2026-08-02
HN107,Gà rán kiểu Mỹ,Món Mỹ/quốc tế,4,dầu,Dầu thực vật,Vegetable oil,chất béo,dạng lỏng,chat_beo_hap_thu,có,thành phần được liệt kê,,có,15,884,132.6,506.6,26.2,ước tính biên tập; không phải công thức định lượng của từng quán,toàn bộ thành phần đặc trưng đã ghi trong CSV gốc; không phải công thức đầy đủ của mọi quán,USDA SR28 / FoodData Central (proxy),USDA SR28 NDB_No 04513,USDA SR28 Energ_Kcal (trên 100 g phần ăn được),"VEGETABLE OIL,PALM KERNEL",https://catalog.data.gov/dataset/composition-of-foods-raw-processed-prepared-usda-national-nutrient-database-for-standar-28,https://vietnam.travel/things-to-do/must-try-food-in-hanoi; https://vietnamtourism.vn/en/index.php/services/restaurants/search/19,cao,thap,"Chỉ tính lượng thực tế dùng/hấp thụ. Lượng dầu ước tính còn lại/hấp thụ trong một suất, không phải toàn bộ dầu trong chảo. Khớp gần với bản ghi USDA SR28; điểm khớp 100%.",2026-08-02
HN107,Gà rán kiểu Mỹ,Món Mỹ/quốc tế,5,sốt,Nước sốt tổng hợp,"Prepared sauce, generic",nước sốt,chế biến sẵn,sot_nuoc_cham,có,thành phần được liệt kê,,có,25,150,37.5,506.6,7.4,ước tính biên tập; không phải công thức định lượng của từng quán,toàn bộ thành phần đặc trưng đã ghi trong CSV gốc; không phải công thức đầy đủ của mọi quán,USDA SR28 / FoodData Central (proxy),USDA SR28 NDB_No 06151,USDA SR28 Energ_Kcal (trên 100 g phần ăn được),"SAUCE,PLUM,READY-TO-SERVE",https://catalog.data.gov/dataset/composition-of-foods-raw-processed-prepared-usda-national-nutrient-database-for-standar-28,https://vietnam.travel/things-to-do/must-try-food-in-hanoi; https://vietnamtourism.vn/en/index.php/services/restaurants/search/19,thap,thap,Tên quá rộng; dùng giá trị sốt mặn-ngọt trung bình. Lượng sốt/nước chấm bám và được ăn trong một suất. Khớp gần với bản ghi USDA SR28; điểm khớp 104%.,2026-08-02
HN108,Cơm cháy kho quẹt,Món Nam Bộ,1,cơm cháy,Cơm cháy chiên/nướng,Crispy rice,ngũ cốc,sấy/chiên giòn,tinh_bot_chinh_da_chin,có,thành phần được liệt kê,,có,100,390,390,502.3,77.6,ước tính biên tập; không phải công thức định lượng của từng quán,toàn bộ thành phần đặc trưng đã ghi trong CSV gốc; không phải công thức đầy đủ của mọi quán,Viện Dinh dưỡng Việt Nam / FAO (proxy),không gắn mã riêng; đối chiếu theo thực phẩm tương đương,NIN/FAO Energy kcal (trên 100 g phần ăn được),Crispy rice,https://viendinhduong.vn/en/cong-cu-va-tien-ich/nutritional-value-of-food; https://www.fao.org/fileadmin/templates/food_composition/documents/pdf/VTN_FCT_2007.pdf,https://vietnam.travel/things-to-do/vietnam-foodie-guide-region,thap,thap,"Biến thiên mạnh theo dầu và độ khô. Phần cơm cháy ăn được, đã chiên/sấy.",2026-08-02
HN108,Cơm cháy kho quẹt,Món Nam Bộ,2,nước mắm,Nước mắm,Fish sauce,gia vị/nước chấm,dạng lỏng,nuoc_cham_gia_vi_long,có,thành phần được liệt kê,,có,15,35,5.3,502.3,1.1,ước tính biên tập; không phải công thức định lượng của từng quán,toàn bộ thành phần đặc trưng đã ghi trong CSV gốc; không phải công thức đầy đủ của mọi quán,Viện Dinh dưỡng Việt Nam / FAO (proxy),không gắn mã riêng; đối chiếu theo thực phẩm tương đương,NIN/FAO Energy kcal (trên 100 g phần ăn được),Fish sauce,https://viendinhduong.vn/en/cong-cu-va-tien-ich/nutritional-value-of-food; https://www.fao.org/fileadmin/templates/food_composition/documents/pdf/VTN_FCT_2007.pdf,https://vietnam.travel/things-to-do/vietnam-foodie-guide-region,cao,thap,"Loại nước mắm thông dụng. Lượng nước chấm/gia vị lỏng thực ăn trong một suất, không phải toàn bộ bát chấm.",2026-08-02
HN108,Cơm cháy kho quẹt,Món Nam Bộ,3,tóp mỡ,Tóp mỡ lợn,Pork cracklings,thịt/chất béo,rán giòn,chat_beo_topping,có,thành phần được liệt kê,,có,18,545,98.1,502.3,19.5,ước tính biên tập; không phải công thức định lượng của từng quán,toàn bộ thành phần đặc trưng đã ghi trong CSV gốc; không phải công thức đầy đủ của mọi quán,Viện Dinh dưỡng Việt Nam / FAO (proxy),không gắn mã riêng; đối chiếu theo thực phẩm tương đương,NIN/FAO Energy kcal (trên 100 g phần ăn được),Pork cracklings,https://viendinhduong.vn/en/cong-cu-va-tien-ich/nutritional-value-of-food; https://www.fao.org/fileadmin/templates/food_composition/documents/pdf/VTN_FCT_2007.pdf,https://vietnam.travel/things-to-do/vietnam-foodie-guide-region,trung_binh,thap,Biến thiên theo lượng mỡ còn lại. Lượng mỡ/tóp mỡ ăn được trong một suất.,2026-08-02
HN108,Cơm cháy kho quẹt,Món Nam Bộ,4,tiêu,Hạt tiêu đen xay,"Black pepper, ground",gia vị,"khô, xay",gia_vi_kho_manh,có,thành phần được liệt kê,,có,1,251,2.5,502.3,0.5,ước tính biên tập; không phải công thức định lượng của từng quán,toàn bộ thành phần đặc trưng đã ghi trong CSV gốc; không phải công thức đầy đủ của mọi quán,USDA SR28 / FoodData Central (proxy),không gắn mã riêng; đối chiếu theo thực phẩm tương đương,USDA SR28 Energ_Kcal (trên 100 g phần ăn được),"Black pepper, ground",https://catalog.data.gov/dataset/composition-of-foods-raw-processed-prepared-usda-national-nutrient-database-for-standar-28,https://vietnam.travel/things-to-do/vietnam-foodie-guide-region,cao,thap,Lượng dùng mỗi suất rất nhỏ. Lượng gia vị khô quy đổi; nhiều loại chỉ chiết hương và không ăn phần xác.,2026-08-02
HN108,Cơm cháy kho quẹt,Món Nam Bộ,5,hành,Hành lá,"Spring onion, raw",rau thơm,tươi,rau_thom_tao_nen,có,thành phần được liệt kê,,có,20,32,6.4,502.3,1.3,ước tính biên tập; không phải công thức định lượng của từng quán,toàn bộ thành phần đặc trưng đã ghi trong CSV gốc; không phải công thức đầy đủ của mọi quán,Viện Dinh dưỡng Việt Nam / FAO (proxy),không gắn mã riêng; đối chiếu theo thực phẩm tương đương,NIN/FAO Energy kcal (trên 100 g phần ăn được),"Spring onion, raw",https://viendinhduong.vn/en/cong-cu-va-tien-ich/nutritional-value-of-food; https://www.fao.org/fileadmin/templates/food_composition/documents/pdf/VTN_FCT_2007.pdf,https://vietnam.travel/things-to-do/vietnam-foodie-guide-region,trung_binh,thap,"Giả định hành lá, không phải hành củ. Lượng hành trong một suất; nếu chỉ rắc mặt có thể giảm còn 5–10 g theo thứ tự thành phần.",2026-08-02
HN109,Okonomiyaki,Món Nhật,1,bắp cải,Bắp cải,"Cabbage, raw",rau lá,tươi,rau_chinh_hoac_an_kem,có,thành phần được liệt kê,,có,60,25,15,623.6,2.4,ước tính biên tập; không phải công thức định lượng của từng quán,toàn bộ thành phần đặc trưng đã ghi trong CSV gốc; không phải công thức đầy đủ của mọi quán,USDA SR28 / FoodData Central (proxy),USDA SR28 NDB_No 11109,USDA SR28 Energ_Kcal (trên 100 g phần ăn được),"CABBAGE,RAW",https://catalog.data.gov/dataset/composition-of-foods-raw-processed-prepared-usda-national-nutrient-database-for-standar-28,https://vietnam.travel/things-to-do/must-try-food-in-hanoi; https://vietnamtourism.vn/en/index.php/services/restaurants/search/19,cao,thap,Không tính sốt/dầu. Khối lượng rau ăn được trong một suất. Khớp gần với bản ghi USDA SR28; điểm khớp 100%.,2026-08-02
HN109,Okonomiyaki,Món Nhật,2,bột,Bột ngũ cốc/tinh bột,"Flour or starch, generic",bột/ngũ cốc,khô,tinh_bot_chinh_kho,có,thành phần được liệt kê,,có,70,365,255.5,623.6,41,ước tính biên tập; không phải công thức định lượng của từng quán,toàn bộ thành phần đặc trưng đã ghi trong CSV gốc; không phải công thức đầy đủ của mọi quán,Viện Dinh dưỡng Việt Nam / FAO (proxy),không gắn mã riêng; đối chiếu theo thực phẩm tương đương,NIN/FAO Energy kcal (trên 100 g phần ăn được),"Flour or starch, generic",https://viendinhduong.vn/en/cong-cu-va-tien-ich/nutritional-value-of-food; https://www.fao.org/fileadmin/templates/food_composition/documents/pdf/VTN_FCT_2007.pdf,https://vietnam.travel/things-to-do/must-try-food-in-hanoi; https://vietnamtourism.vn/en/index.php/services/restaurants/search/19,thap,thap,Tên chung; dùng mật độ năng lượng bột khô. Lượng bột khô quy đổi trong một phần bánh/món.,2026-08-02
HN109,Okonomiyaki,Món Nhật,3,trứng,Trứng gà nguyên quả,"Chicken egg, whole, cooked",trứng,chín,dam_phu,có,thành phần được liệt kê,,có,55,155,85.3,623.6,13.7,ước tính biên tập; không phải công thức định lượng của từng quán,toàn bộ thành phần đặc trưng đã ghi trong CSV gốc; không phải công thức đầy đủ của mọi quán,USDA SR28 / FoodData Central (proxy),không gắn mã riêng; đối chiếu theo thực phẩm tương đương,USDA SR28 Energ_Kcal (trên 100 g phần ăn được),"Chicken egg, whole, cooked",https://catalog.data.gov/dataset/composition-of-foods-raw-processed-prepared-usda-national-nutrient-database-for-standar-28,https://vietnam.travel/things-to-do/must-try-food-in-hanoi; https://vietnamtourism.vn/en/index.php/services/restaurants/search/19,cao,thap,"Trứng gà nguyên quả đại diện. Quy đổi một quả trứng gà cỡ vừa, bỏ vỏ.",2026-08-02
HN109,Okonomiyaki,Món Nhật,4,thịt/hải sản,Thịt chín tổng hợp,"Cooked meat, generic",thịt,chín,dam_hai_san_hoac_hon_hop,có,lựa chọn mặc định,HN109-04,có,85,250,212.5,623.6,34.1,ước tính biên tập; không phải công thức định lượng của từng quán,toàn bộ thành phần đặc trưng đã ghi trong CSV gốc; không phải công thức đầy đủ của mọi quán,Viện Dinh dưỡng Việt Nam / FAO (proxy),không gắn mã riêng; đối chiếu theo thực phẩm tương đương,NIN/FAO Energy kcal (trên 100 g phần ăn được),"Cooked meat, generic",https://viendinhduong.vn/en/cong-cu-va-tien-ich/nutritional-value-of-food; https://www.fao.org/fileadmin/templates/food_composition/documents/pdf/VTN_FCT_2007.pdf,https://vietnam.travel/things-to-do/must-try-food-in-hanoi; https://vietnamtourism.vn/en/index.php/services/restaurants/search/19,thap,thap,"Tên chung; giá trị trung bình thịt nạc-mỡ vừa. Khối lượng phần ăn được, bỏ vỏ/xương; chuỗi có dấu gạch chéo là một lựa chọn/hỗn hợp. Các lựa chọn cùng nhóm không dùng để cộng đồng thời.",2026-08-02
HN109,Okonomiyaki,Món Nhật,5,thịt/hải sản,Hải sản hỗn hợp chín,"Mixed seafood, cooked",hải sản,chín,dam_hai_san_hoac_hon_hop,có,lựa chọn thay thế,HN109-04,không,85,100,85,623.6,0,ước tính biên tập; không phải công thức định lượng của từng quán,toàn bộ thành phần đặc trưng đã ghi trong CSV gốc; không phải công thức đầy đủ của mọi quán,USDA SR28 / FoodData Central (proxy),không gắn mã riêng; đối chiếu theo thực phẩm tương đương,USDA SR28 Energ_Kcal (trên 100 g phần ăn được),"Mixed seafood, cooked",https://catalog.data.gov/dataset/composition-of-foods-raw-processed-prepared-usda-national-nutrient-database-for-standar-28,https://vietnam.travel/things-to-do/must-try-food-in-hanoi; https://vietnamtourism.vn/en/index.php/services/restaurants/search/19,thap,thap,"Trung bình tôm, mực và nhuyễn thể nạc. Khối lượng phần ăn được, bỏ vỏ/xương; chuỗi có dấu gạch chéo là một lựa chọn/hỗn hợp. Các lựa chọn cùng nhóm không dùng để cộng đồng thời.",2026-08-02
HN109,Okonomiyaki,Món Nhật,6,sốt,Nước sốt tổng hợp,"Prepared sauce, generic",nước sốt,chế biến sẵn,sot_nuoc_cham,có,thành phần được liệt kê,,có,25,150,37.5,623.6,6,ước tính biên tập; không phải công thức định lượng của từng quán,toàn bộ thành phần đặc trưng đã ghi trong CSV gốc; không phải công thức đầy đủ của mọi quán,USDA SR28 / FoodData Central (proxy),USDA SR28 NDB_No 06151,USDA SR28 Energ_Kcal (trên 100 g phần ăn được),"SAUCE,PLUM,READY-TO-SERVE",https://catalog.data.gov/dataset/composition-of-foods-raw-processed-prepared-usda-national-nutrient-database-for-standar-28,https://vietnam.travel/things-to-do/must-try-food-in-hanoi; https://vietnamtourism.vn/en/index.php/services/restaurants/search/19,thap,thap,Tên quá rộng; dùng giá trị sốt mặn-ngọt trung bình. Lượng sốt/nước chấm bám và được ăn trong một suất. Khớp gần với bản ghi USDA SR28; điểm khớp 104%.,2026-08-02
HN109,Okonomiyaki,Món Nhật,7,cá bào,Cá bào khô katsuobushi,"Bonito flakes, dried",cá chế biến,sấy/ủ khô,dam_topping,có,thành phần được liệt kê,,có,5,356,17.8,623.6,2.9,ước tính biên tập; không phải công thức định lượng của từng quán,toàn bộ thành phần đặc trưng đã ghi trong CSV gốc; không phải công thức đầy đủ của mọi quán,USDA SR28 / FoodData Central (proxy),không gắn mã riêng; đối chiếu theo thực phẩm tương đương,USDA SR28 Energ_Kcal (trên 100 g phần ăn được),"Bonito flakes, dried",https://catalog.data.gov/dataset/composition-of-foods-raw-processed-prepared-usda-national-nutrient-database-for-standar-28,https://vietnam.travel/things-to-do/must-try-food-in-hanoi; https://vietnamtourism.vn/en/index.php/services/restaurants/search/19,trung_binh,thap,Mật độ cao do độ ẩm thấp; lượng dùng nhỏ. Một nhúm cá bào rắc mặt món.,2026-08-02
HN110,Ramen,Món Nhật,1,mì ramen,Mì ramen chín,"Ramen noodles, cooked",mì/bún,"chín, ngậm nước",tinh_bot_chinh_da_chin,có,thành phần được liệt kê,,có,180,149,268.2,527.1,50.9,ước tính biên tập; không phải công thức định lượng của từng quán,toàn bộ thành phần đặc trưng đã ghi trong CSV gốc; không phải công thức đầy đủ của mọi quán,USDA SR28 / FoodData Central (proxy),không gắn mã riêng; đối chiếu theo thực phẩm tương đương,USDA SR28 Energ_Kcal (trên 100 g phần ăn được),"Ramen noodles, cooked",https://catalog.data.gov/dataset/composition-of-foods-raw-processed-prepared-usda-national-nutrient-database-for-standar-28,https://vietnam.travel/things-to-do/must-try-food-in-hanoi; https://vietnamtourism.vn/en/index.php/services/restaurants/search/19,trung_binh,thap,Không tính nước dùng và dầu. Khối lượng sợi/bánh đã nấu chín cho một suất; nếu tra bảng dạng khô phải quy đổi lại.,2026-08-02
HN110,Ramen,Món Nhật,2,nước xương,Nước hầm xương lọc,"Bone broth, prepared",nước dùng,"đã nấu, lọc",nuoc_dung,có,thành phần được liệt kê,,có,320,25,80,527.1,15.2,ước tính biên tập; không phải công thức định lượng của từng quán,toàn bộ thành phần đặc trưng đã ghi trong CSV gốc; không phải công thức đầy đủ của mọi quán,USDA SR28 / FoodData Central (proxy),không gắn mã riêng; đối chiếu theo thực phẩm tương đương,USDA SR28 Energ_Kcal (trên 100 g phần ăn được),"Bone broth, prepared",https://catalog.data.gov/dataset/composition-of-foods-raw-processed-prepared-usda-national-nutrient-database-for-standar-28,https://vietnam.travel/things-to-do/must-try-food-in-hanoi; https://vietnamtourism.vn/en/index.php/services/restaurants/search/19,thap,thap,Xương không ăn trực tiếp; năng lượng chiết xuất vào nước dùng không thể suy ra từ danh sách thành phần này. Một tô/cốc nước dùng; với lẩu hiểu là lượng một người thực ăn.,2026-08-02
HN110,Ramen,Món Nhật,3,thịt chashu,Thịt lợn chashu,Chashu pork,thịt chế biến,om/nướng chín,dam_topping,có,thành phần được liệt kê,,có,30,300,90,527.1,17.1,ước tính biên tập; không phải công thức định lượng của từng quán,toàn bộ thành phần đặc trưng đã ghi trong CSV gốc; không phải công thức đầy đủ của mọi quán,USDA SR28 / FoodData Central (proxy),không gắn mã riêng; đối chiếu theo thực phẩm tương đương,USDA SR28 Energ_Kcal (trên 100 g phần ăn được),Chashu pork,https://catalog.data.gov/dataset/composition-of-foods-raw-processed-prepared-usda-national-nutrient-database-for-standar-28,https://vietnam.travel/things-to-do/must-try-food-in-hanoi; https://vietnamtourism.vn/en/index.php/services/restaurants/search/19,thap,thap,Biến thiên theo phần ba chỉ/vai và sốt. Topping đạm mặn/khô trong một suất.,2026-08-02
HN110,Ramen,Món Nhật,4,trứng,Trứng gà nguyên quả,"Chicken egg, whole, cooked",trứng,chín,dam_phu,có,thành phần được liệt kê,,có,55,155,85.3,527.1,16.2,ước tính biên tập; không phải công thức định lượng của từng quán,toàn bộ thành phần đặc trưng đã ghi trong CSV gốc; không phải công thức đầy đủ của mọi quán,USDA SR28 / FoodData Central (proxy),không gắn mã riêng; đối chiếu theo thực phẩm tương đương,USDA SR28 Energ_Kcal (trên 100 g phần ăn được),"Chicken egg, whole, cooked",https://catalog.data.gov/dataset/composition-of-foods-raw-processed-prepared-usda-national-nutrient-database-for-standar-28,https://vietnam.travel/things-to-do/must-try-food-in-hanoi; https://vietnamtourism.vn/en/index.php/services/restaurants/search/19,cao,thap,"Trứng gà nguyên quả đại diện. Quy đổi một quả trứng gà cỡ vừa, bỏ vỏ.",2026-08-02
HN110,Ramen,Món Nhật,5,rong biển,Rong biển ăn được,Edible seaweed,rau biển,tươi/hoàn nguyên,rau_bien,có,thành phần được liệt kê,,có,8,45,3.6,527.1,0.7,ước tính biên tập; không phải công thức định lượng của từng quán,toàn bộ thành phần đặc trưng đã ghi trong CSV gốc; không phải công thức đầy đủ của mọi quán,USDA SR28 / FoodData Central (proxy),không gắn mã riêng; đối chiếu theo thực phẩm tương đương,USDA SR28 Energ_Kcal (trên 100 g phần ăn được),Edible seaweed,https://catalog.data.gov/dataset/composition-of-foods-raw-processed-prepared-usda-national-nutrient-database-for-standar-28,https://vietnam.travel/things-to-do/must-try-food-in-hanoi; https://vietnamtourism.vn/en/index.php/services/restaurants/search/19,trung_binh,thap,Không dùng giá trị rong biển khô đậm đặc. Khối lượng rong biển khô/miếng cuốn trong một phần.,2026-08-02
HN111,Sashimi,Món Nhật,1,cá hồi/cá ngừ,cá hồi,Salmon or tuna,cá,sống dùng sashimi hoặc chín,dam_chinh_thuy_san,có,lựa chọn mặc định,HN111-01,có,86.5,170,147.1,240.5,61.2,ước tính biên tập; không phải công thức định lượng của từng quán,toàn bộ thành phần đặc trưng đã ghi trong CSV gốc; không phải công thức đầy đủ của mọi quán,USDA SR28 / FoodData Central (proxy),không gắn mã riêng; đối chiếu theo thực phẩm tương đương,USDA SR28 Energ_Kcal (trên 100 g phần ăn được),Salmon or tuna,https://catalog.data.gov/dataset/composition-of-foods-raw-processed-prepared-usda-national-nutrient-database-for-standar-28,https://vietnam.travel/things-to-do/must-try-food-in-hanoi; https://vietnamtourism.vn/en/index.php/services/restaurants/search/19,thap,thap,Trung bình cá hồi béo và cá ngừ nạc. Tách từ cụm lựa chọn “cá hồi/cá ngừ”; dùng giá trị đại diện gần nhất. Khối lượng phần thịt ăn được sau khi bỏ xương/da không ăn. Các lựa chọn cùng nhóm không dùng để cộng đồng thời. Khối lượng đạm được phân bổ lại theo ngân sách 160 g cho món có nhiều thành phần đạm.,2026-08-02
HN111,Sashimi,Món Nhật,2,cá hồi/cá ngừ,cá ngừ,Salmon or tuna,cá,sống dùng sashimi hoặc chín,dam_chinh_thuy_san,có,lựa chọn thay thế,HN111-01,không,86.5,170,147.1,240.5,0,ước tính biên tập; không phải công thức định lượng của từng quán,toàn bộ thành phần đặc trưng đã ghi trong CSV gốc; không phải công thức đầy đủ của mọi quán,USDA SR28 / FoodData Central (proxy),không gắn mã riêng; đối chiếu theo thực phẩm tương đương,USDA SR28 Energ_Kcal (trên 100 g phần ăn được),Salmon or tuna,https://catalog.data.gov/dataset/composition-of-foods-raw-processed-prepared-usda-national-nutrient-database-for-standar-28,https://vietnam.travel/things-to-do/must-try-food-in-hanoi; https://vietnamtourism.vn/en/index.php/services/restaurants/search/19,thap,thap,Trung bình cá hồi béo và cá ngừ nạc. Tách từ cụm lựa chọn “cá hồi/cá ngừ”; dùng giá trị đại diện gần nhất. Khối lượng phần thịt ăn được sau khi bỏ xương/da không ăn. Các lựa chọn cùng nhóm không dùng để cộng đồng thời. Khối lượng đạm được phân bổ lại theo ngân sách 160 g cho món có nhiều thành phần đạm.,2026-08-02
HN111,Sashimi,Món Nhật,3,hải sản,Hải sản hỗn hợp chín,"Mixed seafood, cooked",hải sản,chín,dam_hai_san_hoac_hon_hop,có,thành phần được liệt kê,,có,73.5,100,73.5,240.5,30.6,ước tính biên tập; không phải công thức định lượng của từng quán,toàn bộ thành phần đặc trưng đã ghi trong CSV gốc; không phải công thức đầy đủ của mọi quán,USDA SR28 / FoodData Central (proxy),không gắn mã riêng; đối chiếu theo thực phẩm tương đương,USDA SR28 Energ_Kcal (trên 100 g phần ăn được),"Mixed seafood, cooked",https://catalog.data.gov/dataset/composition-of-foods-raw-processed-prepared-usda-national-nutrient-database-for-standar-28,https://vietnam.travel/things-to-do/must-try-food-in-hanoi; https://vietnamtourism.vn/en/index.php/services/restaurants/search/19,thap,thap,"Trung bình tôm, mực và nhuyễn thể nạc. Khối lượng phần ăn được, bỏ vỏ/xương; chuỗi có dấu gạch chéo là một lựa chọn/hỗn hợp. Khối lượng đạm được phân bổ lại theo ngân sách 160 g cho món có nhiều thành phần đạm.",2026-08-02
HN111,Sashimi,Món Nhật,4,wasabi,Wasabi dạng sệt,Wasabi paste,gia vị,dạng sệt,gia_vi_an_kem,có,thành phần được liệt kê,,có,5,109,5.5,240.5,2.3,ước tính biên tập; không phải công thức định lượng của từng quán,toàn bộ thành phần đặc trưng đã ghi trong CSV gốc; không phải công thức đầy đủ của mọi quán,USDA SR28 / FoodData Central (proxy),không gắn mã riêng; đối chiếu theo thực phẩm tương đương,USDA SR28 Energ_Kcal (trên 100 g phần ăn được),Wasabi paste,https://catalog.data.gov/dataset/composition-of-foods-raw-processed-prepared-usda-national-nutrient-database-for-standar-28,https://vietnam.travel/things-to-do/must-try-food-in-hanoi; https://vietnamtourism.vn/en/index.php/services/restaurants/search/19,trung_binh,thap,Sản phẩm pha cải ngựa có thể khác; lượng dùng nhỏ. Một phần wasabi nhỏ ăn kèm.,2026-08-02
HN111,Sashimi,Món Nhật,5,gừng,Gừng tươi,"Ginger root, raw",gia vị,"tươi, sống",gia_vi_tuoi,có,thành phần được liệt kê,,có,8,80,6.4,240.5,2.7,ước tính biên tập; không phải công thức định lượng của từng quán,toàn bộ thành phần đặc trưng đã ghi trong CSV gốc; không phải công thức đầy đủ của mọi quán,USDA SR28 / FoodData Central (proxy),USDA SR28 NDB_No 11216,USDA SR28 Energ_Kcal (trên 100 g phần ăn được),"GINGER ROOT,RAW",https://catalog.data.gov/dataset/composition-of-foods-raw-processed-prepared-usda-national-nutrient-database-for-standar-28,https://vietnam.travel/things-to-do/must-try-food-in-hanoi; https://vietnamtourism.vn/en/index.php/services/restaurants/search/19,cao,thap,Gừng củ tươi. Lượng gia vị tươi ước/nấu trong một suất; không nhất thiết ăn hết phần xác. Khớp gần với bản ghi USDA SR28; điểm khớp 100%.,2026-08-02
HN111,Sashimi,Món Nhật,6,xì dầu,Nước tương,Soy sauce,gia vị/nước chấm,dạng lỏng,nuoc_cham_gia_vi_long,có,thành phần được liệt kê,,có,15,53,8,240.5,3.3,ước tính biên tập; không phải công thức định lượng của từng quán,toàn bộ thành phần đặc trưng đã ghi trong CSV gốc; không phải công thức đầy đủ của mọi quán,USDA SR28 / FoodData Central (proxy),không gắn mã riêng; đối chiếu theo thực phẩm tương đương,USDA SR28 Energ_Kcal (trên 100 g phần ăn được),Soy sauce,https://catalog.data.gov/dataset/composition-of-foods-raw-processed-prepared-usda-national-nutrient-database-for-standar-28,https://vietnam.travel/things-to-do/must-try-food-in-hanoi; https://vietnamtourism.vn/en/index.php/services/restaurants/search/19,cao,thap,"Nước tương thông dụng. Lượng nước chấm/gia vị lỏng thực ăn trong một suất, không phải toàn bộ bát chấm.",2026-08-02
HN112,Sushi,Món Nhật,1,cơm giấm,Cơm sushi trộn giấm,Seasoned sushi rice,ngũ cốc,"chín, trộn giấm đường",tinh_bot_chinh_da_chin,có,thành phần được liệt kê,,có,180,145,261,448.1,58.2,ước tính biên tập; không phải công thức định lượng của từng quán,toàn bộ thành phần đặc trưng đã ghi trong CSV gốc; không phải công thức đầy đủ của mọi quán,USDA SR28 / FoodData Central (proxy),không gắn mã riêng; đối chiếu theo thực phẩm tương đương,USDA SR28 Energ_Kcal (trên 100 g phần ăn được),Seasoned sushi rice,https://catalog.data.gov/dataset/composition-of-foods-raw-processed-prepared-usda-national-nutrient-database-for-standar-28,https://vietnam.travel/things-to-do/must-try-food-in-hanoi; https://vietnamtourism.vn/en/index.php/services/restaurants/search/19,trung_binh,thap,Đã tính gia vị giấm-đường mức điển hình. Khối lượng cơm chín trong một bát/phần.,2026-08-02
HN112,Sushi,Món Nhật,2,cá hồi/cá ngừ,cá hồi,Salmon or tuna,cá,sống dùng sashimi hoặc chín,dam_chinh_thuy_san,có,lựa chọn mặc định,HN112-02,có,100,170,170,448.1,37.9,ước tính biên tập; không phải công thức định lượng của từng quán,toàn bộ thành phần đặc trưng đã ghi trong CSV gốc; không phải công thức đầy đủ của mọi quán,USDA SR28 / FoodData Central (proxy),không gắn mã riêng; đối chiếu theo thực phẩm tương đương,USDA SR28 Energ_Kcal (trên 100 g phần ăn được),Salmon or tuna,https://catalog.data.gov/dataset/composition-of-foods-raw-processed-prepared-usda-national-nutrient-database-for-standar-28,https://vietnam.travel/things-to-do/must-try-food-in-hanoi; https://vietnamtourism.vn/en/index.php/services/restaurants/search/19,thap,thap,Trung bình cá hồi béo và cá ngừ nạc. Tách từ cụm lựa chọn “cá hồi/cá ngừ”; dùng giá trị đại diện gần nhất. Khối lượng phần thịt ăn được sau khi bỏ xương/da không ăn. Các lựa chọn cùng nhóm không dùng để cộng đồng thời.,2026-08-02
HN112,Sushi,Món Nhật,3,cá hồi/cá ngừ,cá ngừ,Salmon or tuna,cá,sống dùng sashimi hoặc chín,dam_chinh_thuy_san,có,lựa chọn thay thế,HN112-02,không,100,170,170,448.1,0,ước tính biên tập; không phải công thức định lượng của từng quán,toàn bộ thành phần đặc trưng đã ghi trong CSV gốc; không phải công thức đầy đủ của mọi quán,USDA SR28 / FoodData Central (proxy),không gắn mã riêng; đối chiếu theo thực phẩm tương đương,USDA SR28 Energ_Kcal (trên 100 g phần ăn được),Salmon or tuna,https://catalog.data.gov/dataset/composition-of-foods-raw-processed-prepared-usda-national-nutrient-database-for-standar-28,https://vietnam.travel/things-to-do/must-try-food-in-hanoi; https://vietnamtourism.vn/en/index.php/services/restaurants/search/19,thap,thap,Trung bình cá hồi béo và cá ngừ nạc. Tách từ cụm lựa chọn “cá hồi/cá ngừ”; dùng giá trị đại diện gần nhất. Khối lượng phần thịt ăn được sau khi bỏ xương/da không ăn. Các lựa chọn cùng nhóm không dùng để cộng đồng thời.,2026-08-02
HN112,Sushi,Món Nhật,4,rong biển,Rong biển ăn được,Edible seaweed,rau biển,tươi/hoàn nguyên,rau_bien,có,thành phần được liệt kê,,có,8,45,3.6,448.1,0.8,ước tính biên tập; không phải công thức định lượng của từng quán,toàn bộ thành phần đặc trưng đã ghi trong CSV gốc; không phải công thức đầy đủ của mọi quán,USDA SR28 / FoodData Central (proxy),không gắn mã riêng; đối chiếu theo thực phẩm tương đương,USDA SR28 Energ_Kcal (trên 100 g phần ăn được),Edible seaweed,https://catalog.data.gov/dataset/composition-of-foods-raw-processed-prepared-usda-national-nutrient-database-for-standar-28,https://vietnam.travel/things-to-do/must-try-food-in-hanoi; https://vietnamtourism.vn/en/index.php/services/restaurants/search/19,trung_binh,thap,Không dùng giá trị rong biển khô đậm đặc. Khối lượng rong biển khô/miếng cuốn trong một phần.,2026-08-02
HN112,Sushi,Món Nhật,5,wasabi,Wasabi dạng sệt,Wasabi paste,gia vị,dạng sệt,gia_vi_an_kem,có,thành phần được liệt kê,,có,5,109,5.5,448.1,1.2,ước tính biên tập; không phải công thức định lượng của từng quán,toàn bộ thành phần đặc trưng đã ghi trong CSV gốc; không phải công thức đầy đủ của mọi quán,USDA SR28 / FoodData Central (proxy),không gắn mã riêng; đối chiếu theo thực phẩm tương đương,USDA SR28 Energ_Kcal (trên 100 g phần ăn được),Wasabi paste,https://catalog.data.gov/dataset/composition-of-foods-raw-processed-prepared-usda-national-nutrient-database-for-standar-28,https://vietnam.travel/things-to-do/must-try-food-in-hanoi; https://vietnamtourism.vn/en/index.php/services/restaurants/search/19,trung_binh,thap,Sản phẩm pha cải ngựa có thể khác; lượng dùng nhỏ. Một phần wasabi nhỏ ăn kèm.,2026-08-02
HN112,Sushi,Món Nhật,6,xì dầu,Nước tương,Soy sauce,gia vị/nước chấm,dạng lỏng,nuoc_cham_gia_vi_long,có,thành phần được liệt kê,,có,15,53,8,448.1,1.8,ước tính biên tập; không phải công thức định lượng của từng quán,toàn bộ thành phần đặc trưng đã ghi trong CSV gốc; không phải công thức đầy đủ của mọi quán,USDA SR28 / FoodData Central (proxy),không gắn mã riêng; đối chiếu theo thực phẩm tương đương,USDA SR28 Energ_Kcal (trên 100 g phần ăn được),Soy sauce,https://catalog.data.gov/dataset/composition-of-foods-raw-processed-prepared-usda-national-nutrient-database-for-standar-28,https://vietnam.travel/things-to-do/must-try-food-in-hanoi; https://vietnamtourism.vn/en/index.php/services/restaurants/search/19,cao,thap,"Nước tương thông dụng. Lượng nước chấm/gia vị lỏng thực ăn trong một suất, không phải toàn bộ bát chấm.",2026-08-02
HN113,Tempura,Món Nhật,1,tôm,Tôm chín,"Shrimp, cooked",hải sản,"chín, phần ăn được",dam_hai_san_hoac_hon_hop,có,thành phần được liệt kê,,có,85,99,84.2,349.8,24.1,ước tính biên tập; không phải công thức định lượng của từng quán,toàn bộ thành phần đặc trưng đã ghi trong CSV gốc; không phải công thức đầy đủ của mọi quán,USDA SR28 / FoodData Central (proxy),không gắn mã riêng; đối chiếu theo thực phẩm tương đương,USDA SR28 Energ_Kcal (trên 100 g phần ăn được),"Shrimp, cooked",https://catalog.data.gov/dataset/composition-of-foods-raw-processed-prepared-usda-national-nutrient-database-for-standar-28,https://vietnam.travel/things-to-do/must-try-food-in-hanoi; https://vietnamtourism.vn/en/index.php/services/restaurants/search/19,cao,thap,"Không tính vỏ và đầu bỏ đi. Khối lượng phần ăn được, bỏ vỏ/xương; chuỗi có dấu gạch chéo là một lựa chọn/hỗn hợp.",2026-08-02
HN113,Tempura,Món Nhật,2,rau củ,Rau củ hỗn hợp,Mixed vegetables,rau củ,tươi/chín nhẹ,rau_an_kem,có,thành phần được liệt kê,,có,70,40,28,349.8,8,ước tính biên tập; không phải công thức định lượng của từng quán,toàn bộ thành phần đặc trưng đã ghi trong CSV gốc; không phải công thức đầy đủ của mọi quán,Viện Dinh dưỡng Việt Nam / FAO (proxy),không gắn mã riêng; đối chiếu theo thực phẩm tương đương,NIN/FAO Energy kcal (trên 100 g phần ăn được),Mixed vegetables,https://viendinhduong.vn/en/cong-cu-va-tien-ich/nutritional-value-of-food; https://www.fao.org/fileadmin/templates/food_composition/documents/pdf/VTN_FCT_2007.pdf,https://vietnam.travel/things-to-do/must-try-food-in-hanoi; https://vietnamtourism.vn/en/index.php/services/restaurants/search/19,thap,thap,Trung bình rau ít tinh bột. Một nắm/đĩa rau ăn kèm cho một người; nếu là nguyên liệu đầu tiên của salad/nộm có thể nâng lên 120–150 g.,2026-08-02
HN113,Tempura,Món Nhật,3,bột tempura,Bột tempura khô,"Tempura batter mix, dry",bột/ngũ cốc,khô,ao_bot,có,thành phần được liệt kê,,có,25,360,90,349.8,25.7,ước tính biên tập; không phải công thức định lượng của từng quán,toàn bộ thành phần đặc trưng đã ghi trong CSV gốc; không phải công thức đầy đủ của mọi quán,USDA SR28 / FoodData Central (proxy),không gắn mã riêng; đối chiếu theo thực phẩm tương đương,USDA SR28 Energ_Kcal (trên 100 g phần ăn được),"Tempura batter mix, dry",https://catalog.data.gov/dataset/composition-of-foods-raw-processed-prepared-usda-national-nutrient-database-for-standar-28,https://vietnam.travel/things-to-do/must-try-food-in-hanoi; https://vietnamtourism.vn/en/index.php/services/restaurants/search/19,trung_binh,thap,Dầu hấp thụ khi chiên phải tính riêng. Lượng bột áo/bột chiên bám lại trên một suất sau chế biến.,2026-08-02
HN113,Tempura,Món Nhật,4,dầu,Dầu thực vật,Vegetable oil,chất béo,dạng lỏng,chat_beo_hap_thu,có,thành phần được liệt kê,,có,15,884,132.6,349.8,37.9,ước tính biên tập; không phải công thức định lượng của từng quán,toàn bộ thành phần đặc trưng đã ghi trong CSV gốc; không phải công thức đầy đủ của mọi quán,USDA SR28 / FoodData Central (proxy),USDA SR28 NDB_No 04513,USDA SR28 Energ_Kcal (trên 100 g phần ăn được),"VEGETABLE OIL,PALM KERNEL",https://catalog.data.gov/dataset/composition-of-foods-raw-processed-prepared-usda-national-nutrient-database-for-standar-28,https://vietnam.travel/things-to-do/must-try-food-in-hanoi; https://vietnamtourism.vn/en/index.php/services/restaurants/search/19,cao,thap,"Chỉ tính lượng thực tế dùng/hấp thụ. Lượng dầu ước tính còn lại/hấp thụ trong một suất, không phải toàn bộ dầu trong chảo. Khớp gần với bản ghi USDA SR28; điểm khớp 100%.",2026-08-02
HN113,Tempura,Món Nhật,5,tentsuyu,Nước chấm tentsuyu,Tentsuyu dipping sauce,nước chấm,pha loãng,sot_nuoc_cham,có,thành phần được liệt kê,,có,25,60,15,349.8,4.3,ước tính biên tập; không phải công thức định lượng của từng quán,toàn bộ thành phần đặc trưng đã ghi trong CSV gốc; không phải công thức đầy đủ của mọi quán,USDA SR28 / FoodData Central (proxy),không gắn mã riêng; đối chiếu theo thực phẩm tương đương,USDA SR28 Energ_Kcal (trên 100 g phần ăn được),Tentsuyu dipping sauce,https://catalog.data.gov/dataset/composition-of-foods-raw-processed-prepared-usda-national-nutrient-database-for-standar-28,https://vietnam.travel/things-to-do/must-try-food-in-hanoi; https://vietnamtourism.vn/en/index.php/services/restaurants/search/19,thap,thap,"Phụ thuộc tỷ lệ dashi, mirin và xì dầu. Lượng sốt/nước chấm bám và được ăn trong một suất.",2026-08-02
HN114,Tonkatsu,Món Nhật,1,thịt lợn,"Thịt lợn chín, nạc mỡ vừa","Pork, cooked, lean and fat",thịt,chín,dam_chinh,có,thành phần được liệt kê,,có,80,242,193.6,573.9,33.7,ước tính biên tập; không phải công thức định lượng của từng quán,toàn bộ thành phần đặc trưng đã ghi trong CSV gốc; không phải công thức đầy đủ của mọi quán,Viện Dinh dưỡng Việt Nam / FAO (proxy),không gắn mã riêng; đối chiếu theo thực phẩm tương đương,NIN/FAO Energy kcal (trên 100 g phần ăn được),"Pork, cooked, lean and fat",https://viendinhduong.vn/en/cong-cu-va-tien-ich/nutritional-value-of-food; https://www.fao.org/fileadmin/templates/food_composition/documents/pdf/VTN_FCT_2007.pdf,https://vietnam.travel/things-to-do/must-try-food-in-hanoi; https://vietnamtourism.vn/en/index.php/services/restaurants/search/19,trung_binh,thap,Giá trị đại diện nhiều phần cắt. Khối lượng thịt lợn thành phẩm trong một suất.,2026-08-02
HN114,Tonkatsu,Món Nhật,2,panko,Bột chiên xù panko,Panko breadcrumbs,bột/bánh mì,khô,ao_bot,có,thành phần được liệt kê,,có,25,395,98.8,573.9,17.2,ước tính biên tập; không phải công thức định lượng của từng quán,toàn bộ thành phần đặc trưng đã ghi trong CSV gốc; không phải công thức đầy đủ của mọi quán,USDA SR28 / FoodData Central (proxy),không gắn mã riêng; đối chiếu theo thực phẩm tương đương,USDA SR28 Energ_Kcal (trên 100 g phần ăn được),Panko breadcrumbs,https://catalog.data.gov/dataset/composition-of-foods-raw-processed-prepared-usda-national-nutrient-database-for-standar-28,https://vietnam.travel/things-to-do/must-try-food-in-hanoi; https://vietnamtourism.vn/en/index.php/services/restaurants/search/19,cao,thap,Chưa chiên; dầu hấp thụ tính riêng. Lượng bột áo/bột chiên bám lại trên một suất sau chế biến.,2026-08-02
HN114,Tonkatsu,Món Nhật,3,bắp cải,Bắp cải,"Cabbage, raw",rau lá,tươi,rau_chinh_hoac_an_kem,có,thành phần được liệt kê,,có,60,25,15,573.9,2.6,ước tính biên tập; không phải công thức định lượng của từng quán,toàn bộ thành phần đặc trưng đã ghi trong CSV gốc; không phải công thức đầy đủ của mọi quán,USDA SR28 / FoodData Central (proxy),USDA SR28 NDB_No 11109,USDA SR28 Energ_Kcal (trên 100 g phần ăn được),"CABBAGE,RAW",https://catalog.data.gov/dataset/composition-of-foods-raw-processed-prepared-usda-national-nutrient-database-for-standar-28,https://vietnam.travel/things-to-do/must-try-food-in-hanoi; https://vietnamtourism.vn/en/index.php/services/restaurants/search/19,cao,thap,Không tính sốt/dầu. Khối lượng rau ăn được trong một suất. Khớp gần với bản ghi USDA SR28; điểm khớp 100%.,2026-08-02
HN114,Tonkatsu,Món Nhật,4,sốt tonkatsu,Sốt tonkatsu,Tonkatsu sauce,nước sốt,chế biến sẵn,sot_nuoc_cham,có,thành phần được liệt kê,,có,25,130,32.5,573.9,5.7,ước tính biên tập; không phải công thức định lượng của từng quán,toàn bộ thành phần đặc trưng đã ghi trong CSV gốc; không phải công thức đầy đủ của mọi quán,USDA SR28 / FoodData Central (proxy),không gắn mã riêng; đối chiếu theo thực phẩm tương đương,USDA SR28 Energ_Kcal (trên 100 g phần ăn được),Tonkatsu sauce,https://catalog.data.gov/dataset/composition-of-foods-raw-processed-prepared-usda-national-nutrient-database-for-standar-28,https://vietnam.travel/things-to-do/must-try-food-in-hanoi; https://vietnamtourism.vn/en/index.php/services/restaurants/search/19,trung_binh,thap,Biến thiên theo hãng và đường. Lượng sốt/nước chấm bám và được ăn trong một suất.,2026-08-02
HN114,Tonkatsu,Món Nhật,5,cơm,Cơm trắng,"White rice, cooked",ngũ cốc,"chín, ngậm nước",tinh_bot_chinh_da_chin,có,thành phần được liệt kê,,có,180,130,234,573.9,40.8,ước tính biên tập; không phải công thức định lượng của từng quán,toàn bộ thành phần đặc trưng đã ghi trong CSV gốc; không phải công thức đầy đủ của mọi quán,Viện Dinh dưỡng Việt Nam / FAO (proxy),không gắn mã riêng; đối chiếu theo thực phẩm tương đương,NIN/FAO Energy kcal (trên 100 g phần ăn được),"White rice, cooked",https://viendinhduong.vn/en/cong-cu-va-tien-ich/nutritional-value-of-food; https://www.fao.org/fileadmin/templates/food_composition/documents/pdf/VTN_FCT_2007.pdf,https://vietnam.travel/things-to-do/must-try-food-in-hanoi; https://vietnamtourism.vn/en/index.php/services/restaurants/search/19,cao,thap,Cơm trắng nấu bằng nước. Khối lượng cơm chín trong một bát/phần.,2026-08-02
HN115,Udon,Món Nhật,1,mì udon,Mì udon chín,"Udon noodles, cooked",mì/bún,"chín, ngậm nước",tinh_bot_chinh_da_chin,có,thành phần được liệt kê,,có,180,127,228.6,487.5,46.9,ước tính biên tập; không phải công thức định lượng của từng quán,toàn bộ thành phần đặc trưng đã ghi trong CSV gốc; không phải công thức đầy đủ của mọi quán,USDA SR28 / FoodData Central (proxy),không gắn mã riêng; đối chiếu theo thực phẩm tương đương,USDA SR28 Energ_Kcal (trên 100 g phần ăn được),"Udon noodles, cooked",https://catalog.data.gov/dataset/composition-of-foods-raw-processed-prepared-usda-national-nutrient-database-for-standar-28,https://vietnam.travel/things-to-do/must-try-food-in-hanoi; https://vietnamtourism.vn/en/index.php/services/restaurants/search/19,cao,thap,Không sốt và không dầu. Khối lượng sợi/bánh đã nấu chín cho một suất; nếu tra bảng dạng khô phải quy đổi lại.,2026-08-02
HN115,Udon,Món Nhật,2,dashi,Nước dùng dashi,Dashi broth,nước dùng,đã pha/nấu,nuoc_dung,có,thành phần được liệt kê,,có,320,10,32,487.5,6.6,ước tính biên tập; không phải công thức định lượng của từng quán,toàn bộ thành phần đặc trưng đã ghi trong CSV gốc; không phải công thức đầy đủ của mọi quán,USDA SR28 / FoodData Central (proxy),không gắn mã riêng; đối chiếu theo thực phẩm tương đương,USDA SR28 Energ_Kcal (trên 100 g phần ăn được),Dashi broth,https://catalog.data.gov/dataset/composition-of-foods-raw-processed-prepared-usda-national-nutrient-database-for-standar-28,https://vietnam.travel/things-to-do/must-try-food-in-hanoi; https://vietnamtourism.vn/en/index.php/services/restaurants/search/19,trung_binh,thap,Dashi loãng từ kombu/cá bào. Một tô/cốc nước dùng; với lẩu hiểu là lượng một người thực ăn.,2026-08-02
HN115,Udon,Món Nhật,3,xì dầu,Nước tương,Soy sauce,gia vị/nước chấm,dạng lỏng,nuoc_cham_gia_vi_long,có,thành phần được liệt kê,,có,15,53,8,487.5,1.6,ước tính biên tập; không phải công thức định lượng của từng quán,toàn bộ thành phần đặc trưng đã ghi trong CSV gốc; không phải công thức đầy đủ của mọi quán,USDA SR28 / FoodData Central (proxy),không gắn mã riêng; đối chiếu theo thực phẩm tương đương,USDA SR28 Energ_Kcal (trên 100 g phần ăn được),Soy sauce,https://catalog.data.gov/dataset/composition-of-foods-raw-processed-prepared-usda-national-nutrient-database-for-standar-28,https://vietnam.travel/things-to-do/must-try-food-in-hanoi; https://vietnamtourism.vn/en/index.php/services/restaurants/search/19,cao,thap,"Nước tương thông dụng. Lượng nước chấm/gia vị lỏng thực ăn trong một suất, không phải toàn bộ bát chấm.",2026-08-02
HN115,Udon,Món Nhật,4,hành,Hành lá,"Spring onion, raw",rau thơm,tươi,rau_thom_tao_nen,có,thành phần được liệt kê,,có,20,32,6.4,487.5,1.3,ước tính biên tập; không phải công thức định lượng của từng quán,toàn bộ thành phần đặc trưng đã ghi trong CSV gốc; không phải công thức đầy đủ của mọi quán,Viện Dinh dưỡng Việt Nam / FAO (proxy),không gắn mã riêng; đối chiếu theo thực phẩm tương đương,NIN/FAO Energy kcal (trên 100 g phần ăn được),"Spring onion, raw",https://viendinhduong.vn/en/cong-cu-va-tien-ich/nutritional-value-of-food; https://www.fao.org/fileadmin/templates/food_composition/documents/pdf/VTN_FCT_2007.pdf,https://vietnam.travel/things-to-do/must-try-food-in-hanoi; https://vietnamtourism.vn/en/index.php/services/restaurants/search/19,trung_binh,thap,"Giả định hành lá, không phải hành củ. Lượng hành trong một suất; nếu chỉ rắc mặt có thể giảm còn 5–10 g theo thứ tự thành phần.",2026-08-02
HN115,Udon,Món Nhật,5,thịt/hải sản,Thịt chín tổng hợp,"Cooked meat, generic",thịt,chín,dam_hai_san_hoac_hon_hop,có,lựa chọn mặc định,HN115-05,có,85,250,212.5,487.5,43.6,ước tính biên tập; không phải công thức định lượng của từng quán,toàn bộ thành phần đặc trưng đã ghi trong CSV gốc; không phải công thức đầy đủ của mọi quán,Viện Dinh dưỡng Việt Nam / FAO (proxy),không gắn mã riêng; đối chiếu theo thực phẩm tương đương,NIN/FAO Energy kcal (trên 100 g phần ăn được),"Cooked meat, generic",https://viendinhduong.vn/en/cong-cu-va-tien-ich/nutritional-value-of-food; https://www.fao.org/fileadmin/templates/food_composition/documents/pdf/VTN_FCT_2007.pdf,https://vietnam.travel/things-to-do/must-try-food-in-hanoi; https://vietnamtourism.vn/en/index.php/services/restaurants/search/19,thap,thap,"Tên chung; giá trị trung bình thịt nạc-mỡ vừa. Khối lượng phần ăn được, bỏ vỏ/xương; chuỗi có dấu gạch chéo là một lựa chọn/hỗn hợp. Các lựa chọn cùng nhóm không dùng để cộng đồng thời.",2026-08-02
HN115,Udon,Món Nhật,6,thịt/hải sản,Hải sản hỗn hợp chín,"Mixed seafood, cooked",hải sản,chín,dam_hai_san_hoac_hon_hop,có,lựa chọn thay thế,HN115-05,không,85,100,85,487.5,0,ước tính biên tập; không phải công thức định lượng của từng quán,toàn bộ thành phần đặc trưng đã ghi trong CSV gốc; không phải công thức đầy đủ của mọi quán,USDA SR28 / FoodData Central (proxy),không gắn mã riêng; đối chiếu theo thực phẩm tương đương,USDA SR28 Energ_Kcal (trên 100 g phần ăn được),"Mixed seafood, cooked",https://catalog.data.gov/dataset/composition-of-foods-raw-processed-prepared-usda-national-nutrient-database-for-standar-28,https://vietnam.travel/things-to-do/must-try-food-in-hanoi; https://vietnamtourism.vn/en/index.php/services/restaurants/search/19,thap,thap,"Trung bình tôm, mực và nhuyễn thể nạc. Khối lượng phần ăn được, bỏ vỏ/xương; chuỗi có dấu gạch chéo là một lựa chọn/hỗn hợp. Các lựa chọn cùng nhóm không dùng để cộng đồng thời.",2026-08-02
HN116,Yakitori,Món Nhật,1,thịt gà,Thịt gà chín,"Chicken meat, cooked",thịt gia cầm,"chín, thịt và da đại diện",dam_chinh,có,thành phần được liệt kê,,có,100,239,239,288.7,82.8,ước tính biên tập; không phải công thức định lượng của từng quán,toàn bộ thành phần đặc trưng đã ghi trong CSV gốc; không phải công thức đầy đủ của mọi quán,Viện Dinh dưỡng Việt Nam / FAO (proxy),không gắn mã riêng; đối chiếu theo thực phẩm tương đương,NIN/FAO Energy kcal (trên 100 g phần ăn được),"Chicken meat, cooked",https://viendinhduong.vn/en/cong-cu-va-tien-ich/nutritional-value-of-food; https://www.fao.org/fileadmin/templates/food_composition/documents/pdf/VTN_FCT_2007.pdf,https://vietnam.travel/things-to-do/must-try-food-in-hanoi; https://vietnamtourism.vn/en/index.php/services/restaurants/search/19,trung_binh,thap,Biến thiên theo phần cắt và da. Khối lượng thịt chín ăn được trong một suất; gà tùy chọn chỉ tính khi thực sự thêm.,2026-08-02
HN116,Yakitori,Món Nhật,2,hành boa-rô,Tỏi tây,"Leek, raw",rau củ,tươi,rau_thom_tao_nen,có,thành phần được liệt kê,,có,20,61,12.2,288.7,4.2,ước tính biên tập; không phải công thức định lượng của từng quán,toàn bộ thành phần đặc trưng đã ghi trong CSV gốc; không phải công thức đầy đủ của mọi quán,USDA SR28 / FoodData Central (proxy),không gắn mã riêng; đối chiếu theo thực phẩm tương đương,USDA SR28 Energ_Kcal (trên 100 g phần ăn được),"Leek, raw",https://catalog.data.gov/dataset/composition-of-foods-raw-processed-prepared-usda-national-nutrient-database-for-standar-28,https://vietnam.travel/things-to-do/must-try-food-in-hanoi; https://vietnamtourism.vn/en/index.php/services/restaurants/search/19,cao,thap,Phần thân trắng-xanh non. Lượng hành trong một suất; nếu chỉ rắc mặt có thể giảm còn 5–10 g theo thứ tự thành phần.,2026-08-02
HN116,Yakitori,Món Nhật,3,sốt tare,Sốt tare,Tare sauce,nước sốt,cô đặc,sot_nuoc_cham,có,thành phần được liệt kê,,có,25,150,37.5,288.7,13,ước tính biên tập; không phải công thức định lượng của từng quán,toàn bộ thành phần đặc trưng đã ghi trong CSV gốc; không phải công thức đầy đủ của mọi quán,USDA SR28 / FoodData Central (proxy),không gắn mã riêng; đối chiếu theo thực phẩm tương đương,USDA SR28 Energ_Kcal (trên 100 g phần ăn được),Tare sauce,https://catalog.data.gov/dataset/composition-of-foods-raw-processed-prepared-usda-national-nutrient-database-for-standar-28,https://vietnam.travel/things-to-do/must-try-food-in-hanoi; https://vietnamtourism.vn/en/index.php/services/restaurants/search/19,thap,thap,"Phụ thuộc xì dầu, mirin, đường và mỡ. Lượng sốt/nước chấm bám và được ăn trong một suất.",2026-08-02
HN116,Yakitori,Món Nhật,4,muối,Muối ăn,Table salt,gia vị khoáng,khô,gia_vi,có,thành phần được liệt kê,,có,2,0,0,288.7,0,ước tính biên tập; không phải công thức định lượng của từng quán,toàn bộ thành phần đặc trưng đã ghi trong CSV gốc; không phải công thức đầy đủ của mọi quán,USDA SR28 / FoodData Central (proxy),USDA SR28 NDB_No 02047,USDA SR28 Energ_Kcal (trên 100 g phần ăn được),"SALT,TABLE",https://catalog.data.gov/dataset/composition-of-foods-raw-processed-prepared-usda-national-nutrient-database-for-standar-28,https://vietnam.travel/things-to-do/must-try-food-in-hanoi; https://vietnamtourism.vn/en/index.php/services/restaurants/search/19,cao,thap,"Khoáng chất, không cung cấp năng lượng. Lượng gia vị ước tính được ăn trong một suất. Khớp gần với bản ghi USDA SR28; điểm khớp 100%.",2026-08-02
HN117,Lòng rán,Món nhậu đường phố,1,lòng lợn,Lòng lợn chín,"Pork intestines, cooked",nội tạng,chín,dam_noi_tang_bi,có,thành phần được liệt kê,,có,60,198,118.8,146.7,81,ước tính biên tập; không phải công thức định lượng của từng quán,toàn bộ thành phần đặc trưng đã ghi trong CSV gốc; không phải công thức đầy đủ của mọi quán,USDA SR28 / FoodData Central (proxy),không gắn mã riêng; đối chiếu theo thực phẩm tương đương,USDA SR28 Energ_Kcal (trên 100 g phần ăn được),"Pork intestines, cooked",https://catalog.data.gov/dataset/composition-of-foods-raw-processed-prepared-usda-national-nutrient-database-for-standar-28,https://vietnamtourism.vn/en/index.php/services/restaurants/search/19,trung_binh,thap,Giá trị đại diện ruột lợn chín. Khối lượng nội tạng/bì chín trong một phần.,2026-08-02
HN117,Lòng rán,Món nhậu đường phố,2,dưa cải,Dưa cải muối,Pickled mustard greens,rau muối chua,lên men/ngâm muối,rau_muoi_chua,có,thành phần được liệt kê,,có,50,19,9.5,146.7,6.5,ước tính biên tập; không phải công thức định lượng của từng quán,toàn bộ thành phần đặc trưng đã ghi trong CSV gốc; không phải công thức đầy đủ của mọi quán,Viện Dinh dưỡng Việt Nam / FAO (proxy),không gắn mã riêng; đối chiếu theo thực phẩm tương đương,NIN/FAO Energy kcal (trên 100 g phần ăn được),Pickled mustard greens,https://viendinhduong.vn/en/cong-cu-va-tien-ich/nutritional-value-of-food; https://www.fao.org/fileadmin/templates/food_composition/documents/pdf/VTN_FCT_2007.pdf,https://vietnamtourism.vn/en/index.php/services/restaurants/search/19,trung_binh,thap,Không tính nước ngâm nhiều đường. Khẩu phần rau muối/chua dùng kèm hoặc nấu trong một suất.,2026-08-02
HN117,Lòng rán,Món nhậu đường phố,3,hành,Hành lá,"Spring onion, raw",rau thơm,tươi,rau_thom_tao_nen,có,thành phần được liệt kê,,có,20,32,6.4,146.7,4.4,ước tính biên tập; không phải công thức định lượng của từng quán,toàn bộ thành phần đặc trưng đã ghi trong CSV gốc; không phải công thức đầy đủ của mọi quán,Viện Dinh dưỡng Việt Nam / FAO (proxy),không gắn mã riêng; đối chiếu theo thực phẩm tương đương,NIN/FAO Energy kcal (trên 100 g phần ăn được),"Spring onion, raw",https://viendinhduong.vn/en/cong-cu-va-tien-ich/nutritional-value-of-food; https://www.fao.org/fileadmin/templates/food_composition/documents/pdf/VTN_FCT_2007.pdf,https://vietnamtourism.vn/en/index.php/services/restaurants/search/19,trung_binh,thap,"Giả định hành lá, không phải hành củ. Lượng hành trong một suất; nếu chỉ rắc mặt có thể giảm còn 5–10 g theo thứ tự thành phần.",2026-08-02
HN117,Lòng rán,Món nhậu đường phố,4,rau răm,Rau răm,Vietnamese coriander,rau thơm,"tươi, sống",rau_thom,có,thành phần được liệt kê,,có,15,30,4.5,146.7,3.1,ước tính biên tập; không phải công thức định lượng của từng quán,toàn bộ thành phần đặc trưng đã ghi trong CSV gốc; không phải công thức đầy đủ của mọi quán,Viện Dinh dưỡng Việt Nam / FAO (proxy),không gắn mã riêng; đối chiếu theo thực phẩm tương đương,NIN/FAO Energy kcal (trên 100 g phần ăn được),Vietnamese coriander,https://viendinhduong.vn/en/cong-cu-va-tien-ich/nutritional-value-of-food; https://www.fao.org/fileadmin/templates/food_composition/documents/pdf/VTN_FCT_2007.pdf,https://vietnamtourism.vn/en/index.php/services/restaurants/search/19,trung_binh,thap,Ước tính theo rau thơm tươi. Một nhúm rau thơm/lá gia vị ăn được trong một suất.,2026-08-02
HN117,Lòng rán,Món nhậu đường phố,5,gia vị,Gia vị hỗn hợp khô,"Mixed spices, dry",gia vị,khô/xay,gia_vi_kho_hon_hop,có,thành phần được liệt kê,,có,3,250,7.5,146.7,5.1,ước tính biên tập; không phải công thức định lượng của từng quán,toàn bộ thành phần đặc trưng đã ghi trong CSV gốc; không phải công thức đầy đủ của mọi quán,USDA SR28 / FoodData Central (proxy),không gắn mã riêng; đối chiếu theo thực phẩm tương đương,USDA SR28 Energ_Kcal (trên 100 g phần ăn được),"Mixed spices, dry",https://catalog.data.gov/dataset/composition-of-foods-raw-processed-prepared-usda-national-nutrient-database-for-standar-28,https://vietnamtourism.vn/en/index.php/services/restaurants/search/19,thap,thap,Tên chung; lượng dùng nhỏ và thành phần thay đổi. Tổng lượng gia vị khô/hỗn hợp cho một suất; chuỗi gạch chéo được coi là hỗn hợp chung.,2026-08-02
HN118,Ngan cháy tỏi,Món nhậu Hà Nội,1,ngan,Thịt ngan chín,"Muscovy duck meat, cooked",thịt gia cầm,"chín, có da đại diện",dam_chinh,có,thành phần được liệt kê,,có,100,300,300,452.3,66.3,ước tính biên tập; không phải công thức định lượng của từng quán,toàn bộ thành phần đặc trưng đã ghi trong CSV gốc; không phải công thức đầy đủ của mọi quán,Viện Dinh dưỡng Việt Nam / FAO (proxy),không gắn mã riêng; đối chiếu theo thực phẩm tương đương,NIN/FAO Energy kcal (trên 100 g phần ăn được),"Muscovy duck meat, cooked",https://viendinhduong.vn/en/cong-cu-va-tien-ich/nutritional-value-of-food; https://www.fao.org/fileadmin/templates/food_composition/documents/pdf/VTN_FCT_2007.pdf,https://vietnamtourism.vn/en/index.php/services/restaurants/search/19,trung_binh,thap,Proxy vịt/ngan chín; bỏ da giảm kcal. Khối lượng thịt chín ăn được trong một suất; gà tùy chọn chỉ tính khi thực sự thêm.,2026-08-02
HN118,Ngan cháy tỏi,Món nhậu Hà Nội,2,tỏi,Tỏi tươi,"Garlic, raw",gia vị,tươi,gia_vi_tuoi,có,thành phần được liệt kê,,có,8,149,11.9,452.3,2.6,ước tính biên tập; không phải công thức định lượng của từng quán,toàn bộ thành phần đặc trưng đã ghi trong CSV gốc; không phải công thức đầy đủ của mọi quán,USDA SR28 / FoodData Central (proxy),USDA SR28 NDB_No 11215,USDA SR28 Energ_Kcal (trên 100 g phần ăn được),"GARLIC,RAW",https://catalog.data.gov/dataset/composition-of-foods-raw-processed-prepared-usda-national-nutrient-database-for-standar-28,https://vietnamtourism.vn/en/index.php/services/restaurants/search/19,cao,thap,Tép tỏi ăn được. Lượng gia vị tươi ước/nấu trong một suất; không nhất thiết ăn hết phần xác. Khớp gần với bản ghi USDA SR28; điểm khớp 100%.,2026-08-02
HN118,Ngan cháy tỏi,Món nhậu Hà Nội,3,dầu,Dầu thực vật,Vegetable oil,chất béo,dạng lỏng,chat_beo_hap_thu,có,thành phần được liệt kê,,có,15,884,132.6,452.3,29.3,ước tính biên tập; không phải công thức định lượng của từng quán,toàn bộ thành phần đặc trưng đã ghi trong CSV gốc; không phải công thức đầy đủ của mọi quán,USDA SR28 / FoodData Central (proxy),USDA SR28 NDB_No 04513,USDA SR28 Energ_Kcal (trên 100 g phần ăn được),"VEGETABLE OIL,PALM KERNEL",https://catalog.data.gov/dataset/composition-of-foods-raw-processed-prepared-usda-national-nutrient-database-for-standar-28,https://vietnamtourism.vn/en/index.php/services/restaurants/search/19,cao,thap,"Chỉ tính lượng thực tế dùng/hấp thụ. Lượng dầu ước tính còn lại/hấp thụ trong một suất, không phải toàn bộ dầu trong chảo. Khớp gần với bản ghi USDA SR28; điểm khớp 100%.",2026-08-02
HN118,Ngan cháy tỏi,Món nhậu Hà Nội,4,nước mắm,Nước mắm,Fish sauce,gia vị/nước chấm,dạng lỏng,nuoc_cham_gia_vi_long,có,thành phần được liệt kê,,có,15,35,5.3,452.3,1.2,ước tính biên tập; không phải công thức định lượng của từng quán,toàn bộ thành phần đặc trưng đã ghi trong CSV gốc; không phải công thức đầy đủ của mọi quán,Viện Dinh dưỡng Việt Nam / FAO (proxy),không gắn mã riêng; đối chiếu theo thực phẩm tương đương,NIN/FAO Energy kcal (trên 100 g phần ăn được),Fish sauce,https://viendinhduong.vn/en/cong-cu-va-tien-ich/nutritional-value-of-food; https://www.fao.org/fileadmin/templates/food_composition/documents/pdf/VTN_FCT_2007.pdf,https://vietnamtourism.vn/en/index.php/services/restaurants/search/19,cao,thap,"Loại nước mắm thông dụng. Lượng nước chấm/gia vị lỏng thực ăn trong một suất, không phải toàn bộ bát chấm.",2026-08-02
HN118,Ngan cháy tỏi,Món nhậu Hà Nội,5,tiêu,Hạt tiêu đen xay,"Black pepper, ground",gia vị,"khô, xay",gia_vi_kho_manh,có,thành phần được liệt kê,,có,1,251,2.5,452.3,0.6,ước tính biên tập; không phải công thức định lượng của từng quán,toàn bộ thành phần đặc trưng đã ghi trong CSV gốc; không phải công thức đầy đủ của mọi quán,USDA SR28 / FoodData Central (proxy),không gắn mã riêng; đối chiếu theo thực phẩm tương đương,USDA SR28 Energ_Kcal (trên 100 g phần ăn được),"Black pepper, ground",https://catalog.data.gov/dataset/composition-of-foods-raw-processed-prepared-usda-national-nutrient-database-for-standar-28,https://vietnamtourism.vn/en/index.php/services/restaurants/search/19,cao,thap,Lượng dùng mỗi suất rất nhỏ. Lượng gia vị khô quy đổi; nhiều loại chỉ chiết hương và không ăn phần xác.,2026-08-02
HN119,Bún vịt,Món nước,1,bún,Bún tươi,"Rice vermicelli, cooked",mì/bún,"chín, ngậm nước",tinh_bot_chinh_da_chin,có,thành phần được liệt kê,,có,180,110,198,564,35.1,ước tính biên tập; không phải công thức định lượng của từng quán,toàn bộ thành phần đặc trưng đã ghi trong CSV gốc; không phải công thức đầy đủ của mọi quán,Viện Dinh dưỡng Việt Nam / FAO (proxy),không gắn mã riêng; đối chiếu theo thực phẩm tương đương,NIN/FAO Energy kcal (trên 100 g phần ăn được),"Rice vermicelli, cooked",https://viendinhduong.vn/en/cong-cu-va-tien-ich/nutritional-value-of-food; https://www.fao.org/fileadmin/templates/food_composition/documents/pdf/VTN_FCT_2007.pdf,https://vietnam.travel/things-to-do/vietnam-foodie-guide-region,cao,thap,Bún gạo tươi. Khối lượng sợi/bánh đã nấu chín cho một suất; nếu tra bảng dạng khô phải quy đổi lại.,2026-08-02
HN119,Bún vịt,Món nước,2,vịt,Thịt vịt chín,"Duck meat, cooked",thịt gia cầm,"chín, có da",dam_chinh,có,thành phần được liệt kê,,có,100,337,337,564,59.8,ước tính biên tập; không phải công thức định lượng của từng quán,toàn bộ thành phần đặc trưng đã ghi trong CSV gốc; không phải công thức đầy đủ của mọi quán,Viện Dinh dưỡng Việt Nam / FAO (proxy),không gắn mã riêng; đối chiếu theo thực phẩm tương đương,NIN/FAO Energy kcal (trên 100 g phần ăn được),"Duck meat, cooked",https://viendinhduong.vn/en/cong-cu-va-tien-ich/nutritional-value-of-food; https://www.fao.org/fileadmin/templates/food_composition/documents/pdf/VTN_FCT_2007.pdf,https://vietnam.travel/things-to-do/vietnam-foodie-guide-region,trung_binh,thap,Bỏ da sẽ giảm đáng kể kcal. Khối lượng thịt chín ăn được trong một suất; gà tùy chọn chỉ tính khi thực sự thêm.,2026-08-02
HN119,Bún vịt,Món nước,3,măng,Măng tươi chín,"Bamboo shoots, cooked",rau,luộc/chín,rau_cu,có,thành phần được liệt kê,,có,60,27,16.2,564,2.9,ước tính biên tập; không phải công thức định lượng của từng quán,toàn bộ thành phần đặc trưng đã ghi trong CSV gốc; không phải công thức đầy đủ của mọi quán,USDA SR28 / FoodData Central (proxy),không gắn mã riêng; đối chiếu theo thực phẩm tương đương,USDA SR28 Energ_Kcal (trên 100 g phần ăn được),"Bamboo shoots, cooked",https://catalog.data.gov/dataset/composition-of-foods-raw-processed-prepared-usda-national-nutrient-database-for-standar-28,https://vietnam.travel/things-to-do/vietnam-foodie-guide-region,cao,thap,Không tính măng khô. Khối lượng rau/củ chín hoặc sơ chế trong một suất.,2026-08-02
HN119,Bún vịt,Món nước,4,gừng,Gừng tươi,"Ginger root, raw",gia vị,"tươi, sống",gia_vi_tuoi,có,thành phần được liệt kê,,có,8,80,6.4,564,1.1,ước tính biên tập; không phải công thức định lượng của từng quán,toàn bộ thành phần đặc trưng đã ghi trong CSV gốc; không phải công thức đầy đủ của mọi quán,USDA SR28 / FoodData Central (proxy),USDA SR28 NDB_No 11216,USDA SR28 Energ_Kcal (trên 100 g phần ăn được),"GINGER ROOT,RAW",https://catalog.data.gov/dataset/composition-of-foods-raw-processed-prepared-usda-national-nutrient-database-for-standar-28,https://vietnam.travel/things-to-do/vietnam-foodie-guide-region,cao,thap,Gừng củ tươi. Lượng gia vị tươi ước/nấu trong một suất; không nhất thiết ăn hết phần xác. Khớp gần với bản ghi USDA SR28; điểm khớp 100%.,2026-08-02
HN119,Bún vịt,Món nước,5,hành,Hành lá,"Spring onion, raw",rau thơm,tươi,rau_thom_tao_nen,có,thành phần được liệt kê,,có,20,32,6.4,564,1.1,ước tính biên tập; không phải công thức định lượng của từng quán,toàn bộ thành phần đặc trưng đã ghi trong CSV gốc; không phải công thức đầy đủ của mọi quán,Viện Dinh dưỡng Việt Nam / FAO (proxy),không gắn mã riêng; đối chiếu theo thực phẩm tương đương,NIN/FAO Energy kcal (trên 100 g phần ăn được),"Spring onion, raw",https://viendinhduong.vn/en/cong-cu-va-tien-ich/nutritional-value-of-food; https://www.fao.org/fileadmin/templates/food_composition/documents/pdf/VTN_FCT_2007.pdf,https://vietnam.travel/things-to-do/vietnam-foodie-guide-region,trung_binh,thap,"Giả định hành lá, không phải hành củ. Lượng hành trong một suất; nếu chỉ rắc mặt có thể giảm còn 5–10 g theo thứ tự thành phần.",2026-08-02
HN120,Mì gà tần,Món nước đường phố,1,gà ác/gà ta,gà ác,"Silkie or free-range chicken, cooked",thịt gia cầm,chín,dam_chinh_co_xuong,có,lựa chọn mặc định,HN120-01,có,130,220,286,548.4,52.2,ước tính biên tập; không phải công thức định lượng của từng quán,toàn bộ thành phần đặc trưng đã ghi trong CSV gốc; không phải công thức đầy đủ của mọi quán,Viện Dinh dưỡng Việt Nam / FAO (proxy),không gắn mã riêng; đối chiếu theo thực phẩm tương đương,NIN/FAO Energy kcal (trên 100 g phần ăn được),"Silkie or free-range chicken, cooked",https://viendinhduong.vn/en/cong-cu-va-tien-ich/nutritional-value-of-food; https://www.fao.org/fileadmin/templates/food_composition/documents/pdf/VTN_FCT_2007.pdf,https://vietnam.travel/node/1560,thap,thap,Trung bình phần thịt có da và không da. Tách từ cụm lựa chọn “gà ác/gà ta”; dùng giá trị đại diện gần nhất. Khối lượng phần ăn được sau khi bỏ xương; phù hợp món nguyên phần/con nhỏ. Các lựa chọn cùng nhóm không dùng để cộng đồng thời.,2026-08-02
HN120,Mì gà tần,Món nước đường phố,2,gà ác/gà ta,gà ta,"Silkie or free-range chicken, cooked",thịt gia cầm,chín,dam_chinh_co_xuong,có,lựa chọn thay thế,HN120-01,không,130,220,286,548.4,0,ước tính biên tập; không phải công thức định lượng của từng quán,toàn bộ thành phần đặc trưng đã ghi trong CSV gốc; không phải công thức đầy đủ của mọi quán,Viện Dinh dưỡng Việt Nam / FAO (proxy),không gắn mã riêng; đối chiếu theo thực phẩm tương đương,NIN/FAO Energy kcal (trên 100 g phần ăn được),"Silkie or free-range chicken, cooked",https://viendinhduong.vn/en/cong-cu-va-tien-ich/nutritional-value-of-food; https://www.fao.org/fileadmin/templates/food_composition/documents/pdf/VTN_FCT_2007.pdf,https://vietnam.travel/node/1560,thap,thap,Trung bình phần thịt có da và không da. Tách từ cụm lựa chọn “gà ác/gà ta”; dùng giá trị đại diện gần nhất. Khối lượng phần ăn được sau khi bỏ xương; phù hợp món nguyên phần/con nhỏ. Các lựa chọn cùng nhóm không dùng để cộng đồng thời.,2026-08-02
HN120,Mì gà tần,Món nước đường phố,3,ngải cứu,Rau ngải cứu,Mugwort leaves,rau lá,tươi,rau_thom,có,thành phần được liệt kê,,có,15,43,6.5,548.4,1.2,ước tính biên tập; không phải công thức định lượng của từng quán,toàn bộ thành phần đặc trưng đã ghi trong CSV gốc; không phải công thức đầy đủ của mọi quán,Viện Dinh dưỡng Việt Nam / FAO (proxy),không gắn mã riêng; đối chiếu theo thực phẩm tương đương,NIN/FAO Energy kcal (trên 100 g phần ăn được),Mugwort leaves,https://viendinhduong.vn/en/cong-cu-va-tien-ich/nutritional-value-of-food; https://www.fao.org/fileadmin/templates/food_composition/documents/pdf/VTN_FCT_2007.pdf,https://vietnam.travel/node/1560,trung_binh,thap,Ước tính cho lá tươi ăn được. Một nhúm rau thơm/lá gia vị ăn được trong một suất.,2026-08-02
HN120,Mì gà tần,Món nước đường phố,4,thuốc bắc,Dược liệu khô nấu ăn,"Chinese medicinal herbs, dried",gia vị/dược liệu,"khô, thường không ăn hết",gia_vi_kho_hon_hop,có,thành phần được liệt kê,,có,3,250,7.5,548.4,1.4,ước tính biên tập; không phải công thức định lượng của từng quán,toàn bộ thành phần đặc trưng đã ghi trong CSV gốc; không phải công thức đầy đủ của mọi quán,Viện Dinh dưỡng Việt Nam / FAO (proxy),không gắn mã riêng; đối chiếu theo thực phẩm tương đương,NIN/FAO Energy kcal (trên 100 g phần ăn được),"Chinese medicinal herbs, dried",https://viendinhduong.vn/en/cong-cu-va-tien-ich/nutritional-value-of-food; https://www.fao.org/fileadmin/templates/food_composition/documents/pdf/VTN_FCT_2007.pdf,https://vietnam.travel/node/1560,thap,thap,Hỗn hợp rất biến thiên; lượng dùng/ăn thực tế nhỏ. Tổng lượng gia vị khô/hỗn hợp cho một suất; chuỗi gạch chéo được coi là hỗn hợp chung.,2026-08-02
HN120,Mì gà tần,Món nước đường phố,5,mì trứng,Mì trứng chín,"Egg noodles, cooked",mì/bún,"chín, ngậm nước",tinh_bot_chinh_da_chin,có,thành phần được liệt kê,,có,180,138,248.4,548.4,45.3,ước tính biên tập; không phải công thức định lượng của từng quán,toàn bộ thành phần đặc trưng đã ghi trong CSV gốc; không phải công thức đầy đủ của mọi quán,USDA SR28 / FoodData Central (proxy),không gắn mã riêng; đối chiếu theo thực phẩm tương đương,USDA SR28 Energ_Kcal (trên 100 g phần ăn được),"Egg noodles, cooked",https://catalog.data.gov/dataset/composition-of-foods-raw-processed-prepared-usda-national-nutrient-database-for-standar-28,https://vietnam.travel/node/1560,cao,thap,Không tính dầu/sốt. Khối lượng sợi/bánh đã nấu chín cho một suất; nếu tra bảng dạng khô phải quy đổi lại.,2026-08-02
HN121,Bún ốc,Món nước Hà Nội,1,bún,Bún tươi,"Rice vermicelli, cooked",mì/bún,"chín, ngậm nước",tinh_bot_chinh_da_chin,có,thành phần được liệt kê,,có,180,110,198,298.4,66.4,ước tính biên tập; không phải công thức định lượng của từng quán,toàn bộ thành phần đặc trưng đã ghi trong CSV gốc; không phải công thức đầy đủ của mọi quán,Viện Dinh dưỡng Việt Nam / FAO (proxy),không gắn mã riêng; đối chiếu theo thực phẩm tương đương,NIN/FAO Energy kcal (trên 100 g phần ăn được),"Rice vermicelli, cooked",https://viendinhduong.vn/en/cong-cu-va-tien-ich/nutritional-value-of-food; https://www.fao.org/fileadmin/templates/food_composition/documents/pdf/VTN_FCT_2007.pdf,https://vietnam.travel/node/1560,cao,thap,Bún gạo tươi. Khối lượng sợi/bánh đã nấu chín cho một suất; nếu tra bảng dạng khô phải quy đổi lại.,2026-08-02
HN121,Bún ốc,Món nước Hà Nội,2,ốc,Thịt ốc chín,"Snail meat, cooked",hải sản,"chín, phần ăn được",dam_chinh_nhuyen_the,có,thành phần được liệt kê,,có,90,90,81,298.4,27.1,ước tính biên tập; không phải công thức định lượng của từng quán,toàn bộ thành phần đặc trưng đã ghi trong CSV gốc; không phải công thức đầy đủ của mọi quán,Viện Dinh dưỡng Việt Nam / FAO (proxy),không gắn mã riêng; đối chiếu theo thực phẩm tương đương,NIN/FAO Energy kcal (trên 100 g phần ăn được),"Snail meat, cooked",https://viendinhduong.vn/en/cong-cu-va-tien-ich/nutritional-value-of-food; https://www.fao.org/fileadmin/templates/food_composition/documents/pdf/VTN_FCT_2007.pdf,https://vietnam.travel/node/1560,trung_binh,thap,"Không tính vỏ ốc. Khối lượng ruột/thịt ăn được, không tính vỏ.",2026-08-02
HN121,Bún ốc,Món nước Hà Nội,3,cà chua,Cà chua tươi,"Tomato, raw",rau quả,tươi,rau_cu,có,thành phần được liệt kê,,có,60,18,10.8,298.4,3.6,ước tính biên tập; không phải công thức định lượng của từng quán,toàn bộ thành phần đặc trưng đã ghi trong CSV gốc; không phải công thức đầy đủ của mọi quán,USDA SR28 / FoodData Central (proxy),không gắn mã riêng; đối chiếu theo thực phẩm tương đương,USDA SR28 Energ_Kcal (trên 100 g phần ăn được),"Tomato, raw",https://catalog.data.gov/dataset/composition-of-foods-raw-processed-prepared-usda-national-nutrient-database-for-standar-28,https://vietnam.travel/node/1560,cao,thap,Phần quả ăn được. Khối lượng rau/củ chín hoặc sơ chế trong một suất.,2026-08-02
HN121,Bún ốc,Món nước Hà Nội,4,giấm bỗng,Giấm bỗng,Vietnamese rice-wine vinegar lees,gia vị lên men,dạng lỏng,nuoc_cham_gia_vi_long,có,thành phần được liệt kê,,có,15,20,3,298.4,1,ước tính biên tập; không phải công thức định lượng của từng quán,toàn bộ thành phần đặc trưng đã ghi trong CSV gốc; không phải công thức đầy đủ của mọi quán,Viện Dinh dưỡng Việt Nam / FAO (proxy),không gắn mã riêng; đối chiếu theo thực phẩm tương đương,NIN/FAO Energy kcal (trên 100 g phần ăn được),Vietnamese rice-wine vinegar lees,https://viendinhduong.vn/en/cong-cu-va-tien-ich/nutritional-value-of-food; https://www.fao.org/fileadmin/templates/food_composition/documents/pdf/VTN_FCT_2007.pdf,https://vietnam.travel/node/1560,thap,thap,"Proxy giấm gạo có cặn; độ đặc thay đổi. Lượng nước chấm/gia vị lỏng thực ăn trong một suất, không phải toàn bộ bát chấm.",2026-08-02
HN121,Bún ốc,Món nước Hà Nội,5,tía tô,Lá tía tô,Perilla leaves,rau thơm,"tươi, sống",rau_thom,có,thành phần được liệt kê,,có,15,37,5.6,298.4,1.9,ước tính biên tập; không phải công thức định lượng của từng quán,toàn bộ thành phần đặc trưng đã ghi trong CSV gốc; không phải công thức đầy đủ của mọi quán,Viện Dinh dưỡng Việt Nam / FAO (proxy),không gắn mã riêng; đối chiếu theo thực phẩm tương đương,NIN/FAO Energy kcal (trên 100 g phần ăn được),Perilla leaves,https://viendinhduong.vn/en/cong-cu-va-tien-ich/nutritional-value-of-food; https://www.fao.org/fileadmin/templates/food_composition/documents/pdf/VTN_FCT_2007.pdf,https://vietnam.travel/node/1560,trung_binh,thap,Lá ăn được. Một nhúm rau thơm/lá gia vị ăn được trong một suất.,2026-08-02
HN122,Bún thang,Món nước Hà Nội,1,bún,Bún tươi,"Rice vermicelli, cooked",mì/bún,"chín, ngậm nước",tinh_bot_chinh_da_chin,có,thành phần được liệt kê,,có,180,110,198,713.9,27.7,ước tính biên tập; không phải công thức định lượng của từng quán,toàn bộ thành phần đặc trưng đã ghi trong CSV gốc; không phải công thức đầy đủ của mọi quán,Viện Dinh dưỡng Việt Nam / FAO (proxy),không gắn mã riêng; đối chiếu theo thực phẩm tương đương,NIN/FAO Energy kcal (trên 100 g phần ăn được),"Rice vermicelli, cooked",https://viendinhduong.vn/en/cong-cu-va-tien-ich/nutritional-value-of-food; https://www.fao.org/fileadmin/templates/food_composition/documents/pdf/VTN_FCT_2007.pdf,https://www.vietnam.travel/things-to-do/10-must-try-hanoi-dishes/,cao,thap,Bún gạo tươi. Khối lượng sợi/bánh đã nấu chín cho một suất; nếu tra bảng dạng khô phải quy đổi lại.,2026-08-02
HN122,Bún thang,Món nước Hà Nội,2,gà,Thịt gà chín,"Chicken meat, cooked",thịt gia cầm,"chín, thịt và da đại diện",dam_chinh,có,thành phần được liệt kê,,có,76.2,239,182.1,713.9,25.5,ước tính biên tập; không phải công thức định lượng của từng quán,toàn bộ thành phần đặc trưng đã ghi trong CSV gốc; không phải công thức đầy đủ của mọi quán,Viện Dinh dưỡng Việt Nam / FAO (proxy),không gắn mã riêng; đối chiếu theo thực phẩm tương đương,NIN/FAO Energy kcal (trên 100 g phần ăn được),"Chicken meat, cooked",https://viendinhduong.vn/en/cong-cu-va-tien-ich/nutritional-value-of-food; https://www.fao.org/fileadmin/templates/food_composition/documents/pdf/VTN_FCT_2007.pdf,https://www.vietnam.travel/things-to-do/10-must-try-hanoi-dishes/,trung_binh,thap,Biến thiên theo phần cắt và có da hay không. Khối lượng thịt chín ăn được trong một suất; gà tùy chọn chỉ tính khi thực sự thêm. Khối lượng đạm được phân bổ lại theo ngân sách 160 g cho món có nhiều thành phần đạm.,2026-08-02
HN122,Bún thang,Món nước Hà Nội,3,trứng,Trứng gà nguyên quả,"Chicken egg, whole, cooked",trứng,chín,dam_phu,có,thành phần được liệt kê,,có,41.9,155,64.9,713.9,9.1,ước tính biên tập; không phải công thức định lượng của từng quán,toàn bộ thành phần đặc trưng đã ghi trong CSV gốc; không phải công thức đầy đủ của mọi quán,USDA SR28 / FoodData Central (proxy),không gắn mã riêng; đối chiếu theo thực phẩm tương đương,USDA SR28 Energ_Kcal (trên 100 g phần ăn được),"Chicken egg, whole, cooked",https://catalog.data.gov/dataset/composition-of-foods-raw-processed-prepared-usda-national-nutrient-database-for-standar-28,https://www.vietnam.travel/things-to-do/10-must-try-hanoi-dishes/,cao,thap,"Trứng gà nguyên quả đại diện. Quy đổi một quả trứng gà cỡ vừa, bỏ vỏ. Khối lượng đạm được phân bổ lại theo ngân sách 160 g cho món có nhiều thành phần đạm.",2026-08-02
HN122,Bún thang,Món nước Hà Nội,4,giò lụa,Giò lụa lợn,Vietnamese pork sausage,thịt chế biến,chín,dam_che_bien,có,thành phần được liệt kê,,có,41.9,230,96.4,713.9,13.5,ước tính biên tập; không phải công thức định lượng của từng quán,toàn bộ thành phần đặc trưng đã ghi trong CSV gốc; không phải công thức đầy đủ của mọi quán,Viện Dinh dưỡng Việt Nam / FAO (proxy),không gắn mã riêng; đối chiếu theo thực phẩm tương đương,NIN/FAO Energy kcal (trên 100 g phần ăn được),Vietnamese pork sausage,https://viendinhduong.vn/en/cong-cu-va-tien-ich/nutritional-value-of-food; https://www.fao.org/fileadmin/templates/food_composition/documents/pdf/VTN_FCT_2007.pdf,https://www.vietnam.travel/things-to-do/10-must-try-hanoi-dishes/,trung_binh,thap,"Biến thiên theo tỷ lệ thịt, mỡ và bột. Một phần chả/giò ăn kèm; giò sống được hiểu là khối lượng sau nấu gần tương đương. Khối lượng đạm được phân bổ lại theo ngân sách 160 g cho món có nhiều thành phần đạm.",2026-08-02
HN122,Bún thang,Món nước Hà Nội,5,củ cải khô,Củ cải sấy khô,Dried radish,rau khô,sấy khô,rau_cu_an_kem,có,thành phần được liệt kê,,có,70,240,168,713.9,23.5,ước tính biên tập; không phải công thức định lượng của từng quán,toàn bộ thành phần đặc trưng đã ghi trong CSV gốc; không phải công thức đầy đủ của mọi quán,USDA SR28 / FoodData Central (proxy),không gắn mã riêng; đối chiếu theo thực phẩm tương đương,USDA SR28 Energ_Kcal (trên 100 g phần ăn được),Dried radish,https://catalog.data.gov/dataset/composition-of-foods-raw-processed-prepared-usda-national-nutrient-database-for-standar-28,https://www.vietnam.travel/things-to-do/10-must-try-hanoi-dishes/,thap,thap,Mật độ cao do mất nước; loại ngâm nở thấp hơn. Khối lượng rau/củ ăn kèm hoặc làm nộm trong một phần.,2026-08-02
HN122,Bún thang,Món nước Hà Nội,6,rau răm,Rau răm,Vietnamese coriander,rau thơm,"tươi, sống",rau_thom,có,thành phần được liệt kê,,có,15,30,4.5,713.9,0.6,ước tính biên tập; không phải công thức định lượng của từng quán,toàn bộ thành phần đặc trưng đã ghi trong CSV gốc; không phải công thức đầy đủ của mọi quán,Viện Dinh dưỡng Việt Nam / FAO (proxy),không gắn mã riêng; đối chiếu theo thực phẩm tương đương,NIN/FAO Energy kcal (trên 100 g phần ăn được),Vietnamese coriander,https://viendinhduong.vn/en/cong-cu-va-tien-ich/nutritional-value-of-food; https://www.fao.org/fileadmin/templates/food_composition/documents/pdf/VTN_FCT_2007.pdf,https://www.vietnam.travel/things-to-do/10-must-try-hanoi-dishes/,trung_binh,thap,Ước tính theo rau thơm tươi. Một nhúm rau thơm/lá gia vị ăn được trong một suất.,2026-08-02
HN123,Phở bò,Món nước Hà Nội,1,bánh phở,Bánh phở tươi,"Flat rice noodles, cooked",mì/bún,"chín, ngậm nước",tinh_bot_chinh_da_chin,có,thành phần được liệt kê,,có,180,110,198,435.3,45.5,ước tính biên tập; không phải công thức định lượng của từng quán,toàn bộ thành phần đặc trưng đã ghi trong CSV gốc; không phải công thức đầy đủ của mọi quán,Viện Dinh dưỡng Việt Nam / FAO (proxy),không gắn mã riêng; đối chiếu theo thực phẩm tương đương,NIN/FAO Energy kcal (trên 100 g phần ăn được),"Flat rice noodles, cooked",https://viendinhduong.vn/en/cong-cu-va-tien-ich/nutritional-value-of-food; https://www.fao.org/fileadmin/templates/food_composition/documents/pdf/VTN_FCT_2007.pdf,https://www.vietnam.travel/things-to-do/10-must-try-hanoi-dishes/,cao,thap,Bánh phở tươi ăn ngay. Khối lượng sợi/bánh đã nấu chín cho một suất; nếu tra bảng dạng khô phải quy đổi lại.,2026-08-02
HN123,Phở bò,Món nước Hà Nội,2,xương bò,Xương bò dùng hầm,Beef bones for stock,vật liệu nấu nước dùng,không ăn trực tiếp,vat_lieu_khong_an,không,thành phần được liệt kê,,không,0,0,0,435.3,0,ước tính biên tập; không phải công thức định lượng của từng quán,toàn bộ thành phần đặc trưng đã ghi trong CSV gốc; không phải công thức đầy đủ của mọi quán,Viện Dinh dưỡng Việt Nam / FAO (proxy),không gắn mã riêng; đối chiếu theo thực phẩm tương đương,NIN/FAO Energy kcal (trên 100 g phần ăn được),Beef bones for stock,https://viendinhduong.vn/en/cong-cu-va-tien-ich/nutritional-value-of-food; https://www.fao.org/fileadmin/templates/food_composition/documents/pdf/VTN_FCT_2007.pdf,https://www.vietnam.travel/things-to-do/10-must-try-hanoi-dishes/,cao,thap,"Xương không ăn trực tiếp; năng lượng chiết xuất vào nước dùng không thể suy ra từ danh sách thành phần này. Khối lượng ăn được bằng 0; xương chỉ dùng nấu nước, lá và ống tre chỉ dùng gói/chứa. Năng lượng chiết xuất vào nước dùng không thể suy ra từ danh sách này. Không ăn trực tiếp; không cộng vào tổng kcal mặc định.",2026-08-02
HN123,Phở bò,Món nước Hà Nội,3,thịt bò,Thịt bò chín,"Beef, cooked",thịt,chín,dam_chinh,có,thành phần được liệt kê,,có,90,250,225,435.3,51.7,ước tính biên tập; không phải công thức định lượng của từng quán,toàn bộ thành phần đặc trưng đã ghi trong CSV gốc; không phải công thức đầy đủ của mọi quán,Viện Dinh dưỡng Việt Nam / FAO (proxy),không gắn mã riêng; đối chiếu theo thực phẩm tương đương,NIN/FAO Energy kcal (trên 100 g phần ăn được),"Beef, cooked",https://viendinhduong.vn/en/cong-cu-va-tien-ich/nutritional-value-of-food; https://www.fao.org/fileadmin/templates/food_composition/documents/pdf/VTN_FCT_2007.pdf,https://www.vietnam.travel/things-to-do/10-must-try-hanoi-dishes/,trung_binh,thap,Giá trị đại diện phần cắt nạc-mỡ vừa. Khối lượng thịt bò chín/nhúng trong một suất.,2026-08-02
HN123,Phở bò,Món nước Hà Nội,4,hành,Hành lá,"Spring onion, raw",rau thơm,tươi,rau_thom_tao_nen,có,thành phần được liệt kê,,có,20,32,6.4,435.3,1.5,ước tính biên tập; không phải công thức định lượng của từng quán,toàn bộ thành phần đặc trưng đã ghi trong CSV gốc; không phải công thức đầy đủ của mọi quán,Viện Dinh dưỡng Việt Nam / FAO (proxy),không gắn mã riêng; đối chiếu theo thực phẩm tương đương,NIN/FAO Energy kcal (trên 100 g phần ăn được),"Spring onion, raw",https://viendinhduong.vn/en/cong-cu-va-tien-ich/nutritional-value-of-food; https://www.fao.org/fileadmin/templates/food_composition/documents/pdf/VTN_FCT_2007.pdf,https://www.vietnam.travel/things-to-do/10-must-try-hanoi-dishes/,trung_binh,thap,"Giả định hành lá, không phải hành củ. Lượng hành trong một suất; nếu chỉ rắc mặt có thể giảm còn 5–10 g theo thứ tự thành phần.",2026-08-02
HN123,Phở bò,Món nước Hà Nội,5,quế,Quế khô,"Cinnamon, ground",gia vị,khô,gia_vi_kho_manh,có,thành phần được liệt kê,,có,1,247,2.5,435.3,0.6,ước tính biên tập; không phải công thức định lượng của từng quán,toàn bộ thành phần đặc trưng đã ghi trong CSV gốc; không phải công thức đầy đủ của mọi quán,USDA SR28 / FoodData Central (proxy),USDA SR28 NDB_No 02010,USDA SR28 Energ_Kcal (trên 100 g phần ăn được),"CINNAMON,GROUND",https://catalog.data.gov/dataset/composition-of-foods-raw-processed-prepared-usda-national-nutrient-database-for-standar-28,https://www.vietnam.travel/things-to-do/10-must-try-hanoi-dishes/,cao,thap,Thường ngâm nấu rồi bỏ; lượng dùng nhỏ. Lượng gia vị khô quy đổi; nhiều loại chỉ chiết hương và không ăn phần xác. Khớp gần với bản ghi USDA SR28; điểm khớp 100%.,2026-08-02
HN123,Phở bò,Món nước Hà Nội,6,hồi,Hoa hồi khô,"Star anise, dried",gia vị,khô,gia_vi_kho_manh,có,thành phần được liệt kê,,có,1,337,3.4,435.3,0.8,ước tính biên tập; không phải công thức định lượng của từng quán,toàn bộ thành phần đặc trưng đã ghi trong CSV gốc; không phải công thức đầy đủ của mọi quán,USDA SR28 / FoodData Central (proxy),không gắn mã riêng; đối chiếu theo thực phẩm tương đương,USDA SR28 Energ_Kcal (trên 100 g phần ăn được),"Star anise, dried",https://catalog.data.gov/dataset/composition-of-foods-raw-processed-prepared-usda-national-nutrient-database-for-standar-28,https://www.vietnam.travel/things-to-do/10-must-try-hanoi-dishes/,trung_binh,thap,Thường chỉ ngâm nấu rồi bỏ; lượng dùng nhỏ. Lượng gia vị khô quy đổi; nhiều loại chỉ chiết hương và không ăn phần xác.,2026-08-02
HN124,Phở gà,Món nước Hà Nội,1,bánh phở,Bánh phở tươi,"Flat rice noodles, cooked",mì/bún,"chín, ngậm nước",tinh_bot_chinh_da_chin,có,thành phần được liệt kê,,có,180,110,198,445.6,44.4,ước tính biên tập; không phải công thức định lượng của từng quán,toàn bộ thành phần đặc trưng đã ghi trong CSV gốc; không phải công thức đầy đủ của mọi quán,Viện Dinh dưỡng Việt Nam / FAO (proxy),không gắn mã riêng; đối chiếu theo thực phẩm tương đương,NIN/FAO Energy kcal (trên 100 g phần ăn được),"Flat rice noodles, cooked",https://viendinhduong.vn/en/cong-cu-va-tien-ich/nutritional-value-of-food; https://www.fao.org/fileadmin/templates/food_composition/documents/pdf/VTN_FCT_2007.pdf,https://www.vietnam.travel/things-to-do/10-must-try-hanoi-dishes/,cao,thap,Bánh phở tươi ăn ngay. Khối lượng sợi/bánh đã nấu chín cho một suất; nếu tra bảng dạng khô phải quy đổi lại.,2026-08-02
HN124,Phở gà,Món nước Hà Nội,2,gà,Thịt gà chín,"Chicken meat, cooked",thịt gia cầm,"chín, thịt và da đại diện",dam_chinh,có,thành phần được liệt kê,,có,100,239,239,445.6,53.6,ước tính biên tập; không phải công thức định lượng của từng quán,toàn bộ thành phần đặc trưng đã ghi trong CSV gốc; không phải công thức đầy đủ của mọi quán,Viện Dinh dưỡng Việt Nam / FAO (proxy),không gắn mã riêng; đối chiếu theo thực phẩm tương đương,NIN/FAO Energy kcal (trên 100 g phần ăn được),"Chicken meat, cooked",https://viendinhduong.vn/en/cong-cu-va-tien-ich/nutritional-value-of-food; https://www.fao.org/fileadmin/templates/food_composition/documents/pdf/VTN_FCT_2007.pdf,https://www.vietnam.travel/things-to-do/10-must-try-hanoi-dishes/,trung_binh,thap,Biến thiên theo phần cắt và có da hay không. Khối lượng thịt chín ăn được trong một suất; gà tùy chọn chỉ tính khi thực sự thêm.,2026-08-02
HN124,Phở gà,Món nước Hà Nội,3,xương gà,Xương gà dùng hầm,Chicken bones for stock,vật liệu nấu nước dùng,không ăn trực tiếp,vat_lieu_khong_an,không,thành phần được liệt kê,,không,0,0,0,445.6,0,ước tính biên tập; không phải công thức định lượng của từng quán,toàn bộ thành phần đặc trưng đã ghi trong CSV gốc; không phải công thức đầy đủ của mọi quán,Viện Dinh dưỡng Việt Nam / FAO (proxy),không gắn mã riêng; đối chiếu theo thực phẩm tương đương,NIN/FAO Energy kcal (trên 100 g phần ăn được),Chicken bones for stock,https://viendinhduong.vn/en/cong-cu-va-tien-ich/nutritional-value-of-food; https://www.fao.org/fileadmin/templates/food_composition/documents/pdf/VTN_FCT_2007.pdf,https://www.vietnam.travel/things-to-do/10-must-try-hanoi-dishes/,cao,thap,"Xương không ăn trực tiếp; năng lượng chiết xuất vào nước dùng không thể suy ra từ danh sách thành phần này. Khối lượng ăn được bằng 0; xương chỉ dùng nấu nước, lá và ống tre chỉ dùng gói/chứa. Năng lượng chiết xuất vào nước dùng không thể suy ra từ danh sách này. Không ăn trực tiếp; không cộng vào tổng kcal mặc định.",2026-08-02
HN124,Phở gà,Món nước Hà Nội,4,hành,Hành lá,"Spring onion, raw",rau thơm,tươi,rau_thom_tao_nen,có,thành phần được liệt kê,,có,20,32,6.4,445.6,1.4,ước tính biên tập; không phải công thức định lượng của từng quán,toàn bộ thành phần đặc trưng đã ghi trong CSV gốc; không phải công thức đầy đủ của mọi quán,Viện Dinh dưỡng Việt Nam / FAO (proxy),không gắn mã riêng; đối chiếu theo thực phẩm tương đương,NIN/FAO Energy kcal (trên 100 g phần ăn được),"Spring onion, raw",https://viendinhduong.vn/en/cong-cu-va-tien-ich/nutritional-value-of-food; https://www.fao.org/fileadmin/templates/food_composition/documents/pdf/VTN_FCT_2007.pdf,https://www.vietnam.travel/things-to-do/10-must-try-hanoi-dishes/,trung_binh,thap,"Giả định hành lá, không phải hành củ. Lượng hành trong một suất; nếu chỉ rắc mặt có thể giảm còn 5–10 g theo thứ tự thành phần.",2026-08-02
HN124,Phở gà,Món nước Hà Nội,5,lá chanh,Lá chanh Thái/chanh ta,Kaffir lime leaves,rau thơm/gia vị,tươi,la_tao_huong,có,thành phần được liệt kê,,có,5,43,2.2,445.6,0.5,ước tính biên tập; không phải công thức định lượng của từng quán,toàn bộ thành phần đặc trưng đã ghi trong CSV gốc; không phải công thức đầy đủ của mọi quán,Viện Dinh dưỡng Việt Nam / FAO (proxy),không gắn mã riêng; đối chiếu theo thực phẩm tương đương,NIN/FAO Energy kcal (trên 100 g phần ăn được),Kaffir lime leaves,https://viendinhduong.vn/en/cong-cu-va-tien-ich/nutritional-value-of-food; https://www.fao.org/fileadmin/templates/food_composition/documents/pdf/VTN_FCT_2007.pdf,https://www.vietnam.travel/things-to-do/10-must-try-hanoi-dishes/,thap,thap,Proxy từ lá gia vị tươi; lượng dùng rất nhỏ. Lượng lá tạo hương/chua trong một suất.,2026-08-02
HN125,Bún cá rô đồng,Món nước miền Bắc,1,bún,Bún tươi,"Rice vermicelli, cooked",mì/bún,"chín, ngậm nước",tinh_bot_chinh_da_chin,có,thành phần được liệt kê,,có,180,110,198,354.1,55.9,ước tính biên tập; không phải công thức định lượng của từng quán,toàn bộ thành phần đặc trưng đã ghi trong CSV gốc; không phải công thức đầy đủ của mọi quán,Viện Dinh dưỡng Việt Nam / FAO (proxy),không gắn mã riêng; đối chiếu theo thực phẩm tương đương,NIN/FAO Energy kcal (trên 100 g phần ăn được),"Rice vermicelli, cooked",https://viendinhduong.vn/en/cong-cu-va-tien-ich/nutritional-value-of-food; https://www.fao.org/fileadmin/templates/food_composition/documents/pdf/VTN_FCT_2007.pdf,https://vietnam.travel/node/1560,cao,thap,Bún gạo tươi. Khối lượng sợi/bánh đã nấu chín cho một suất; nếu tra bảng dạng khô phải quy đổi lại.,2026-08-02
HN125,Bún cá rô đồng,Món nước miền Bắc,2,cá rô/cá rô phi,cá rô,"Climbing perch or tilapia, cooked",cá,"chín, phần thịt",dam_chinh_thuy_san,có,lựa chọn mặc định,HN125-02,có,100,128,128,354.1,36.1,ước tính biên tập; không phải công thức định lượng của từng quán,toàn bộ thành phần đặc trưng đã ghi trong CSV gốc; không phải công thức đầy đủ của mọi quán,Viện Dinh dưỡng Việt Nam / FAO (proxy),không gắn mã riêng; đối chiếu theo thực phẩm tương đương,NIN/FAO Energy kcal (trên 100 g phần ăn được),"Climbing perch or tilapia, cooked",https://viendinhduong.vn/en/cong-cu-va-tien-ich/nutritional-value-of-food; https://www.fao.org/fileadmin/templates/food_composition/documents/pdf/VTN_FCT_2007.pdf,https://vietnam.travel/node/1560,thap,thap,Trung bình cá nước ngọt nạc chín. Tách từ cụm lựa chọn “cá rô/cá rô phi”; dùng giá trị đại diện gần nhất. Khối lượng phần thịt ăn được sau khi bỏ xương/da không ăn. Các lựa chọn cùng nhóm không dùng để cộng đồng thời.,2026-08-02
HN125,Bún cá rô đồng,Món nước miền Bắc,3,cá rô/cá rô phi,cá rô phi,"Climbing perch or tilapia, cooked",cá,"chín, phần thịt",dam_chinh_thuy_san,có,lựa chọn thay thế,HN125-02,không,100,128,128,354.1,0,ước tính biên tập; không phải công thức định lượng của từng quán,toàn bộ thành phần đặc trưng đã ghi trong CSV gốc; không phải công thức đầy đủ của mọi quán,Viện Dinh dưỡng Việt Nam / FAO (proxy),không gắn mã riêng; đối chiếu theo thực phẩm tương đương,NIN/FAO Energy kcal (trên 100 g phần ăn được),"Climbing perch or tilapia, cooked",https://viendinhduong.vn/en/cong-cu-va-tien-ich/nutritional-value-of-food; https://www.fao.org/fileadmin/templates/food_composition/documents/pdf/VTN_FCT_2007.pdf,https://vietnam.travel/node/1560,thap,thap,Trung bình cá nước ngọt nạc chín. Tách từ cụm lựa chọn “cá rô/cá rô phi”; dùng giá trị đại diện gần nhất. Khối lượng phần thịt ăn được sau khi bỏ xương/da không ăn. Các lựa chọn cùng nhóm không dùng để cộng đồng thời.,2026-08-02
HN125,Bún cá rô đồng,Món nước miền Bắc,4,cà chua,Cà chua tươi,"Tomato, raw",rau quả,tươi,rau_cu,có,thành phần được liệt kê,,có,60,18,10.8,354.1,3,ước tính biên tập; không phải công thức định lượng của từng quán,toàn bộ thành phần đặc trưng đã ghi trong CSV gốc; không phải công thức đầy đủ của mọi quán,USDA SR28 / FoodData Central (proxy),không gắn mã riêng; đối chiếu theo thực phẩm tương đương,USDA SR28 Energ_Kcal (trên 100 g phần ăn được),"Tomato, raw",https://catalog.data.gov/dataset/composition-of-foods-raw-processed-prepared-usda-national-nutrient-database-for-standar-28,https://vietnam.travel/node/1560,cao,thap,Phần quả ăn được. Khối lượng rau/củ chín hoặc sơ chế trong một suất.,2026-08-02
HN125,Bún cá rô đồng,Món nước miền Bắc,5,thì là,Rau thì là,"Dill weed, fresh",rau thơm,tươi,rau_thom,có,thành phần được liệt kê,,có,15,43,6.5,354.1,1.8,ước tính biên tập; không phải công thức định lượng của từng quán,toàn bộ thành phần đặc trưng đã ghi trong CSV gốc; không phải công thức đầy đủ của mọi quán,USDA SR28 / FoodData Central (proxy),USDA SR28 NDB_No 02045,USDA SR28 Energ_Kcal (trên 100 g phần ăn được),"DILL WEED,FRSH",https://catalog.data.gov/dataset/composition-of-foods-raw-processed-prepared-usda-national-nutrient-database-for-standar-28,https://vietnam.travel/node/1560,cao,thap,Lá và thân non. Một nhúm rau thơm/lá gia vị ăn được trong một suất. Khớp gần với bản ghi USDA SR28; điểm khớp 100%.,2026-08-02
HN125,Bún cá rô đồng,Món nước miền Bắc,6,rau cần,Rau cần nước,Water dropwort,rau lá/thân,tươi,rau_chinh_hoac_an_kem,có,thành phần được liệt kê,,có,60,18,10.8,354.1,3,ước tính biên tập; không phải công thức định lượng của từng quán,toàn bộ thành phần đặc trưng đã ghi trong CSV gốc; không phải công thức đầy đủ của mọi quán,Viện Dinh dưỡng Việt Nam / FAO (proxy),không gắn mã riêng; đối chiếu theo thực phẩm tương đương,NIN/FAO Energy kcal (trên 100 g phần ăn được),Water dropwort,https://viendinhduong.vn/en/cong-cu-va-tien-ich/nutritional-value-of-food; https://www.fao.org/fileadmin/templates/food_composition/documents/pdf/VTN_FCT_2007.pdf,https://vietnam.travel/node/1560,trung_binh,thap,Phần thân lá ăn được. Khối lượng rau ăn được trong một suất.,2026-08-02
HN126,Bún dọc mùng,Món nước miền Bắc,1,bún,Bún tươi,"Rice vermicelli, cooked",mì/bún,"chín, ngậm nước",tinh_bot_chinh_da_chin,có,thành phần được liệt kê,,có,180,110,198,518.2,38.2,ước tính biên tập; không phải công thức định lượng của từng quán,toàn bộ thành phần đặc trưng đã ghi trong CSV gốc; không phải công thức đầy đủ của mọi quán,Viện Dinh dưỡng Việt Nam / FAO (proxy),không gắn mã riêng; đối chiếu theo thực phẩm tương đương,NIN/FAO Energy kcal (trên 100 g phần ăn được),"Rice vermicelli, cooked",https://viendinhduong.vn/en/cong-cu-va-tien-ich/nutritional-value-of-food; https://www.fao.org/fileadmin/templates/food_composition/documents/pdf/VTN_FCT_2007.pdf,https://vietnam.travel/things-to-do/vietnam-foodie-guide-region,cao,thap,Bún gạo tươi. Khối lượng sợi/bánh đã nấu chín cho một suất; nếu tra bảng dạng khô phải quy đổi lại.,2026-08-02
HN126,Bún dọc mùng,Món nước miền Bắc,2,sườn lợn,"Sườn lợn chín, phần thịt","Pork ribs, cooked, meat only",thịt,"chín, phần ăn được",dam_chinh_co_xuong,có,thành phần được liệt kê,,có,100,291,291,518.2,56.2,ước tính biên tập; không phải công thức định lượng của từng quán,toàn bộ thành phần đặc trưng đã ghi trong CSV gốc; không phải công thức đầy đủ của mọi quán,Viện Dinh dưỡng Việt Nam / FAO (proxy),không gắn mã riêng; đối chiếu theo thực phẩm tương đương,NIN/FAO Energy kcal (trên 100 g phần ăn được),"Pork ribs, cooked, meat only",https://viendinhduong.vn/en/cong-cu-va-tien-ich/nutritional-value-of-food; https://www.fao.org/fileadmin/templates/food_composition/documents/pdf/VTN_FCT_2007.pdf,https://vietnam.travel/things-to-do/vietnam-foodie-guide-region,trung_binh,thap,Không tính trọng lượng xương. Khối lượng phần thịt/da ăn được sau khi bỏ xương.,2026-08-02
HN126,Bún dọc mùng,Món nước miền Bắc,3,dọc mùng,Dọc mùng đã sơ chế,"Taro stem, prepared",rau thân,sơ chế/chín,rau_cu,có,thành phần được liệt kê,,có,60,20,12,518.2,2.3,ước tính biên tập; không phải công thức định lượng của từng quán,toàn bộ thành phần đặc trưng đã ghi trong CSV gốc; không phải công thức đầy đủ của mọi quán,Viện Dinh dưỡng Việt Nam / FAO (proxy),không gắn mã riêng; đối chiếu theo thực phẩm tương đương,NIN/FAO Energy kcal (trên 100 g phần ăn được),"Taro stem, prepared",https://viendinhduong.vn/en/cong-cu-va-tien-ich/nutritional-value-of-food; https://www.fao.org/fileadmin/templates/food_composition/documents/pdf/VTN_FCT_2007.pdf,https://vietnam.travel/things-to-do/vietnam-foodie-guide-region,trung_binh,thap,Phần thân ăn được sau sơ chế. Khối lượng rau/củ chín hoặc sơ chế trong một suất.,2026-08-02
HN126,Bún dọc mùng,Món nước miền Bắc,4,cà chua,Cà chua tươi,"Tomato, raw",rau quả,tươi,rau_cu,có,thành phần được liệt kê,,có,60,18,10.8,518.2,2.1,ước tính biên tập; không phải công thức định lượng của từng quán,toàn bộ thành phần đặc trưng đã ghi trong CSV gốc; không phải công thức đầy đủ của mọi quán,USDA SR28 / FoodData Central (proxy),không gắn mã riêng; đối chiếu theo thực phẩm tương đương,USDA SR28 Energ_Kcal (trên 100 g phần ăn được),"Tomato, raw",https://catalog.data.gov/dataset/composition-of-foods-raw-processed-prepared-usda-national-nutrient-database-for-standar-28,https://vietnam.travel/things-to-do/vietnam-foodie-guide-region,cao,thap,Phần quả ăn được. Khối lượng rau/củ chín hoặc sơ chế trong một suất.,2026-08-02
HN126,Bún dọc mùng,Món nước miền Bắc,5,hành,Hành lá,"Spring onion, raw",rau thơm,tươi,rau_thom_tao_nen,có,thành phần được liệt kê,,có,20,32,6.4,518.2,1.2,ước tính biên tập; không phải công thức định lượng của từng quán,toàn bộ thành phần đặc trưng đã ghi trong CSV gốc; không phải công thức đầy đủ của mọi quán,Viện Dinh dưỡng Việt Nam / FAO (proxy),không gắn mã riêng; đối chiếu theo thực phẩm tương đương,NIN/FAO Energy kcal (trên 100 g phần ăn được),"Spring onion, raw",https://viendinhduong.vn/en/cong-cu-va-tien-ich/nutritional-value-of-food; https://www.fao.org/fileadmin/templates/food_composition/documents/pdf/VTN_FCT_2007.pdf,https://vietnam.travel/things-to-do/vietnam-foodie-guide-region,trung_binh,thap,"Giả định hành lá, không phải hành củ. Lượng hành trong một suất; nếu chỉ rắc mặt có thể giảm còn 5–10 g theo thứ tự thành phần.",2026-08-02
HN127,Bún mọc,Món nước miền Bắc,1,bún,Bún tươi,"Rice vermicelli, cooked",mì/bún,"chín, ngậm nước",tinh_bot_chinh_da_chin,có,thành phần được liệt kê,,có,180,110,198,633.9,31.2,ước tính biên tập; không phải công thức định lượng của từng quán,toàn bộ thành phần đặc trưng đã ghi trong CSV gốc; không phải công thức đầy đủ của mọi quán,Viện Dinh dưỡng Việt Nam / FAO (proxy),không gắn mã riêng; đối chiếu theo thực phẩm tương đương,NIN/FAO Energy kcal (trên 100 g phần ăn được),"Rice vermicelli, cooked",https://viendinhduong.vn/en/cong-cu-va-tien-ich/nutritional-value-of-food; https://www.fao.org/fileadmin/templates/food_composition/documents/pdf/VTN_FCT_2007.pdf,https://vietnam.travel/things-to-do/vietnam-foodie-guide-region,cao,thap,Bún gạo tươi. Khối lượng sợi/bánh đã nấu chín cho một suất; nếu tra bảng dạng khô phải quy đổi lại.,2026-08-02
HN127,Bún mọc,Món nước miền Bắc,2,giò sống,Giò sống lợn,Vietnamese raw pork paste,thịt chế biến,"sống, xay quết",dam_che_bien,có,thành phần được liệt kê,,có,55,220,121,633.9,19.1,ước tính biên tập; không phải công thức định lượng của từng quán,toàn bộ thành phần đặc trưng đã ghi trong CSV gốc; không phải công thức đầy đủ của mọi quán,Viện Dinh dưỡng Việt Nam / FAO (proxy),không gắn mã riêng; đối chiếu theo thực phẩm tương đương,NIN/FAO Energy kcal (trên 100 g phần ăn được),Vietnamese raw pork paste,https://viendinhduong.vn/en/cong-cu-va-tien-ich/nutritional-value-of-food; https://www.fao.org/fileadmin/templates/food_composition/documents/pdf/VTN_FCT_2007.pdf,https://vietnam.travel/things-to-do/vietnam-foodie-guide-region,trung_binh,thap,Giá trị đại diện hỗn hợp thịt và mỡ. Một phần chả/giò ăn kèm; giò sống được hiểu là khối lượng sau nấu gần tương đương.,2026-08-02
HN127,Bún mọc,Món nước miền Bắc,3,nấm hương,Nấm hương ngâm nở/chín,"Shiitake mushroom, cooked",nấm,hoàn nguyên/chín,nam_rau_phu,có,thành phần được liệt kê,,có,35,34,11.9,633.9,1.9,ước tính biên tập; không phải công thức định lượng của từng quán,toàn bộ thành phần đặc trưng đã ghi trong CSV gốc; không phải công thức đầy đủ của mọi quán,USDA SR28 / FoodData Central (proxy),không gắn mã riêng; đối chiếu theo thực phẩm tương đương,USDA SR28 Energ_Kcal (trên 100 g phần ăn được),"Shiitake mushroom, cooked",https://catalog.data.gov/dataset/composition-of-foods-raw-processed-prepared-usda-national-nutrient-database-for-standar-28,https://vietnam.travel/things-to-do/vietnam-foodie-guide-region,cao,thap,Không dùng giá trị nấm khô khi cân sau ngâm. Khối lượng nấm/mộc nhĩ sau ngâm hoặc nấu trong một suất.,2026-08-02
HN127,Bún mọc,Món nước miền Bắc,4,sườn,"Sườn lợn chín, phần thịt","Pork ribs, cooked, meat only",thịt,"chín, phần ăn được",dam_chinh_co_xuong,có,thành phần được liệt kê,,có,100,291,291,633.9,45.9,ước tính biên tập; không phải công thức định lượng của từng quán,toàn bộ thành phần đặc trưng đã ghi trong CSV gốc; không phải công thức đầy đủ của mọi quán,Viện Dinh dưỡng Việt Nam / FAO (proxy),không gắn mã riêng; đối chiếu theo thực phẩm tương đương,NIN/FAO Energy kcal (trên 100 g phần ăn được),"Pork ribs, cooked, meat only",https://viendinhduong.vn/en/cong-cu-va-tien-ich/nutritional-value-of-food; https://www.fao.org/fileadmin/templates/food_composition/documents/pdf/VTN_FCT_2007.pdf,https://vietnam.travel/things-to-do/vietnam-foodie-guide-region,trung_binh,thap,Không tính trọng lượng xương. Khối lượng phần thịt/da ăn được sau khi bỏ xương.,2026-08-02
HN127,Bún mọc,Món nước miền Bắc,5,dọc mùng,Dọc mùng đã sơ chế,"Taro stem, prepared",rau thân,sơ chế/chín,rau_cu,có,thành phần được liệt kê,,có,60,20,12,633.9,1.9,ước tính biên tập; không phải công thức định lượng của từng quán,toàn bộ thành phần đặc trưng đã ghi trong CSV gốc; không phải công thức đầy đủ của mọi quán,Viện Dinh dưỡng Việt Nam / FAO (proxy),không gắn mã riêng; đối chiếu theo thực phẩm tương đương,NIN/FAO Energy kcal (trên 100 g phần ăn được),"Taro stem, prepared",https://viendinhduong.vn/en/cong-cu-va-tien-ich/nutritional-value-of-food; https://www.fao.org/fileadmin/templates/food_composition/documents/pdf/VTN_FCT_2007.pdf,https://vietnam.travel/things-to-do/vietnam-foodie-guide-region,trung_binh,thap,Phần thân ăn được sau sơ chế. Khối lượng rau/củ chín hoặc sơ chế trong một suất.,2026-08-02
HN128,Bún ngan,Món nước miền Bắc,1,bún,Bún tươi,"Rice vermicelli, cooked",mì/bún,"chín, ngậm nước",tinh_bot_chinh_da_chin,có,thành phần được liệt kê,,có,180,110,198,525.1,37.7,ước tính biên tập; không phải công thức định lượng của từng quán,toàn bộ thành phần đặc trưng đã ghi trong CSV gốc; không phải công thức đầy đủ của mọi quán,Viện Dinh dưỡng Việt Nam / FAO (proxy),không gắn mã riêng; đối chiếu theo thực phẩm tương đương,NIN/FAO Energy kcal (trên 100 g phần ăn được),"Rice vermicelli, cooked",https://viendinhduong.vn/en/cong-cu-va-tien-ich/nutritional-value-of-food; https://www.fao.org/fileadmin/templates/food_composition/documents/pdf/VTN_FCT_2007.pdf,https://vietnam.travel/things-to-do/must-try-food-in-hanoi,cao,thap,Bún gạo tươi. Khối lượng sợi/bánh đã nấu chín cho một suất; nếu tra bảng dạng khô phải quy đổi lại.,2026-08-02
HN128,Bún ngan,Món nước miền Bắc,2,ngan,Thịt ngan chín,"Muscovy duck meat, cooked",thịt gia cầm,"chín, có da đại diện",dam_chinh,có,thành phần được liệt kê,,có,100,300,300,525.1,57.1,ước tính biên tập; không phải công thức định lượng của từng quán,toàn bộ thành phần đặc trưng đã ghi trong CSV gốc; không phải công thức đầy đủ của mọi quán,Viện Dinh dưỡng Việt Nam / FAO (proxy),không gắn mã riêng; đối chiếu theo thực phẩm tương đương,NIN/FAO Energy kcal (trên 100 g phần ăn được),"Muscovy duck meat, cooked",https://viendinhduong.vn/en/cong-cu-va-tien-ich/nutritional-value-of-food; https://www.fao.org/fileadmin/templates/food_composition/documents/pdf/VTN_FCT_2007.pdf,https://vietnam.travel/things-to-do/must-try-food-in-hanoi,trung_binh,thap,Proxy vịt/ngan chín; bỏ da giảm kcal. Khối lượng thịt chín ăn được trong một suất; gà tùy chọn chỉ tính khi thực sự thêm.,2026-08-02
HN128,Bún ngan,Món nước miền Bắc,3,măng,Măng tươi chín,"Bamboo shoots, cooked",rau,luộc/chín,rau_cu,có,thành phần được liệt kê,,có,60,27,16.2,525.1,3.1,ước tính biên tập; không phải công thức định lượng của từng quán,toàn bộ thành phần đặc trưng đã ghi trong CSV gốc; không phải công thức đầy đủ của mọi quán,USDA SR28 / FoodData Central (proxy),không gắn mã riêng; đối chiếu theo thực phẩm tương đương,USDA SR28 Energ_Kcal (trên 100 g phần ăn được),"Bamboo shoots, cooked",https://catalog.data.gov/dataset/composition-of-foods-raw-processed-prepared-usda-national-nutrient-database-for-standar-28,https://vietnam.travel/things-to-do/must-try-food-in-hanoi,cao,thap,Không tính măng khô. Khối lượng rau/củ chín hoặc sơ chế trong một suất.,2026-08-02
HN128,Bún ngan,Món nước miền Bắc,4,hành,Hành lá,"Spring onion, raw",rau thơm,tươi,rau_thom_tao_nen,có,thành phần được liệt kê,,có,20,32,6.4,525.1,1.2,ước tính biên tập; không phải công thức định lượng của từng quán,toàn bộ thành phần đặc trưng đã ghi trong CSV gốc; không phải công thức đầy đủ của mọi quán,Viện Dinh dưỡng Việt Nam / FAO (proxy),không gắn mã riêng; đối chiếu theo thực phẩm tương đương,NIN/FAO Energy kcal (trên 100 g phần ăn được),"Spring onion, raw",https://viendinhduong.vn/en/cong-cu-va-tien-ich/nutritional-value-of-food; https://www.fao.org/fileadmin/templates/food_composition/documents/pdf/VTN_FCT_2007.pdf,https://vietnam.travel/things-to-do/must-try-food-in-hanoi,trung_binh,thap,"Giả định hành lá, không phải hành củ. Lượng hành trong một suất; nếu chỉ rắc mặt có thể giảm còn 5–10 g theo thứ tự thành phần.",2026-08-02
HN128,Bún ngan,Món nước miền Bắc,5,rau thơm,Rau thơm hỗn hợp,Mixed fresh herbs,rau thơm,"tươi, sống",rau_thom,có,thành phần được liệt kê,,có,15,30,4.5,525.1,0.9,ước tính biên tập; không phải công thức định lượng của từng quán,toàn bộ thành phần đặc trưng đã ghi trong CSV gốc; không phải công thức đầy đủ của mọi quán,Viện Dinh dưỡng Việt Nam / FAO (proxy),không gắn mã riêng; đối chiếu theo thực phẩm tương đương,NIN/FAO Energy kcal (trên 100 g phần ăn được),Mixed fresh herbs,https://viendinhduong.vn/en/cong-cu-va-tien-ich/nutritional-value-of-food; https://www.fao.org/fileadmin/templates/food_composition/documents/pdf/VTN_FCT_2007.pdf,https://vietnam.travel/things-to-do/must-try-food-in-hanoi,thap,thap,Trung bình các rau thơm tươi. Một nhúm rau thơm/lá gia vị ăn được trong một suất.,2026-08-02
HN129,Bún riêu cua,Món nước miền Bắc,1,bún,Bún tươi,"Rice vermicelli, cooked",mì/bún,"chín, ngậm nước",tinh_bot_chinh_da_chin,có,thành phần được liệt kê,,có,180,110,198,356.4,55.6,ước tính biên tập; không phải công thức định lượng của từng quán,toàn bộ thành phần đặc trưng đã ghi trong CSV gốc; không phải công thức đầy đủ của mọi quán,Viện Dinh dưỡng Việt Nam / FAO (proxy),không gắn mã riêng; đối chiếu theo thực phẩm tương đương,NIN/FAO Energy kcal (trên 100 g phần ăn được),"Rice vermicelli, cooked",https://viendinhduong.vn/en/cong-cu-va-tien-ich/nutritional-value-of-food; https://www.fao.org/fileadmin/templates/food_composition/documents/pdf/VTN_FCT_2007.pdf,https://vietnam.travel/things-to-do/vietnam-foodie-guide-region,cao,thap,Bún gạo tươi. Khối lượng sợi/bánh đã nấu chín cho một suất; nếu tra bảng dạng khô phải quy đổi lại.,2026-08-02
HN129,Bún riêu cua,Món nước miền Bắc,2,cua đồng,Thịt cua đồng,Rice-field crab meat,hải sản,"chín, phần ăn được",dam_hai_san_hoac_hon_hop,có,thành phần được liệt kê,,có,73.5,87,63.9,356.4,17.9,ước tính biên tập; không phải công thức định lượng của từng quán,toàn bộ thành phần đặc trưng đã ghi trong CSV gốc; không phải công thức đầy đủ của mọi quán,Viện Dinh dưỡng Việt Nam / FAO (proxy),không gắn mã riêng; đối chiếu theo thực phẩm tương đương,NIN/FAO Energy kcal (trên 100 g phần ăn được),Rice-field crab meat,https://viendinhduong.vn/en/cong-cu-va-tien-ich/nutritional-value-of-food; https://www.fao.org/fileadmin/templates/food_composition/documents/pdf/VTN_FCT_2007.pdf,https://vietnam.travel/things-to-do/vietnam-foodie-guide-region,trung_binh,thap,"Không tính mai/vỏ lọc bỏ. Khối lượng phần ăn được, bỏ vỏ/xương; chuỗi có dấu gạch chéo là một lựa chọn/hỗn hợp. Khối lượng đạm được phân bổ lại theo ngân sách 160 g cho món có nhiều thành phần đạm.",2026-08-02
HN129,Bún riêu cua,Món nước miền Bắc,3,cà chua,Cà chua tươi,"Tomato, raw",rau quả,tươi,rau_cu,có,thành phần được liệt kê,,có,60,18,10.8,356.4,3,ước tính biên tập; không phải công thức định lượng của từng quán,toàn bộ thành phần đặc trưng đã ghi trong CSV gốc; không phải công thức đầy đủ của mọi quán,USDA SR28 / FoodData Central (proxy),không gắn mã riêng; đối chiếu theo thực phẩm tương đương,USDA SR28 Energ_Kcal (trên 100 g phần ăn được),"Tomato, raw",https://catalog.data.gov/dataset/composition-of-foods-raw-processed-prepared-usda-national-nutrient-database-for-standar-28,https://vietnam.travel/things-to-do/vietnam-foodie-guide-region,cao,thap,Phần quả ăn được. Khối lượng rau/củ chín hoặc sơ chế trong một suất.,2026-08-02
HN129,Bún riêu cua,Món nước miền Bắc,4,đậu phụ,Đậu phụ trắng,"Tofu, firm",đậu/sản phẩm đậu,đã đông tụ,dam_thuc_vat_da_chin,có,thành phần được liệt kê,,có,86.5,76,65.7,356.4,18.4,ước tính biên tập; không phải công thức định lượng của từng quán,toàn bộ thành phần đặc trưng đã ghi trong CSV gốc; không phải công thức đầy đủ của mọi quán,Viện Dinh dưỡng Việt Nam / FAO (proxy),không gắn mã riêng; đối chiếu theo thực phẩm tương đương,NIN/FAO Energy kcal (trên 100 g phần ăn được),"Tofu, firm",https://viendinhduong.vn/en/cong-cu-va-tien-ich/nutritional-value-of-food; https://www.fao.org/fileadmin/templates/food_composition/documents/pdf/VTN_FCT_2007.pdf,https://vietnam.travel/things-to-do/vietnam-foodie-guide-region,cao,thap,Đậu phụ chưa chiên. Khối lượng đậu/đậu phụ đã nấu trong một phần. Khối lượng đạm được phân bổ lại theo ngân sách 160 g cho món có nhiều thành phần đạm.,2026-08-02
HN129,Bún riêu cua,Món nước miền Bắc,5,mắm tôm,Mắm tôm,Fermented shrimp paste,gia vị/nước chấm,lên men,mam_dac,có,thành phần được liệt kê,,có,18,100,18,356.4,5.1,ước tính biên tập; không phải công thức định lượng của từng quán,toàn bộ thành phần đặc trưng đã ghi trong CSV gốc; không phải công thức đầy đủ của mọi quán,Viện Dinh dưỡng Việt Nam / FAO (proxy),không gắn mã riêng; đối chiếu theo thực phẩm tương đương,NIN/FAO Energy kcal (trên 100 g phần ăn được),Fermented shrimp paste,https://viendinhduong.vn/en/cong-cu-va-tien-ich/nutritional-value-of-food; https://www.fao.org/fileadmin/templates/food_composition/documents/pdf/VTN_FCT_2007.pdf,https://vietnam.travel/things-to-do/vietnam-foodie-guide-region,trung_binh,thap,Biến thiên theo độ cô đặc. Lượng mắm đặc thực ăn/nấu trong một phần.,2026-08-02
HN130,Bánh canh cua,Món nước miền Trung/Nam,1,bánh canh,Sợi bánh canh chín,"Thick rice/tapioca noodles, cooked",mì/bún,"chín, ngậm nước",tinh_bot_chinh_da_chin,có,thành phần được liệt kê,,có,180,120,216,373.7,57.8,ước tính biên tập; không phải công thức định lượng của từng quán,toàn bộ thành phần đặc trưng đã ghi trong CSV gốc; không phải công thức đầy đủ của mọi quán,Viện Dinh dưỡng Việt Nam / FAO (proxy),không gắn mã riêng; đối chiếu theo thực phẩm tương đương,NIN/FAO Energy kcal (trên 100 g phần ăn được),"Thick rice/tapioca noodles, cooked",https://viendinhduong.vn/en/cong-cu-va-tien-ich/nutritional-value-of-food; https://www.fao.org/fileadmin/templates/food_composition/documents/pdf/VTN_FCT_2007.pdf,https://vietnam.travel/things-to-do/vietnam-foodie-guide-region,thap,thap,Tỷ lệ bột gạo và bột năng thay đổi. Khối lượng sợi/bánh đã nấu chín cho một suất; nếu tra bảng dạng khô phải quy đổi lại.,2026-08-02
HN130,Bánh canh cua,Món nước miền Trung/Nam,2,cua/ghẹ,Thịt cua chín,"Crab meat, cooked",hải sản,"chín, phần ăn được",dam_hai_san_hoac_hon_hop,có,lựa chọn mặc định,HN130-02,có,80,87,69.6,373.7,18.6,ước tính biên tập; không phải công thức định lượng của từng quán,toàn bộ thành phần đặc trưng đã ghi trong CSV gốc; không phải công thức đầy đủ của mọi quán,USDA SR28 / FoodData Central (proxy),không gắn mã riêng; đối chiếu theo thực phẩm tương đương,USDA SR28 Energ_Kcal (trên 100 g phần ăn được),"Crab meat, cooked",https://catalog.data.gov/dataset/composition-of-foods-raw-processed-prepared-usda-national-nutrient-database-for-standar-28,https://vietnam.travel/things-to-do/vietnam-foodie-guide-region,cao,thap,"Không tính mai/vỏ. Khối lượng phần ăn được, bỏ vỏ/xương; chuỗi có dấu gạch chéo là một lựa chọn/hỗn hợp. Các lựa chọn cùng nhóm không dùng để cộng đồng thời. Khối lượng đạm được phân bổ lại theo ngân sách 160 g cho món có nhiều thành phần đạm.",2026-08-02
HN130,Bánh canh cua,Món nước miền Trung/Nam,3,cua/ghẹ,ghẹ,"Crab or swimming crab meat, cooked",hải sản,"chín, phần thịt",dam_hai_san_hoac_hon_hop,có,lựa chọn thay thế,HN130-02,không,80,95,76,373.7,0,ước tính biên tập; không phải công thức định lượng của từng quán,toàn bộ thành phần đặc trưng đã ghi trong CSV gốc; không phải công thức đầy đủ của mọi quán,Viện Dinh dưỡng Việt Nam / FAO (proxy),không gắn mã riêng; đối chiếu theo thực phẩm tương đương,NIN/FAO Energy kcal (trên 100 g phần ăn được),"Crab or swimming crab meat, cooked",https://viendinhduong.vn/en/cong-cu-va-tien-ich/nutritional-value-of-food; https://www.fao.org/fileadmin/templates/food_composition/documents/pdf/VTN_FCT_2007.pdf,https://vietnam.travel/things-to-do/vietnam-foodie-guide-region,thap,thap,"Không tính mai/vỏ. Tách từ cụm lựa chọn “cua/ghẹ”; dùng giá trị đại diện gần nhất. Khối lượng phần ăn được, bỏ vỏ/xương; chuỗi có dấu gạch chéo là một lựa chọn/hỗn hợp. Các lựa chọn cùng nhóm không dùng để cộng đồng thời. Khối lượng đạm được phân bổ lại theo ngân sách 160 g cho món có nhiều thành phần đạm.",2026-08-02
HN130,Bánh canh cua,Món nước miền Trung/Nam,4,tôm,Tôm chín,"Shrimp, cooked",hải sản,"chín, phần ăn được",dam_hai_san_hoac_hon_hop,có,thành phần được liệt kê,,có,80,99,79.2,373.7,21.2,ước tính biên tập; không phải công thức định lượng của từng quán,toàn bộ thành phần đặc trưng đã ghi trong CSV gốc; không phải công thức đầy đủ của mọi quán,USDA SR28 / FoodData Central (proxy),không gắn mã riêng; đối chiếu theo thực phẩm tương đương,USDA SR28 Energ_Kcal (trên 100 g phần ăn được),"Shrimp, cooked",https://catalog.data.gov/dataset/composition-of-foods-raw-processed-prepared-usda-national-nutrient-database-for-standar-28,https://vietnam.travel/things-to-do/vietnam-foodie-guide-region,cao,thap,"Không tính vỏ và đầu bỏ đi. Khối lượng phần ăn được, bỏ vỏ/xương; chuỗi có dấu gạch chéo là một lựa chọn/hỗn hợp. Khối lượng đạm được phân bổ lại theo ngân sách 160 g cho món có nhiều thành phần đạm.",2026-08-02
HN130,Bánh canh cua,Món nước miền Trung/Nam,5,hành,Hành lá,"Spring onion, raw",rau thơm,tươi,rau_thom_tao_nen,có,thành phần được liệt kê,,có,20,32,6.4,373.7,1.7,ước tính biên tập; không phải công thức định lượng của từng quán,toàn bộ thành phần đặc trưng đã ghi trong CSV gốc; không phải công thức đầy đủ của mọi quán,Viện Dinh dưỡng Việt Nam / FAO (proxy),không gắn mã riêng; đối chiếu theo thực phẩm tương đương,NIN/FAO Energy kcal (trên 100 g phần ăn được),"Spring onion, raw",https://viendinhduong.vn/en/cong-cu-va-tien-ich/nutritional-value-of-food; https://www.fao.org/fileadmin/templates/food_composition/documents/pdf/VTN_FCT_2007.pdf,https://vietnam.travel/things-to-do/vietnam-foodie-guide-region,trung_binh,thap,"Giả định hành lá, không phải hành củ. Lượng hành trong một suất; nếu chỉ rắc mặt có thể giảm còn 5–10 g theo thứ tự thành phần.",2026-08-02
HN130,Bánh canh cua,Món nước miền Trung/Nam,6,tiêu,Hạt tiêu đen xay,"Black pepper, ground",gia vị,"khô, xay",gia_vi_kho_manh,có,thành phần được liệt kê,,có,1,251,2.5,373.7,0.7,ước tính biên tập; không phải công thức định lượng của từng quán,toàn bộ thành phần đặc trưng đã ghi trong CSV gốc; không phải công thức đầy đủ của mọi quán,USDA SR28 / FoodData Central (proxy),không gắn mã riêng; đối chiếu theo thực phẩm tương đương,USDA SR28 Energ_Kcal (trên 100 g phần ăn được),"Black pepper, ground",https://catalog.data.gov/dataset/composition-of-foods-raw-processed-prepared-usda-national-nutrient-database-for-standar-28,https://vietnam.travel/things-to-do/vietnam-foodie-guide-region,cao,thap,Lượng dùng mỗi suất rất nhỏ. Lượng gia vị khô quy đổi; nhiều loại chỉ chiết hương và không ăn phần xác.,2026-08-02
HN131,Nem lụi,Món nướng miền Trung,1,thịt lợn,"Thịt lợn chín, nạc mỡ vừa","Pork, cooked, lean and fat",thịt,chín,dam_chinh,có,thành phần được liệt kê,,có,80,242,193.6,379,51.1,ước tính biên tập; không phải công thức định lượng của từng quán,toàn bộ thành phần đặc trưng đã ghi trong CSV gốc; không phải công thức đầy đủ của mọi quán,Viện Dinh dưỡng Việt Nam / FAO (proxy),không gắn mã riêng; đối chiếu theo thực phẩm tương đương,NIN/FAO Energy kcal (trên 100 g phần ăn được),"Pork, cooked, lean and fat",https://viendinhduong.vn/en/cong-cu-va-tien-ich/nutritional-value-of-food; https://www.fao.org/fileadmin/templates/food_composition/documents/pdf/VTN_FCT_2007.pdf,https://www.vietnam.travel/things-to-do/how-eat-local-hue,trung_binh,thap,Giá trị đại diện nhiều phần cắt. Khối lượng thịt lợn thành phẩm trong một suất.,2026-08-02
HN131,Nem lụi,Món nướng miền Trung,2,sả,Sả tươi,"Lemongrass, raw",gia vị,tươi,gia_vi_tuoi,có,thành phần được liệt kê,,có,8,99,7.9,379,2.1,ước tính biên tập; không phải công thức định lượng của từng quán,toàn bộ thành phần đặc trưng đã ghi trong CSV gốc; không phải công thức đầy đủ của mọi quán,USDA SR28 / FoodData Central (proxy),không gắn mã riêng; đối chiếu theo thực phẩm tương đương,USDA SR28 Energ_Kcal (trên 100 g phần ăn được),"Lemongrass, raw",https://catalog.data.gov/dataset/composition-of-foods-raw-processed-prepared-usda-national-nutrient-database-for-standar-28,https://www.vietnam.travel/things-to-do/how-eat-local-hue,cao,thap,Phần thân ăn được. Lượng gia vị tươi ước/nấu trong một suất; không nhất thiết ăn hết phần xác.,2026-08-02
HN131,Nem lụi,Món nướng miền Trung,3,bánh tráng,Bánh tráng gạo khô,"Rice paper, dry",bánh/bột gạo,khô,vo_banh_tinh_bot,có,thành phần được liệt kê,,có,35,340,119,379,31.4,ước tính biên tập; không phải công thức định lượng của từng quán,toàn bộ thành phần đặc trưng đã ghi trong CSV gốc; không phải công thức đầy đủ của mọi quán,Viện Dinh dưỡng Việt Nam / FAO (proxy),không gắn mã riêng; đối chiếu theo thực phẩm tương đương,NIN/FAO Energy kcal (trên 100 g phần ăn được),"Rice paper, dry",https://viendinhduong.vn/en/cong-cu-va-tien-ich/nutritional-value-of-food; https://www.fao.org/fileadmin/templates/food_composition/documents/pdf/VTN_FCT_2007.pdf,https://www.vietnam.travel/things-to-do/how-eat-local-hue,trung_binh,thap,Loại bánh tráng mỏng chưa chiên. Tổng khối lượng lá/vỏ bánh ăn được trong một suất.,2026-08-02
HN131,Nem lụi,Món nướng miền Trung,4,rau,Rau hỗn hợp,Mixed vegetables,rau củ,tươi hoặc chín nhẹ,rau_an_kem,có,thành phần được liệt kê,,có,70,30,21,379,5.5,ước tính biên tập; không phải công thức định lượng của từng quán,toàn bộ thành phần đặc trưng đã ghi trong CSV gốc; không phải công thức đầy đủ của mọi quán,Viện Dinh dưỡng Việt Nam / FAO (proxy),không gắn mã riêng; đối chiếu theo thực phẩm tương đương,NIN/FAO Energy kcal (trên 100 g phần ăn được),Mixed vegetables,https://viendinhduong.vn/en/cong-cu-va-tien-ich/nutritional-value-of-food; https://www.fao.org/fileadmin/templates/food_composition/documents/pdf/VTN_FCT_2007.pdf,https://www.vietnam.travel/things-to-do/how-eat-local-hue,thap,thap,Tên chung; dùng trung bình rau ít tinh bột. Một nắm/đĩa rau ăn kèm cho một người; nếu là nguyên liệu đầu tiên của salad/nộm có thể nâng lên 120–150 g.,2026-08-02
HN131,Nem lụi,Món nướng miền Trung,5,tương đậu,Tương đậu lên men,Fermented bean paste,nước sốt/gia vị,lên men,sot_nuoc_cham,có,thành phần được liệt kê,,có,25,150,37.5,379,9.9,ước tính biên tập; không phải công thức định lượng của từng quán,toàn bộ thành phần đặc trưng đã ghi trong CSV gốc; không phải công thức đầy đủ của mọi quán,USDA SR28 / FoodData Central (proxy),không gắn mã riêng; đối chiếu theo thực phẩm tương đương,USDA SR28 Energ_Kcal (trên 100 g phần ăn được),Fermented bean paste,https://catalog.data.gov/dataset/composition-of-foods-raw-processed-prepared-usda-national-nutrient-database-for-standar-28,https://www.vietnam.travel/things-to-do/how-eat-local-hue,thap,thap,"Biến thiên theo loại đậu, đường và độ cô đặc. Lượng sốt/nước chấm bám và được ăn trong một suất.",2026-08-02
HN132,Cơm gà Hải Nam,Món Singapore/Hoa,1,gà,Thịt gà chín,"Chicken meat, cooked",thịt gia cầm,"chín, thịt và da đại diện",dam_chinh,có,thành phần được liệt kê,,có,100,239,239,608.3,39.3,ước tính biên tập; không phải công thức định lượng của từng quán,toàn bộ thành phần đặc trưng đã ghi trong CSV gốc; không phải công thức đầy đủ của mọi quán,Viện Dinh dưỡng Việt Nam / FAO (proxy),không gắn mã riêng; đối chiếu theo thực phẩm tương đương,NIN/FAO Energy kcal (trên 100 g phần ăn được),"Chicken meat, cooked",https://viendinhduong.vn/en/cong-cu-va-tien-ich/nutritional-value-of-food; https://www.fao.org/fileadmin/templates/food_composition/documents/pdf/VTN_FCT_2007.pdf,https://vietnam.travel/things-to-do/must-try-food-in-hanoi; https://vietnamtourism.vn/en/index.php/services/restaurants/search/19,trung_binh,thap,Biến thiên theo phần cắt và có da hay không. Khối lượng thịt chín ăn được trong một suất; gà tùy chọn chỉ tính khi thực sự thêm.,2026-08-02
HN132,Cơm gà Hải Nam,Món Singapore/Hoa,2,gạo,Gạo trắng,"White rice, dry",ngũ cốc,"khô, chưa nấu",tinh_bot_chinh_kho,có,thành phần được liệt kê,,có,75,360,270,608.3,44.4,ước tính biên tập; không phải công thức định lượng của từng quán,toàn bộ thành phần đặc trưng đã ghi trong CSV gốc; không phải công thức đầy đủ của mọi quán,Viện Dinh dưỡng Việt Nam / FAO (proxy),không gắn mã riêng; đối chiếu theo thực phẩm tương đương,NIN/FAO Energy kcal (trên 100 g phần ăn được),"White rice, dry",https://viendinhduong.vn/en/cong-cu-va-tien-ich/nutritional-value-of-food; https://www.fao.org/fileadmin/templates/food_composition/documents/pdf/VTN_FCT_2007.pdf,https://vietnam.travel/things-to-do/must-try-food-in-hanoi; https://vietnamtourism.vn/en/index.php/services/restaurants/search/19,cao,thap,Gạo tẻ khô; khác cơm đã nấu. Gạo khô cho một phần; không dùng trị năng lượng cơm chín cho khối lượng này.,2026-08-02
HN132,Cơm gà Hải Nam,Món Singapore/Hoa,3,gừng,Gừng tươi,"Ginger root, raw",gia vị,"tươi, sống",gia_vi_tuoi,có,thành phần được liệt kê,,có,8,80,6.4,608.3,1.1,ước tính biên tập; không phải công thức định lượng của từng quán,toàn bộ thành phần đặc trưng đã ghi trong CSV gốc; không phải công thức đầy đủ của mọi quán,USDA SR28 / FoodData Central (proxy),USDA SR28 NDB_No 11216,USDA SR28 Energ_Kcal (trên 100 g phần ăn được),"GINGER ROOT,RAW",https://catalog.data.gov/dataset/composition-of-foods-raw-processed-prepared-usda-national-nutrient-database-for-standar-28,https://vietnam.travel/things-to-do/must-try-food-in-hanoi; https://vietnamtourism.vn/en/index.php/services/restaurants/search/19,cao,thap,Gừng củ tươi. Lượng gia vị tươi ước/nấu trong một suất; không nhất thiết ăn hết phần xác. Khớp gần với bản ghi USDA SR28; điểm khớp 100%.,2026-08-02
HN132,Cơm gà Hải Nam,Món Singapore/Hoa,4,hành,Hành lá,"Spring onion, raw",rau thơm,tươi,rau_thom_tao_nen,có,thành phần được liệt kê,,có,20,32,6.4,608.3,1.1,ước tính biên tập; không phải công thức định lượng của từng quán,toàn bộ thành phần đặc trưng đã ghi trong CSV gốc; không phải công thức đầy đủ của mọi quán,Viện Dinh dưỡng Việt Nam / FAO (proxy),không gắn mã riêng; đối chiếu theo thực phẩm tương đương,NIN/FAO Energy kcal (trên 100 g phần ăn được),"Spring onion, raw",https://viendinhduong.vn/en/cong-cu-va-tien-ich/nutritional-value-of-food; https://www.fao.org/fileadmin/templates/food_composition/documents/pdf/VTN_FCT_2007.pdf,https://vietnam.travel/things-to-do/must-try-food-in-hanoi; https://vietnamtourism.vn/en/index.php/services/restaurants/search/19,trung_binh,thap,"Giả định hành lá, không phải hành củ. Lượng hành trong một suất; nếu chỉ rắc mặt có thể giảm còn 5–10 g theo thứ tự thành phần.",2026-08-02
HN132,Cơm gà Hải Nam,Món Singapore/Hoa,5,nước gà,Nước dùng gà,Chicken broth,nước dùng,"đã nấu, lọc",nuoc_dung,có,thành phần được liệt kê,,có,320,20,64,608.3,10.5,ước tính biên tập; không phải công thức định lượng của từng quán,toàn bộ thành phần đặc trưng đã ghi trong CSV gốc; không phải công thức đầy đủ của mọi quán,USDA SR28 / FoodData Central (proxy),không gắn mã riêng; đối chiếu theo thực phẩm tương đương,USDA SR28 Energ_Kcal (trên 100 g phần ăn được),Chicken broth,https://catalog.data.gov/dataset/composition-of-foods-raw-processed-prepared-usda-national-nutrient-database-for-standar-28,https://vietnam.travel/things-to-do/must-try-food-in-hanoi; https://vietnamtourism.vn/en/index.php/services/restaurants/search/19,trung_binh,thap,Loại không kem; mỡ nổi làm tăng kcal. Một tô/cốc nước dùng; với lẩu hiểu là lượng một người thực ăn.,2026-08-02
HN132,Cơm gà Hải Nam,Món Singapore/Hoa,6,sốt ớt,Sốt ớt,Chili sauce,nước sốt,chế biến sẵn,sot_nuoc_cham,có,thành phần được liệt kê,,có,25,90,22.5,608.3,3.7,ước tính biên tập; không phải công thức định lượng của từng quán,toàn bộ thành phần đặc trưng đã ghi trong CSV gốc; không phải công thức đầy đủ của mọi quán,USDA SR28 / FoodData Central (proxy),USDA SR28 NDB_No 06972,USDA SR28 Energ_Kcal (trên 100 g phần ăn được),"SAUCE,TOMATO CHILI SAU,BTLD,W/SALT",https://catalog.data.gov/dataset/composition-of-foods-raw-processed-prepared-usda-national-nutrient-database-for-standar-28,https://vietnam.travel/things-to-do/must-try-food-in-hanoi; https://vietnamtourism.vn/en/index.php/services/restaurants/search/19,trung_binh,thap,Loại sốt ớt ngọt thông dụng. Lượng sốt/nước chấm bám và được ăn trong một suất. Khớp gần với bản ghi USDA SR28; điểm khớp 100%.,2026-08-02
HN133,Laksa,Món Singapore/Malaysia,1,mì,Mì sợi chín,"Wheat noodles, cooked",mì/bún,"chín, ngậm nước",tinh_bot_chinh_da_chin,có,thành phần được liệt kê,,có,180,138,248.4,572.9,43.4,ước tính biên tập; không phải công thức định lượng của từng quán,toàn bộ thành phần đặc trưng đã ghi trong CSV gốc; không phải công thức đầy đủ của mọi quán,USDA SR28 / FoodData Central (proxy),không gắn mã riêng; đối chiếu theo thực phẩm tương đương,USDA SR28 Energ_Kcal (trên 100 g phần ăn được),"Wheat noodles, cooked",https://catalog.data.gov/dataset/composition-of-foods-raw-processed-prepared-usda-national-nutrient-database-for-standar-28,https://vietnam.travel/things-to-do/must-try-food-in-hanoi; https://vietnamtourism.vn/en/index.php/services/restaurants/search/19,trung_binh,thap,Mì lúa mì không sốt. Khối lượng sợi/bánh đã nấu chín cho một suất; nếu tra bảng dạng khô phải quy đổi lại.,2026-08-02
HN133,Laksa,Món Singapore/Malaysia,2,nước cốt dừa,Nước cốt dừa,Coconut milk,sữa thực vật/chất béo,dạng lỏng đặc,nen_sot_beo,có,thành phần được liệt kê,,có,60,230,138,572.9,24.1,ước tính biên tập; không phải công thức định lượng của từng quán,toàn bộ thành phần đặc trưng đã ghi trong CSV gốc; không phải công thức đầy đủ của mọi quán,USDA SR28 / FoodData Central (proxy),USDA SR28 NDB_No 12117,USDA SR28 Energ_Kcal (trên 100 g phần ăn được),"COCONUT MILK,RAW (LIQ EXPRESSED FROM GRATED MEAT&H2O)",https://catalog.data.gov/dataset/composition-of-foods-raw-processed-prepared-usda-national-nutrient-database-for-standar-28,https://vietnam.travel/things-to-do/must-try-food-in-hanoi; https://vietnamtourism.vn/en/index.php/services/restaurants/search/19,cao,thap,"Loại nguyên chất, không pha loãng nhiều. Lượng nước cốt dừa trong một phần cà ri/laksa. Khớp gần với bản ghi USDA SR28; điểm khớp 100%.",2026-08-02
HN133,Laksa,Món Singapore/Malaysia,3,cà ri,Sốt/cốt cà ri,Prepared curry sauce,nước sốt/gia vị,đã nấu,sot_gia_vi_ca_ri,có,thành phần được liệt kê,,có,20,150,30,572.9,5.2,ước tính biên tập; không phải công thức định lượng của từng quán,toàn bộ thành phần đặc trưng đã ghi trong CSV gốc; không phải công thức đầy đủ của mọi quán,USDA SR28 / FoodData Central (proxy),không gắn mã riêng; đối chiếu theo thực phẩm tương đương,USDA SR28 Energ_Kcal (trên 100 g phần ăn được),Prepared curry sauce,https://catalog.data.gov/dataset/composition-of-foods-raw-processed-prepared-usda-national-nutrient-database-for-standar-28,https://vietnam.travel/things-to-do/must-try-food-in-hanoi; https://vietnamtourism.vn/en/index.php/services/restaurants/search/19,thap,thap,Tên chung; nước cốt dừa và dầu làm biến thiên lớn. Lượng paste/sốt cà ri đậm đặc; nước cốt dừa tính riêng.,2026-08-02
HN133,Laksa,Món Singapore/Malaysia,4,tôm,Tôm chín,"Shrimp, cooked",hải sản,"chín, phần ăn được",dam_hai_san_hoac_hon_hop,có,thành phần được liệt kê,,có,73.5,99,72.8,572.9,12.7,ước tính biên tập; không phải công thức định lượng của từng quán,toàn bộ thành phần đặc trưng đã ghi trong CSV gốc; không phải công thức đầy đủ của mọi quán,USDA SR28 / FoodData Central (proxy),không gắn mã riêng; đối chiếu theo thực phẩm tương đương,USDA SR28 Energ_Kcal (trên 100 g phần ăn được),"Shrimp, cooked",https://catalog.data.gov/dataset/composition-of-foods-raw-processed-prepared-usda-national-nutrient-database-for-standar-28,https://vietnam.travel/things-to-do/must-try-food-in-hanoi; https://vietnamtourism.vn/en/index.php/services/restaurants/search/19,cao,thap,"Không tính vỏ và đầu bỏ đi. Khối lượng phần ăn được, bỏ vỏ/xương; chuỗi có dấu gạch chéo là một lựa chọn/hỗn hợp. Khối lượng đạm được phân bổ lại theo ngân sách 160 g cho món có nhiều thành phần đạm.",2026-08-02
HN133,Laksa,Món Singapore/Malaysia,5,đậu phụ,Đậu phụ trắng,"Tofu, firm",đậu/sản phẩm đậu,đã đông tụ,dam_thuc_vat_da_chin,có,thành phần được liệt kê,,có,86.5,76,65.7,572.9,11.5,ước tính biên tập; không phải công thức định lượng của từng quán,toàn bộ thành phần đặc trưng đã ghi trong CSV gốc; không phải công thức đầy đủ của mọi quán,Viện Dinh dưỡng Việt Nam / FAO (proxy),không gắn mã riêng; đối chiếu theo thực phẩm tương đương,NIN/FAO Energy kcal (trên 100 g phần ăn được),"Tofu, firm",https://viendinhduong.vn/en/cong-cu-va-tien-ich/nutritional-value-of-food; https://www.fao.org/fileadmin/templates/food_composition/documents/pdf/VTN_FCT_2007.pdf,https://vietnam.travel/things-to-do/must-try-food-in-hanoi; https://vietnamtourism.vn/en/index.php/services/restaurants/search/19,cao,thap,Đậu phụ chưa chiên. Khối lượng đậu/đậu phụ đã nấu trong một phần. Khối lượng đạm được phân bổ lại theo ngân sách 160 g cho món có nhiều thành phần đạm.,2026-08-02
HN133,Laksa,Món Singapore/Malaysia,6,giá,Giá đỗ xanh,"Mung bean sprouts, raw",rau mầm,"tươi, sống",rau_chinh_hoac_an_kem,có,thành phần được liệt kê,,có,60,30,18,572.9,3.1,ước tính biên tập; không phải công thức định lượng của từng quán,toàn bộ thành phần đặc trưng đã ghi trong CSV gốc; không phải công thức đầy đủ của mọi quán,USDA SR28 / FoodData Central (proxy),không gắn mã riêng; đối chiếu theo thực phẩm tương đương,USDA SR28 Energ_Kcal (trên 100 g phần ăn được),"Mung bean sprouts, raw",https://catalog.data.gov/dataset/composition-of-foods-raw-processed-prepared-usda-national-nutrient-database-for-standar-28,https://vietnam.travel/things-to-do/must-try-food-in-hanoi; https://vietnamtourism.vn/en/index.php/services/restaurants/search/19,cao,thap,Giá đỗ xanh tươi. Khối lượng rau ăn được trong một suất.,2026-08-02
HN134,Cá suối nướng,Món Tây Bắc,1,cá suối,Cá suối chín,"Small freshwater fish, cooked",cá,"chín, phần ăn được",dam_chinh_thuy_san,có,thành phần được liệt kê,,có,100,120,120,140.5,85.4,ước tính biên tập; không phải công thức định lượng của từng quán,toàn bộ thành phần đặc trưng đã ghi trong CSV gốc; không phải công thức đầy đủ của mọi quán,Viện Dinh dưỡng Việt Nam / FAO (proxy),không gắn mã riêng; đối chiếu theo thực phẩm tương đương,NIN/FAO Energy kcal (trên 100 g phần ăn được),"Small freshwater fish, cooked",https://viendinhduong.vn/en/cong-cu-va-tien-ich/nutritional-value-of-food; https://www.fao.org/fileadmin/templates/food_composition/documents/pdf/VTN_FCT_2007.pdf,https://vietnam.travel/things-to-do/vietnam-foodie-guide-region,thap,thap,Proxy cá nước ngọt nhỏ chín. Khối lượng phần thịt ăn được sau khi bỏ xương/da không ăn.,2026-08-02
HN134,Cá suối nướng,Món Tây Bắc,2,mắc khén,Hạt mắc khén khô,"Vietnamese prickly ash, dried",gia vị,"khô, rang/xay",gia_vi_kho_hon_hop,có,thành phần được liệt kê,,có,3,270,8.1,140.5,5.8,ước tính biên tập; không phải công thức định lượng của từng quán,toàn bộ thành phần đặc trưng đã ghi trong CSV gốc; không phải công thức đầy đủ của mọi quán,Viện Dinh dưỡng Việt Nam / FAO (proxy),không gắn mã riêng; đối chiếu theo thực phẩm tương đương,NIN/FAO Energy kcal (trên 100 g phần ăn được),"Vietnamese prickly ash, dried",https://viendinhduong.vn/en/cong-cu-va-tien-ich/nutritional-value-of-food; https://www.fao.org/fileadmin/templates/food_composition/documents/pdf/VTN_FCT_2007.pdf,https://vietnam.travel/things-to-do/vietnam-foodie-guide-region,thap,thap,Proxy gần hạt tiêu Tứ Xuyên; lượng dùng rất nhỏ. Tổng lượng gia vị khô/hỗn hợp cho một suất; chuỗi gạch chéo được coi là hỗn hợp chung.,2026-08-02
HN134,Cá suối nướng,Món Tây Bắc,3,sả,Sả tươi,"Lemongrass, raw",gia vị,tươi,gia_vi_tuoi,có,thành phần được liệt kê,,có,8,99,7.9,140.5,5.6,ước tính biên tập; không phải công thức định lượng của từng quán,toàn bộ thành phần đặc trưng đã ghi trong CSV gốc; không phải công thức đầy đủ của mọi quán,USDA SR28 / FoodData Central (proxy),không gắn mã riêng; đối chiếu theo thực phẩm tương đương,USDA SR28 Energ_Kcal (trên 100 g phần ăn được),"Lemongrass, raw",https://catalog.data.gov/dataset/composition-of-foods-raw-processed-prepared-usda-national-nutrient-database-for-standar-28,https://vietnam.travel/things-to-do/vietnam-foodie-guide-region,cao,thap,Phần thân ăn được. Lượng gia vị tươi ước/nấu trong một suất; không nhất thiết ăn hết phần xác.,2026-08-02
HN134,Cá suối nướng,Món Tây Bắc,4,rau thơm,Rau thơm hỗn hợp,Mixed fresh herbs,rau thơm,"tươi, sống",rau_thom,có,thành phần được liệt kê,,có,15,30,4.5,140.5,3.2,ước tính biên tập; không phải công thức định lượng của từng quán,toàn bộ thành phần đặc trưng đã ghi trong CSV gốc; không phải công thức đầy đủ của mọi quán,Viện Dinh dưỡng Việt Nam / FAO (proxy),không gắn mã riêng; đối chiếu theo thực phẩm tương đương,NIN/FAO Energy kcal (trên 100 g phần ăn được),Mixed fresh herbs,https://viendinhduong.vn/en/cong-cu-va-tien-ich/nutritional-value-of-food; https://www.fao.org/fileadmin/templates/food_composition/documents/pdf/VTN_FCT_2007.pdf,https://vietnam.travel/things-to-do/vietnam-foodie-guide-region,thap,thap,Trung bình các rau thơm tươi. Một nhúm rau thơm/lá gia vị ăn được trong một suất.,2026-08-02
HN135,Lợn mán nướng,Món Tây Bắc,1,thịt lợn bản,Thịt lợn bản chín,"Local free-range pork, cooked",thịt,chín,dam_chinh,có,thành phần được liệt kê,,có,80,260,208,228.5,91,ước tính biên tập; không phải công thức định lượng của từng quán,toàn bộ thành phần đặc trưng đã ghi trong CSV gốc; không phải công thức đầy đủ của mọi quán,Viện Dinh dưỡng Việt Nam / FAO (proxy),không gắn mã riêng; đối chiếu theo thực phẩm tương đương,NIN/FAO Energy kcal (trên 100 g phần ăn được),"Local free-range pork, cooked",https://viendinhduong.vn/en/cong-cu-va-tien-ich/nutritional-value-of-food; https://www.fao.org/fileadmin/templates/food_composition/documents/pdf/VTN_FCT_2007.pdf,https://vietnam.travel/things-to-do/vietnam-foodie-guide-region,thap,thap,Phần cắt và tỷ lệ mỡ thay đổi. Khối lượng thịt lợn thành phẩm trong một suất.,2026-08-02
HN135,Lợn mán nướng,Món Tây Bắc,2,mắc khén,Hạt mắc khén khô,"Vietnamese prickly ash, dried",gia vị,"khô, rang/xay",gia_vi_kho_hon_hop,có,thành phần được liệt kê,,có,3,270,8.1,228.5,3.5,ước tính biên tập; không phải công thức định lượng của từng quán,toàn bộ thành phần đặc trưng đã ghi trong CSV gốc; không phải công thức đầy đủ của mọi quán,Viện Dinh dưỡng Việt Nam / FAO (proxy),không gắn mã riêng; đối chiếu theo thực phẩm tương đương,NIN/FAO Energy kcal (trên 100 g phần ăn được),"Vietnamese prickly ash, dried",https://viendinhduong.vn/en/cong-cu-va-tien-ich/nutritional-value-of-food; https://www.fao.org/fileadmin/templates/food_composition/documents/pdf/VTN_FCT_2007.pdf,https://vietnam.travel/things-to-do/vietnam-foodie-guide-region,thap,thap,Proxy gần hạt tiêu Tứ Xuyên; lượng dùng rất nhỏ. Tổng lượng gia vị khô/hỗn hợp cho một suất; chuỗi gạch chéo được coi là hỗn hợp chung.,2026-08-02
HN135,Lợn mán nướng,Món Tây Bắc,3,sả,Sả tươi,"Lemongrass, raw",gia vị,tươi,gia_vi_tuoi,có,thành phần được liệt kê,,có,8,99,7.9,228.5,3.5,ước tính biên tập; không phải công thức định lượng của từng quán,toàn bộ thành phần đặc trưng đã ghi trong CSV gốc; không phải công thức đầy đủ của mọi quán,USDA SR28 / FoodData Central (proxy),không gắn mã riêng; đối chiếu theo thực phẩm tương đương,USDA SR28 Energ_Kcal (trên 100 g phần ăn được),"Lemongrass, raw",https://catalog.data.gov/dataset/composition-of-foods-raw-processed-prepared-usda-national-nutrient-database-for-standar-28,https://vietnam.travel/things-to-do/vietnam-foodie-guide-region,cao,thap,Phần thân ăn được. Lượng gia vị tươi ước/nấu trong một suất; không nhất thiết ăn hết phần xác.,2026-08-02
HN135,Lợn mán nướng,Món Tây Bắc,4,lá thơm,Lá thơm hỗn hợp,Mixed aromatic herbs,rau thơm,tươi,rau_thom,có,thành phần được liệt kê,,có,15,30,4.5,228.5,2,ước tính biên tập; không phải công thức định lượng của từng quán,toàn bộ thành phần đặc trưng đã ghi trong CSV gốc; không phải công thức đầy đủ của mọi quán,Viện Dinh dưỡng Việt Nam / FAO (proxy),không gắn mã riêng; đối chiếu theo thực phẩm tương đương,NIN/FAO Energy kcal (trên 100 g phần ăn được),Mixed aromatic herbs,https://viendinhduong.vn/en/cong-cu-va-tien-ich/nutritional-value-of-food; https://www.fao.org/fileadmin/templates/food_composition/documents/pdf/VTN_FCT_2007.pdf,https://vietnam.travel/things-to-do/vietnam-foodie-guide-region,thap,thap,Tên chung; trung bình rau thơm tươi. Một nhúm rau thơm/lá gia vị ăn được trong một suất.,2026-08-02
HN136,Gà nướng cơm lam,Món Tây Bắc/Tây Nguyên,1,gà,Thịt gà chín,"Chicken meat, cooked",thịt gia cầm,"chín, thịt và da đại diện",dam_chinh,có,thành phần được liệt kê,,có,100,239,239,580.1,41.2,ước tính biên tập; không phải công thức định lượng của từng quán,toàn bộ thành phần đặc trưng đã ghi trong CSV gốc; không phải công thức đầy đủ của mọi quán,Viện Dinh dưỡng Việt Nam / FAO (proxy),không gắn mã riêng; đối chiếu theo thực phẩm tương đương,NIN/FAO Energy kcal (trên 100 g phần ăn được),"Chicken meat, cooked",https://viendinhduong.vn/en/cong-cu-va-tien-ich/nutritional-value-of-food; https://www.fao.org/fileadmin/templates/food_composition/documents/pdf/VTN_FCT_2007.pdf,https://vietnam.travel/things-to-do/vietnam-foodie-guide-region,trung_binh,thap,Biến thiên theo phần cắt và có da hay không. Khối lượng thịt chín ăn được trong một suất; gà tùy chọn chỉ tính khi thực sự thêm.,2026-08-02
HN136,Gà nướng cơm lam,Món Tây Bắc/Tây Nguyên,2,mắc khén/sả,Hạt mắc khén khô,"Vietnamese prickly ash, dried",gia vị,"khô, rang/xay",gia_vi_kho_hon_hop,có,lựa chọn mặc định,HN136-02,có,3,270,8.1,580.1,1.4,ước tính biên tập; không phải công thức định lượng của từng quán,toàn bộ thành phần đặc trưng đã ghi trong CSV gốc; không phải công thức đầy đủ của mọi quán,Viện Dinh dưỡng Việt Nam / FAO (proxy),không gắn mã riêng; đối chiếu theo thực phẩm tương đương,NIN/FAO Energy kcal (trên 100 g phần ăn được),"Vietnamese prickly ash, dried",https://viendinhduong.vn/en/cong-cu-va-tien-ich/nutritional-value-of-food; https://www.fao.org/fileadmin/templates/food_composition/documents/pdf/VTN_FCT_2007.pdf,https://vietnam.travel/things-to-do/vietnam-foodie-guide-region,thap,thap,Proxy gần hạt tiêu Tứ Xuyên; lượng dùng rất nhỏ. Tổng lượng gia vị khô/hỗn hợp cho một suất; chuỗi gạch chéo được coi là hỗn hợp chung. Các lựa chọn cùng nhóm không dùng để cộng đồng thời.,2026-08-02
HN136,Gà nướng cơm lam,Món Tây Bắc/Tây Nguyên,3,mắc khén/sả,Sả tươi,"Lemongrass, raw",gia vị,tươi,gia_vi_kho_hon_hop,có,lựa chọn thay thế,HN136-02,không,3,99,3,580.1,0,ước tính biên tập; không phải công thức định lượng của từng quán,toàn bộ thành phần đặc trưng đã ghi trong CSV gốc; không phải công thức đầy đủ của mọi quán,USDA SR28 / FoodData Central (proxy),không gắn mã riêng; đối chiếu theo thực phẩm tương đương,USDA SR28 Energ_Kcal (trên 100 g phần ăn được),"Lemongrass, raw",https://catalog.data.gov/dataset/composition-of-foods-raw-processed-prepared-usda-national-nutrient-database-for-standar-28,https://vietnam.travel/things-to-do/vietnam-foodie-guide-region,cao,thap,Phần thân ăn được. Tổng lượng gia vị khô/hỗn hợp cho một suất; chuỗi gạch chéo được coi là hỗn hợp chung. Các lựa chọn cùng nhóm không dùng để cộng đồng thời.,2026-08-02
HN136,Gà nướng cơm lam,Món Tây Bắc/Tây Nguyên,4,gạo nếp,Gạo nếp,"Glutinous rice, dry",ngũ cốc,"khô, chưa nấu",tinh_bot_chinh_kho,có,thành phần được liệt kê,,có,90,370,333,580.1,57.4,ước tính biên tập; không phải công thức định lượng của từng quán,toàn bộ thành phần đặc trưng đã ghi trong CSV gốc; không phải công thức đầy đủ của mọi quán,Viện Dinh dưỡng Việt Nam / FAO (proxy),không gắn mã riêng; đối chiếu theo thực phẩm tương đương,NIN/FAO Energy kcal (trên 100 g phần ăn được),"Glutinous rice, dry",https://viendinhduong.vn/en/cong-cu-va-tien-ich/nutritional-value-of-food; https://www.fao.org/fileadmin/templates/food_composition/documents/pdf/VTN_FCT_2007.pdf,https://vietnam.travel/things-to-do/vietnam-foodie-guide-region,cao,thap,Gạo nếp khô. Gạo nếp khô cho một suất xôi/cơm lam; cho nở thành khoảng 180–220 g chín.,2026-08-02
HN136,Gà nướng cơm lam,Món Tây Bắc/Tây Nguyên,5,ống tre,Ống tre dùng nấu,"Bamboo tube, cooking vessel",vật liệu nấu,không ăn,vat_lieu_khong_an,không,thành phần được liệt kê,,không,0,0,0,580.1,0,ước tính biên tập; không phải công thức định lượng của từng quán,toàn bộ thành phần đặc trưng đã ghi trong CSV gốc; không phải công thức đầy đủ của mọi quán,Viện Dinh dưỡng Việt Nam / FAO (proxy),không gắn mã riêng; đối chiếu theo thực phẩm tương đương,NIN/FAO Energy kcal (trên 100 g phần ăn được),"Bamboo tube, cooking vessel",https://viendinhduong.vn/en/cong-cu-va-tien-ich/nutritional-value-of-food; https://www.fao.org/fileadmin/templates/food_composition/documents/pdf/VTN_FCT_2007.pdf,https://vietnam.travel/things-to-do/vietnam-foodie-guide-region,cao,thap,"Đặt 0 vì là dụng cụ/vật liệu nấu. Khối lượng ăn được bằng 0; xương chỉ dùng nấu nước, lá và ống tre chỉ dùng gói/chứa. Năng lượng chiết xuất vào nước dùng không thể suy ra từ danh sách này. Không ăn trực tiếp; không cộng vào tổng kcal mặc định.",2026-08-02
HN137,Cà ri xanh Thái,Món Thái,1,cốt dừa,Nước cốt dừa,Coconut milk,sữa thực vật/chất béo,dạng lỏng đặc,nen_sot_beo,có,thành phần được liệt kê,,có,60,230,138,399.6,34.5,ước tính biên tập; không phải công thức định lượng của từng quán,toàn bộ thành phần đặc trưng đã ghi trong CSV gốc; không phải công thức đầy đủ của mọi quán,USDA SR28 / FoodData Central (proxy),USDA SR28 NDB_No 12117,USDA SR28 Energ_Kcal (trên 100 g phần ăn được),"COCONUT MILK,RAW (LIQ EXPRESSED FROM GRATED MEAT&H2O)",https://catalog.data.gov/dataset/composition-of-foods-raw-processed-prepared-usda-national-nutrient-database-for-standar-28,https://vietnam.travel/things-to-do/must-try-food-in-hanoi; https://vietnamtourism.vn/en/index.php/services/restaurants/search/19,cao,thap,Đồng nghĩa nước cốt dừa nguyên chất. Lượng nước cốt dừa trong một phần cà ri/laksa. Khớp gần với bản ghi USDA SR28; điểm khớp 100%.,2026-08-02
HN137,Cà ri xanh Thái,Món Thái,2,cà ri xanh,Sốt cà ri xanh,Green curry sauce,nước sốt,đã nấu,sot_gia_vi_ca_ri,có,thành phần được liệt kê,,có,20,140,28,399.6,7,ước tính biên tập; không phải công thức định lượng của từng quán,toàn bộ thành phần đặc trưng đã ghi trong CSV gốc; không phải công thức đầy đủ của mọi quán,USDA SR28 / FoodData Central (proxy),không gắn mã riêng; đối chiếu theo thực phẩm tương đương,USDA SR28 Energ_Kcal (trên 100 g phần ăn được),Green curry sauce,https://catalog.data.gov/dataset/composition-of-foods-raw-processed-prepared-usda-national-nutrient-database-for-standar-28,https://vietnam.travel/things-to-do/must-try-food-in-hanoi; https://vietnamtourism.vn/en/index.php/services/restaurants/search/19,thap,thap,Phụ thuộc nước cốt dừa và dầu. Lượng paste/sốt cà ri đậm đặc; nước cốt dừa tính riêng.,2026-08-02
HN137,Cà ri xanh Thái,Món Thái,3,gà/bò,Thịt gà chín,"Chicken meat, cooked",thịt gia cầm,"chín, thịt và da đại diện",dam_chinh_lua_chon,có,lựa chọn mặc định,HN137-03,có,90,239,215.1,399.6,53.8,ước tính biên tập; không phải công thức định lượng của từng quán,toàn bộ thành phần đặc trưng đã ghi trong CSV gốc; không phải công thức đầy đủ của mọi quán,Viện Dinh dưỡng Việt Nam / FAO (proxy),không gắn mã riêng; đối chiếu theo thực phẩm tương đương,NIN/FAO Energy kcal (trên 100 g phần ăn được),"Chicken meat, cooked",https://viendinhduong.vn/en/cong-cu-va-tien-ich/nutritional-value-of-food; https://www.fao.org/fileadmin/templates/food_composition/documents/pdf/VTN_FCT_2007.pdf,https://vietnam.travel/things-to-do/must-try-food-in-hanoi; https://vietnamtourism.vn/en/index.php/services/restaurants/search/19,trung_binh,thap,Biến thiên theo phần cắt và có da hay không. Một lựa chọn đạm chính; không cộng đồng thời tất cả loại ngăn bằng dấu gạch chéo. Các lựa chọn cùng nhóm không dùng để cộng đồng thời.,2026-08-02
HN137,Cà ri xanh Thái,Món Thái,4,gà/bò,Thịt bò chín,"Beef, cooked",thịt,chín,dam_chinh_lua_chon,có,lựa chọn thay thế,HN137-03,không,90,250,225,399.6,0,ước tính biên tập; không phải công thức định lượng của từng quán,toàn bộ thành phần đặc trưng đã ghi trong CSV gốc; không phải công thức đầy đủ của mọi quán,Viện Dinh dưỡng Việt Nam / FAO (proxy),không gắn mã riêng; đối chiếu theo thực phẩm tương đương,NIN/FAO Energy kcal (trên 100 g phần ăn được),"Beef, cooked",https://viendinhduong.vn/en/cong-cu-va-tien-ich/nutritional-value-of-food; https://www.fao.org/fileadmin/templates/food_composition/documents/pdf/VTN_FCT_2007.pdf,https://vietnam.travel/things-to-do/must-try-food-in-hanoi; https://vietnamtourism.vn/en/index.php/services/restaurants/search/19,trung_binh,thap,Giá trị đại diện phần cắt nạc-mỡ vừa. Một lựa chọn đạm chính; không cộng đồng thời tất cả loại ngăn bằng dấu gạch chéo. Các lựa chọn cùng nhóm không dùng để cộng đồng thời.,2026-08-02
HN137,Cà ri xanh Thái,Món Thái,5,cà tím,Cà tím,"Eggplant, raw",rau quả,tươi,rau_cu,có,thành phần được liệt kê,,có,60,25,15,399.6,3.8,ước tính biên tập; không phải công thức định lượng của từng quán,toàn bộ thành phần đặc trưng đã ghi trong CSV gốc; không phải công thức đầy đủ của mọi quán,USDA SR28 / FoodData Central (proxy),USDA SR28 NDB_No 11209,USDA SR28 Energ_Kcal (trên 100 g phần ăn được),"EGGPLANT,RAW",https://catalog.data.gov/dataset/composition-of-foods-raw-processed-prepared-usda-national-nutrient-database-for-standar-28,https://vietnam.travel/things-to-do/must-try-food-in-hanoi; https://vietnamtourism.vn/en/index.php/services/restaurants/search/19,cao,thap,Khi xào cần tính dầu riêng. Khối lượng rau/củ chín hoặc sơ chế trong một suất. Khớp gần với bản ghi USDA SR28; điểm khớp 100%.,2026-08-02
HN137,Cà ri xanh Thái,Món Thái,6,húng quế,Húng quế,"Basil, fresh",rau thơm,"tươi, sống",rau_thom,có,thành phần được liệt kê,,có,15,23,3.5,399.6,0.9,ước tính biên tập; không phải công thức định lượng của từng quán,toàn bộ thành phần đặc trưng đã ghi trong CSV gốc; không phải công thức đầy đủ của mọi quán,USDA SR28 / FoodData Central (proxy),USDA SR28 NDB_No 02044,USDA SR28 Energ_Kcal (trên 100 g phần ăn được),"BASIL,FRESH",https://catalog.data.gov/dataset/composition-of-foods-raw-processed-prepared-usda-national-nutrient-database-for-standar-28,https://vietnam.travel/things-to-do/must-try-food-in-hanoi; https://vietnamtourism.vn/en/index.php/services/restaurants/search/19,cao,thap,Lá và thân non. Một nhúm rau thơm/lá gia vị ăn được trong một suất. Khớp gần với bản ghi USDA SR28; điểm khớp 100%.,2026-08-02
HN138,Pad Thai,Món Thái,1,mì gạo,Mì gạo chín,"Rice noodles, cooked",mì/bún,"chín, ngậm nước",tinh_bot_chinh_da_chin,có,thành phần được liệt kê,,có,180,109,196.2,516.6,38,ước tính biên tập; không phải công thức định lượng của từng quán,toàn bộ thành phần đặc trưng đã ghi trong CSV gốc; không phải công thức đầy đủ của mọi quán,USDA SR28 / FoodData Central (proxy),không gắn mã riêng; đối chiếu theo thực phẩm tương đương,USDA SR28 Energ_Kcal (trên 100 g phần ăn được),"Rice noodles, cooked",https://catalog.data.gov/dataset/composition-of-foods-raw-processed-prepared-usda-national-nutrient-database-for-standar-28,https://vietnam.travel/things-to-do/must-try-food-in-hanoi; https://vietnamtourism.vn/en/index.php/services/restaurants/search/19,cao,thap,Không sốt và không dầu. Khối lượng sợi/bánh đã nấu chín cho một suất; nếu tra bảng dạng khô phải quy đổi lại.,2026-08-02
HN138,Pad Thai,Món Thái,2,tôm/thịt,Tôm chín,"Shrimp, cooked",hải sản,"chín, phần ăn được",dam_hai_san_hoac_hon_hop,có,lựa chọn mặc định,HN138-02,có,85,99,84.2,516.6,16.3,ước tính biên tập; không phải công thức định lượng của từng quán,toàn bộ thành phần đặc trưng đã ghi trong CSV gốc; không phải công thức đầy đủ của mọi quán,USDA SR28 / FoodData Central (proxy),không gắn mã riêng; đối chiếu theo thực phẩm tương đương,USDA SR28 Energ_Kcal (trên 100 g phần ăn được),"Shrimp, cooked",https://catalog.data.gov/dataset/composition-of-foods-raw-processed-prepared-usda-national-nutrient-database-for-standar-28,https://vietnam.travel/things-to-do/must-try-food-in-hanoi; https://vietnamtourism.vn/en/index.php/services/restaurants/search/19,cao,thap,"Không tính vỏ và đầu bỏ đi. Khối lượng phần ăn được, bỏ vỏ/xương; chuỗi có dấu gạch chéo là một lựa chọn/hỗn hợp. Các lựa chọn cùng nhóm không dùng để cộng đồng thời.",2026-08-02
HN138,Pad Thai,Món Thái,3,tôm/thịt,Thịt chín tổng hợp,"Cooked meat, generic",thịt,chín,dam_hai_san_hoac_hon_hop,có,lựa chọn thay thế,HN138-02,không,85,250,212.5,516.6,0,ước tính biên tập; không phải công thức định lượng của từng quán,toàn bộ thành phần đặc trưng đã ghi trong CSV gốc; không phải công thức đầy đủ của mọi quán,Viện Dinh dưỡng Việt Nam / FAO (proxy),không gắn mã riêng; đối chiếu theo thực phẩm tương đương,NIN/FAO Energy kcal (trên 100 g phần ăn được),"Cooked meat, generic",https://viendinhduong.vn/en/cong-cu-va-tien-ich/nutritional-value-of-food; https://www.fao.org/fileadmin/templates/food_composition/documents/pdf/VTN_FCT_2007.pdf,https://vietnam.travel/things-to-do/must-try-food-in-hanoi; https://vietnamtourism.vn/en/index.php/services/restaurants/search/19,thap,thap,"Tên chung; giá trị trung bình thịt nạc-mỡ vừa. Khối lượng phần ăn được, bỏ vỏ/xương; chuỗi có dấu gạch chéo là một lựa chọn/hỗn hợp. Các lựa chọn cùng nhóm không dùng để cộng đồng thời.",2026-08-02
HN138,Pad Thai,Món Thái,4,trứng,Trứng gà nguyên quả,"Chicken egg, whole, cooked",trứng,chín,dam_phu,có,thành phần được liệt kê,,có,55,155,85.3,516.6,16.5,ước tính biên tập; không phải công thức định lượng của từng quán,toàn bộ thành phần đặc trưng đã ghi trong CSV gốc; không phải công thức đầy đủ của mọi quán,USDA SR28 / FoodData Central (proxy),không gắn mã riêng; đối chiếu theo thực phẩm tương đương,USDA SR28 Energ_Kcal (trên 100 g phần ăn được),"Chicken egg, whole, cooked",https://catalog.data.gov/dataset/composition-of-foods-raw-processed-prepared-usda-national-nutrient-database-for-standar-28,https://vietnam.travel/things-to-do/must-try-food-in-hanoi; https://vietnamtourism.vn/en/index.php/services/restaurants/search/19,cao,thap,"Trứng gà nguyên quả đại diện. Quy đổi một quả trứng gà cỡ vừa, bỏ vỏ.",2026-08-02
HN138,Pad Thai,Món Thái,5,giá,Giá đỗ xanh,"Mung bean sprouts, raw",rau mầm,"tươi, sống",rau_chinh_hoac_an_kem,có,thành phần được liệt kê,,có,60,30,18,516.6,3.5,ước tính biên tập; không phải công thức định lượng của từng quán,toàn bộ thành phần đặc trưng đã ghi trong CSV gốc; không phải công thức đầy đủ của mọi quán,USDA SR28 / FoodData Central (proxy),không gắn mã riêng; đối chiếu theo thực phẩm tương đương,USDA SR28 Energ_Kcal (trên 100 g phần ăn được),"Mung bean sprouts, raw",https://catalog.data.gov/dataset/composition-of-foods-raw-processed-prepared-usda-national-nutrient-database-for-standar-28,https://vietnam.travel/things-to-do/must-try-food-in-hanoi; https://vietnamtourism.vn/en/index.php/services/restaurants/search/19,cao,thap,Giá đỗ xanh tươi. Khối lượng rau ăn được trong một suất.,2026-08-02
HN138,Pad Thai,Món Thái,6,me,Thịt quả me,"Tamarind pulp, raw",trái cây/gia vị,phần thịt quả,qua_tao_chua,có,thành phần được liệt kê,,có,20,239,47.8,516.6,9.3,ước tính biên tập; không phải công thức định lượng của từng quán,toàn bộ thành phần đặc trưng đã ghi trong CSV gốc; không phải công thức đầy đủ của mọi quán,USDA SR28 / FoodData Central (proxy),không gắn mã riêng; đối chiếu theo thực phẩm tương đương,USDA SR28 Energ_Kcal (trên 100 g phần ăn được),"Tamarind pulp, raw",https://catalog.data.gov/dataset/composition-of-foods-raw-processed-prepared-usda-national-nutrient-database-for-standar-28,https://vietnam.travel/things-to-do/must-try-food-in-hanoi; https://vietnamtourism.vn/en/index.php/services/restaurants/search/19,cao,thap,Không tính hạt và vỏ. Khối lượng phần nước/thịt quả dùng để tạo vị; không tính vỏ/hạt.,2026-08-02
HN138,Pad Thai,Món Thái,7,lạc,Lạc nhân,Peanuts,hạt/đậu,khô hoặc rang,hat_beo_topping,có,thành phần được liệt kê,,có,15,567,85.1,516.6,16.5,ước tính biên tập; không phải công thức định lượng của từng quán,toàn bộ thành phần đặc trưng đã ghi trong CSV gốc; không phải công thức đầy đủ của mọi quán,Viện Dinh dưỡng Việt Nam / FAO (proxy),không gắn mã riêng; đối chiếu theo thực phẩm tương đương,NIN/FAO Energy kcal (trên 100 g phần ăn được),Peanuts,https://viendinhduong.vn/en/cong-cu-va-tien-ich/nutritional-value-of-food; https://www.fao.org/fileadmin/templates/food_composition/documents/pdf/VTN_FCT_2007.pdf,https://vietnam.travel/things-to-do/must-try-food-in-hanoi; https://vietnamtourism.vn/en/index.php/services/restaurants/search/19,cao,thap,"Nhân lạc ăn được, không vỏ. Một nhúm hạt/lạc/vừng làm topping.",2026-08-02
HN139,Som tam,Món Thái,1,đu đủ xanh,Đu đủ xanh,"Green papaya, raw",rau củ/trái cây,"tươi, sống",rau_cu_an_kem,có,thành phần được liệt kê,,có,70,39,27.3,135.1,20.2,ước tính biên tập; không phải công thức định lượng của từng quán,toàn bộ thành phần đặc trưng đã ghi trong CSV gốc; không phải công thức đầy đủ của mọi quán,Viện Dinh dưỡng Việt Nam / FAO (proxy),không gắn mã riêng; đối chiếu theo thực phẩm tương đương,NIN/FAO Energy kcal (trên 100 g phần ăn được),"Green papaya, raw",https://viendinhduong.vn/en/cong-cu-va-tien-ich/nutritional-value-of-food; https://www.fao.org/fileadmin/templates/food_composition/documents/pdf/VTN_FCT_2007.pdf,https://vietnam.travel/things-to-do/must-try-food-in-hanoi; https://vietnamtourism.vn/en/index.php/services/restaurants/search/19,trung_binh,thap,Phần thịt quả non ăn được. Khối lượng rau/củ ăn kèm hoặc làm nộm trong một phần.,2026-08-02
HN139,Som tam,Món Thái,2,ớt,Ớt tươi,"Chili pepper, raw",gia vị/rau quả,"tươi, sống",gia_vi,có,thành phần được liệt kê,,có,2,40,0.8,135.1,0.6,ước tính biên tập; không phải công thức định lượng của từng quán,toàn bộ thành phần đặc trưng đã ghi trong CSV gốc; không phải công thức đầy đủ của mọi quán,USDA SR28 / FoodData Central (proxy),không gắn mã riêng; đối chiếu theo thực phẩm tương đương,USDA SR28 Energ_Kcal (trên 100 g phần ăn được),"Chili pepper, raw",https://catalog.data.gov/dataset/composition-of-foods-raw-processed-prepared-usda-national-nutrient-database-for-standar-28,https://vietnam.travel/things-to-do/must-try-food-in-hanoi; https://vietnamtourism.vn/en/index.php/services/restaurants/search/19,cao,thap,Ớt đỏ tươi đại diện. Lượng gia vị ước tính được ăn trong một suất.,2026-08-02
HN139,Som tam,Món Thái,3,chanh,Chanh tươi,"Lemon or lime, raw",trái cây/gia vị,"tươi, phần ăn được",qua_tao_chua,có,thành phần được liệt kê,,có,20,29,5.8,135.1,4.3,ước tính biên tập; không phải công thức định lượng của từng quán,toàn bộ thành phần đặc trưng đã ghi trong CSV gốc; không phải công thức đầy đủ của mọi quán,USDA SR28 / FoodData Central (proxy),không gắn mã riêng; đối chiếu theo thực phẩm tương đương,USDA SR28 Energ_Kcal (trên 100 g phần ăn được),"Lemon or lime, raw",https://catalog.data.gov/dataset/composition-of-foods-raw-processed-prepared-usda-national-nutrient-database-for-standar-28,https://vietnam.travel/things-to-do/must-try-food-in-hanoi; https://vietnamtourism.vn/en/index.php/services/restaurants/search/19,cao,thap,Phần múi/nước; không tính vỏ dày. Khối lượng phần nước/thịt quả dùng để tạo vị; không tính vỏ/hạt.,2026-08-02
HN139,Som tam,Món Thái,4,nước mắm,Nước mắm,Fish sauce,gia vị/nước chấm,dạng lỏng,nuoc_cham_gia_vi_long,có,thành phần được liệt kê,,có,15,35,5.3,135.1,3.9,ước tính biên tập; không phải công thức định lượng của từng quán,toàn bộ thành phần đặc trưng đã ghi trong CSV gốc; không phải công thức đầy đủ của mọi quán,Viện Dinh dưỡng Việt Nam / FAO (proxy),không gắn mã riêng; đối chiếu theo thực phẩm tương đương,NIN/FAO Energy kcal (trên 100 g phần ăn được),Fish sauce,https://viendinhduong.vn/en/cong-cu-va-tien-ich/nutritional-value-of-food; https://www.fao.org/fileadmin/templates/food_composition/documents/pdf/VTN_FCT_2007.pdf,https://vietnam.travel/things-to-do/must-try-food-in-hanoi; https://vietnamtourism.vn/en/index.php/services/restaurants/search/19,cao,thap,"Loại nước mắm thông dụng. Lượng nước chấm/gia vị lỏng thực ăn trong một suất, không phải toàn bộ bát chấm.",2026-08-02
HN139,Som tam,Món Thái,5,lạc,Lạc nhân,Peanuts,hạt/đậu,khô hoặc rang,hat_beo_topping,có,thành phần được liệt kê,,có,15,567,85.1,135.1,63,ước tính biên tập; không phải công thức định lượng của từng quán,toàn bộ thành phần đặc trưng đã ghi trong CSV gốc; không phải công thức đầy đủ của mọi quán,Viện Dinh dưỡng Việt Nam / FAO (proxy),không gắn mã riêng; đối chiếu theo thực phẩm tương đương,NIN/FAO Energy kcal (trên 100 g phần ăn được),Peanuts,https://viendinhduong.vn/en/cong-cu-va-tien-ich/nutritional-value-of-food; https://www.fao.org/fileadmin/templates/food_composition/documents/pdf/VTN_FCT_2007.pdf,https://vietnam.travel/things-to-do/must-try-food-in-hanoi; https://vietnamtourism.vn/en/index.php/services/restaurants/search/19,cao,thap,"Nhân lạc ăn được, không vỏ. Một nhúm hạt/lạc/vừng làm topping.",2026-08-02
HN139,Som tam,Món Thái,6,cà chua,Cà chua tươi,"Tomato, raw",rau quả,tươi,rau_cu,có,thành phần được liệt kê,,có,60,18,10.8,135.1,8,ước tính biên tập; không phải công thức định lượng của từng quán,toàn bộ thành phần đặc trưng đã ghi trong CSV gốc; không phải công thức đầy đủ của mọi quán,USDA SR28 / FoodData Central (proxy),không gắn mã riêng; đối chiếu theo thực phẩm tương đương,USDA SR28 Energ_Kcal (trên 100 g phần ăn được),"Tomato, raw",https://catalog.data.gov/dataset/composition-of-foods-raw-processed-prepared-usda-national-nutrient-database-for-standar-28,https://vietnam.travel/things-to-do/must-try-food-in-hanoi; https://vietnamtourism.vn/en/index.php/services/restaurants/search/19,cao,thap,Phần quả ăn được. Khối lượng rau/củ chín hoặc sơ chế trong một suất.,2026-08-02
HN140,Tom yum,Món Thái,1,tôm,Tôm chín,"Shrimp, cooked",hải sản,"chín, phần ăn được",dam_hai_san_hoac_hon_hop,có,thành phần được liệt kê,,có,85,99,84.2,106.6,79,ước tính biên tập; không phải công thức định lượng của từng quán,toàn bộ thành phần đặc trưng đã ghi trong CSV gốc; không phải công thức đầy đủ của mọi quán,USDA SR28 / FoodData Central (proxy),không gắn mã riêng; đối chiếu theo thực phẩm tương đương,USDA SR28 Energ_Kcal (trên 100 g phần ăn được),"Shrimp, cooked",https://catalog.data.gov/dataset/composition-of-foods-raw-processed-prepared-usda-national-nutrient-database-for-standar-28,https://vietnam.travel/things-to-do/must-try-food-in-hanoi; https://vietnamtourism.vn/en/index.php/services/restaurants/search/19,cao,thap,"Không tính vỏ và đầu bỏ đi. Khối lượng phần ăn được, bỏ vỏ/xương; chuỗi có dấu gạch chéo là một lựa chọn/hỗn hợp.",2026-08-02
HN140,Tom yum,Món Thái,2,sả,Sả tươi,"Lemongrass, raw",gia vị,tươi,gia_vi_tuoi,có,thành phần được liệt kê,,có,8,99,7.9,106.6,7.4,ước tính biên tập; không phải công thức định lượng của từng quán,toàn bộ thành phần đặc trưng đã ghi trong CSV gốc; không phải công thức đầy đủ của mọi quán,USDA SR28 / FoodData Central (proxy),không gắn mã riêng; đối chiếu theo thực phẩm tương đương,USDA SR28 Energ_Kcal (trên 100 g phần ăn được),"Lemongrass, raw",https://catalog.data.gov/dataset/composition-of-foods-raw-processed-prepared-usda-national-nutrient-database-for-standar-28,https://vietnam.travel/things-to-do/must-try-food-in-hanoi; https://vietnamtourism.vn/en/index.php/services/restaurants/search/19,cao,thap,Phần thân ăn được. Lượng gia vị tươi ước/nấu trong một suất; không nhất thiết ăn hết phần xác.,2026-08-02
HN140,Tom yum,Món Thái,3,riềng,Riềng tươi,"Galangal, raw",gia vị,tươi,gia_vi_tuoi,có,thành phần được liệt kê,,có,8,71,5.7,106.6,5.3,ước tính biên tập; không phải công thức định lượng của từng quán,toàn bộ thành phần đặc trưng đã ghi trong CSV gốc; không phải công thức đầy đủ của mọi quán,Viện Dinh dưỡng Việt Nam / FAO (proxy),không gắn mã riêng; đối chiếu theo thực phẩm tương đương,NIN/FAO Energy kcal (trên 100 g phần ăn được),"Galangal, raw",https://viendinhduong.vn/en/cong-cu-va-tien-ich/nutritional-value-of-food; https://www.fao.org/fileadmin/templates/food_composition/documents/pdf/VTN_FCT_2007.pdf,https://vietnam.travel/things-to-do/must-try-food-in-hanoi; https://vietnamtourism.vn/en/index.php/services/restaurants/search/19,trung_binh,thap,Phần thân rễ ăn được. Lượng gia vị tươi ước/nấu trong một suất; không nhất thiết ăn hết phần xác.,2026-08-02
HN140,Tom yum,Món Thái,4,lá chanh,Lá chanh Thái/chanh ta,Kaffir lime leaves,rau thơm/gia vị,tươi,la_tao_huong,có,thành phần được liệt kê,,có,5,43,2.2,106.6,2.1,ước tính biên tập; không phải công thức định lượng của từng quán,toàn bộ thành phần đặc trưng đã ghi trong CSV gốc; không phải công thức đầy đủ của mọi quán,Viện Dinh dưỡng Việt Nam / FAO (proxy),không gắn mã riêng; đối chiếu theo thực phẩm tương đương,NIN/FAO Energy kcal (trên 100 g phần ăn được),Kaffir lime leaves,https://viendinhduong.vn/en/cong-cu-va-tien-ich/nutritional-value-of-food; https://www.fao.org/fileadmin/templates/food_composition/documents/pdf/VTN_FCT_2007.pdf,https://vietnam.travel/things-to-do/must-try-food-in-hanoi; https://vietnamtourism.vn/en/index.php/services/restaurants/search/19,thap,thap,Proxy từ lá gia vị tươi; lượng dùng rất nhỏ. Lượng lá tạo hương/chua trong một suất.,2026-08-02
HN140,Tom yum,Món Thái,5,ớt,Ớt tươi,"Chili pepper, raw",gia vị/rau quả,"tươi, sống",gia_vi,có,thành phần được liệt kê,,có,2,40,0.8,106.6,0.8,ước tính biên tập; không phải công thức định lượng của từng quán,toàn bộ thành phần đặc trưng đã ghi trong CSV gốc; không phải công thức đầy đủ của mọi quán,USDA SR28 / FoodData Central (proxy),không gắn mã riêng; đối chiếu theo thực phẩm tương đương,USDA SR28 Energ_Kcal (trên 100 g phần ăn được),"Chili pepper, raw",https://catalog.data.gov/dataset/composition-of-foods-raw-processed-prepared-usda-national-nutrient-database-for-standar-28,https://vietnam.travel/things-to-do/must-try-food-in-hanoi; https://vietnamtourism.vn/en/index.php/services/restaurants/search/19,cao,thap,Ớt đỏ tươi đại diện. Lượng gia vị ước tính được ăn trong một suất.,2026-08-02
HN140,Tom yum,Món Thái,6,chanh,Chanh tươi,"Lemon or lime, raw",trái cây/gia vị,"tươi, phần ăn được",qua_tao_chua,có,thành phần được liệt kê,,có,20,29,5.8,106.6,5.4,ước tính biên tập; không phải công thức định lượng của từng quán,toàn bộ thành phần đặc trưng đã ghi trong CSV gốc; không phải công thức đầy đủ của mọi quán,USDA SR28 / FoodData Central (proxy),không gắn mã riêng; đối chiếu theo thực phẩm tương đương,USDA SR28 Energ_Kcal (trên 100 g phần ăn được),"Lemon or lime, raw",https://catalog.data.gov/dataset/composition-of-foods-raw-processed-prepared-usda-national-nutrient-database-for-standar-28,https://vietnam.travel/things-to-do/must-try-food-in-hanoi; https://vietnamtourism.vn/en/index.php/services/restaurants/search/19,cao,thap,Phần múi/nước; không tính vỏ dày. Khối lượng phần nước/thịt quả dùng để tạo vị; không tính vỏ/hạt.,2026-08-02
HN141,Kebab,Món Thổ Nhĩ Kỳ/quốc tế,1,bánh mì dẹt,Bánh mì dẹt,Flatbread,bánh mì,nướng chín,banh_mi_tinh_bot,có,thành phần được liệt kê,,có,90,275,247.5,527.5,46.9,ước tính biên tập; không phải công thức định lượng của từng quán,toàn bộ thành phần đặc trưng đã ghi trong CSV gốc; không phải công thức đầy đủ của mọi quán,USDA SR28 / FoodData Central (proxy),USDA SR28 NDB_No 18973,USDA SR28 Energ_Kcal (trên 100 g phần ăn được),"FOCACCIA,ITALIAN FLATBREAD,PLN",https://catalog.data.gov/dataset/composition-of-foods-raw-processed-prepared-usda-national-nutrient-database-for-standar-28,https://vietnam.travel/things-to-do/must-try-food-in-hanoi; https://vietnamtourism.vn/en/index.php/services/restaurants/search/19,trung_binh,thap,Giá trị đại diện flatbread lúa mì. Một phần bánh/vỏ bánh cho một suất. Khớp gần với bản ghi USDA SR28; điểm khớp 100%.,2026-08-02
HN141,Kebab,Món Thổ Nhĩ Kỳ/quốc tế,2,thịt gà/bò,Thịt gà chín,"Chicken meat, cooked",thịt gia cầm,"chín, thịt và da đại diện",dam_chinh_lua_chon,có,lựa chọn mặc định,HN141-02,có,90,239,215.1,527.5,40.8,ước tính biên tập; không phải công thức định lượng của từng quán,toàn bộ thành phần đặc trưng đã ghi trong CSV gốc; không phải công thức đầy đủ của mọi quán,Viện Dinh dưỡng Việt Nam / FAO (proxy),không gắn mã riêng; đối chiếu theo thực phẩm tương đương,NIN/FAO Energy kcal (trên 100 g phần ăn được),"Chicken meat, cooked",https://viendinhduong.vn/en/cong-cu-va-tien-ich/nutritional-value-of-food; https://www.fao.org/fileadmin/templates/food_composition/documents/pdf/VTN_FCT_2007.pdf,https://vietnam.travel/things-to-do/must-try-food-in-hanoi; https://vietnamtourism.vn/en/index.php/services/restaurants/search/19,trung_binh,thap,Biến thiên theo phần cắt và da. Một lựa chọn đạm chính; không cộng đồng thời tất cả loại ngăn bằng dấu gạch chéo. Các lựa chọn cùng nhóm không dùng để cộng đồng thời.,2026-08-02
HN141,Kebab,Món Thổ Nhĩ Kỳ/quốc tế,3,thịt gà/bò,Thịt bò chín,"Beef, cooked",thịt,chín,dam_chinh_lua_chon,có,lựa chọn thay thế,HN141-02,không,90,250,225,527.5,0,ước tính biên tập; không phải công thức định lượng của từng quán,toàn bộ thành phần đặc trưng đã ghi trong CSV gốc; không phải công thức đầy đủ của mọi quán,Viện Dinh dưỡng Việt Nam / FAO (proxy),không gắn mã riêng; đối chiếu theo thực phẩm tương đương,NIN/FAO Energy kcal (trên 100 g phần ăn được),"Beef, cooked",https://viendinhduong.vn/en/cong-cu-va-tien-ich/nutritional-value-of-food; https://www.fao.org/fileadmin/templates/food_composition/documents/pdf/VTN_FCT_2007.pdf,https://vietnam.travel/things-to-do/must-try-food-in-hanoi; https://vietnamtourism.vn/en/index.php/services/restaurants/search/19,trung_binh,thap,Giá trị đại diện phần cắt nạc-mỡ vừa. Một lựa chọn đạm chính; không cộng đồng thời tất cả loại ngăn bằng dấu gạch chéo. Các lựa chọn cùng nhóm không dùng để cộng đồng thời.,2026-08-02
HN141,Kebab,Món Thổ Nhĩ Kỳ/quốc tế,4,rau,Rau hỗn hợp,Mixed vegetables,rau củ,tươi hoặc chín nhẹ,rau_an_kem,có,thành phần được liệt kê,,có,70,30,21,527.5,4,ước tính biên tập; không phải công thức định lượng của từng quán,toàn bộ thành phần đặc trưng đã ghi trong CSV gốc; không phải công thức đầy đủ của mọi quán,Viện Dinh dưỡng Việt Nam / FAO (proxy),không gắn mã riêng; đối chiếu theo thực phẩm tương đương,NIN/FAO Energy kcal (trên 100 g phần ăn được),Mixed vegetables,https://viendinhduong.vn/en/cong-cu-va-tien-ich/nutritional-value-of-food; https://www.fao.org/fileadmin/templates/food_composition/documents/pdf/VTN_FCT_2007.pdf,https://vietnam.travel/things-to-do/must-try-food-in-hanoi; https://vietnamtourism.vn/en/index.php/services/restaurants/search/19,thap,thap,Tên chung; dùng trung bình rau ít tinh bột. Một nắm/đĩa rau ăn kèm cho một người; nếu là nguyên liệu đầu tiên của salad/nộm có thể nâng lên 120–150 g.,2026-08-02
HN141,Kebab,Món Thổ Nhĩ Kỳ/quốc tế,5,hành,Hành lá,"Spring onion, raw",rau thơm,tươi,rau_thom_tao_nen,có,thành phần được liệt kê,,có,20,32,6.4,527.5,1.2,ước tính biên tập; không phải công thức định lượng của từng quán,toàn bộ thành phần đặc trưng đã ghi trong CSV gốc; không phải công thức đầy đủ của mọi quán,Viện Dinh dưỡng Việt Nam / FAO (proxy),không gắn mã riêng; đối chiếu theo thực phẩm tương đương,NIN/FAO Energy kcal (trên 100 g phần ăn được),"Spring onion, raw",https://viendinhduong.vn/en/cong-cu-va-tien-ich/nutritional-value-of-food; https://www.fao.org/fileadmin/templates/food_composition/documents/pdf/VTN_FCT_2007.pdf,https://vietnam.travel/things-to-do/must-try-food-in-hanoi; https://vietnamtourism.vn/en/index.php/services/restaurants/search/19,trung_binh,thap,"Giả định hành lá, không phải hành củ. Lượng hành trong một suất; nếu chỉ rắc mặt có thể giảm còn 5–10 g theo thứ tự thành phần.",2026-08-02
HN141,Kebab,Món Thổ Nhĩ Kỳ/quốc tế,6,sốt,Nước sốt tổng hợp,"Prepared sauce, generic",nước sốt,chế biến sẵn,sot_nuoc_cham,có,thành phần được liệt kê,,có,25,150,37.5,527.5,7.1,ước tính biên tập; không phải công thức định lượng của từng quán,toàn bộ thành phần đặc trưng đã ghi trong CSV gốc; không phải công thức đầy đủ của mọi quán,USDA SR28 / FoodData Central (proxy),USDA SR28 NDB_No 06151,USDA SR28 Energ_Kcal (trên 100 g phần ăn được),"SAUCE,PLUM,READY-TO-SERVE",https://catalog.data.gov/dataset/composition-of-foods-raw-processed-prepared-usda-national-nutrient-database-for-standar-28,https://vietnam.travel/things-to-do/must-try-food-in-hanoi; https://vietnamtourism.vn/en/index.php/services/restaurants/search/19,thap,thap,Tên quá rộng; dùng giá trị sốt mặn-ngọt trung bình. Lượng sốt/nước chấm bám và được ăn trong một suất. Khớp gần với bản ghi USDA SR28; điểm khớp 104%.,2026-08-02
HN142,Bánh đa trộn,Món trộn đường phố,1,bánh đa,Bánh đa khô,Dried rice noodles/cracker,bánh/mì gạo,khô,tinh_bot_chinh_da_chin,có,thành phần được liệt kê,,có,180,350,630,965.8,65.2,ước tính biên tập; không phải công thức định lượng của từng quán,toàn bộ thành phần đặc trưng đã ghi trong CSV gốc; không phải công thức đầy đủ của mọi quán,Viện Dinh dưỡng Việt Nam / FAO (proxy),không gắn mã riêng; đối chiếu theo thực phẩm tương đương,NIN/FAO Energy kcal (trên 100 g phần ăn được),Dried rice noodles/cracker,https://viendinhduong.vn/en/cong-cu-va-tien-ich/nutritional-value-of-food; https://www.fao.org/fileadmin/templates/food_composition/documents/pdf/VTN_FCT_2007.pdf,https://vietnam.travel/node/1560,thap,thap,Tên có thể chỉ bánh đa sợi hoặc bánh đa nướng. Khối lượng sợi/bánh đã nấu chín cho một suất; nếu tra bảng dạng khô phải quy đổi lại.,2026-08-02
HN142,Bánh đa trộn,Món trộn đường phố,2,chả cá,Chả cá chín,"Fish cake, cooked",cá chế biến,chín,dam_che_bien,có,thành phần được liệt kê,,có,41.9,180,75.4,965.8,7.8,ước tính biên tập; không phải công thức định lượng của từng quán,toàn bộ thành phần đặc trưng đã ghi trong CSV gốc; không phải công thức đầy đủ của mọi quán,Viện Dinh dưỡng Việt Nam / FAO (proxy),không gắn mã riêng; đối chiếu theo thực phẩm tương đương,NIN/FAO Energy kcal (trên 100 g phần ăn được),"Fish cake, cooked",https://viendinhduong.vn/en/cong-cu-va-tien-ich/nutritional-value-of-food; https://www.fao.org/fileadmin/templates/food_composition/documents/pdf/VTN_FCT_2007.pdf,https://vietnam.travel/node/1560,trung_binh,thap,Biến thiên theo tinh bột và dầu. Một phần chả/giò ăn kèm; giò sống được hiểu là khối lượng sau nấu gần tương đương. Khối lượng đạm được phân bổ lại theo ngân sách 160 g cho món có nhiều thành phần đạm.,2026-08-02
HN142,Bánh đa trộn,Món trộn đường phố,3,giò,Giò lụa,Vietnamese pork sausage,thịt chế biến,chín,dam_che_bien,có,thành phần được liệt kê,,có,41.9,230,96.4,965.8,10,ước tính biên tập; không phải công thức định lượng của từng quán,toàn bộ thành phần đặc trưng đã ghi trong CSV gốc; không phải công thức đầy đủ của mọi quán,Viện Dinh dưỡng Việt Nam / FAO (proxy),không gắn mã riêng; đối chiếu theo thực phẩm tương đương,NIN/FAO Energy kcal (trên 100 g phần ăn được),Vietnamese pork sausage,https://viendinhduong.vn/en/cong-cu-va-tien-ich/nutritional-value-of-food; https://www.fao.org/fileadmin/templates/food_composition/documents/pdf/VTN_FCT_2007.pdf,https://vietnam.travel/node/1560,trung_binh,thap,Giả định giò lụa lợn. Một phần chả/giò ăn kèm; giò sống được hiểu là khối lượng sau nấu gần tương đương. Khối lượng đạm được phân bổ lại theo ngân sách 160 g cho món có nhiều thành phần đạm.,2026-08-02
HN142,Bánh đa trộn,Món trộn đường phố,4,đậu phụ,Đậu phụ trắng,"Tofu, firm",đậu/sản phẩm đậu,đã đông tụ,dam_thuc_vat_da_chin,có,thành phần được liệt kê,,có,76.2,76,57.9,965.8,6,ước tính biên tập; không phải công thức định lượng của từng quán,toàn bộ thành phần đặc trưng đã ghi trong CSV gốc; không phải công thức đầy đủ của mọi quán,Viện Dinh dưỡng Việt Nam / FAO (proxy),không gắn mã riêng; đối chiếu theo thực phẩm tương đương,NIN/FAO Energy kcal (trên 100 g phần ăn được),"Tofu, firm",https://viendinhduong.vn/en/cong-cu-va-tien-ich/nutritional-value-of-food; https://www.fao.org/fileadmin/templates/food_composition/documents/pdf/VTN_FCT_2007.pdf,https://vietnam.travel/node/1560,cao,thap,Đậu phụ chưa chiên. Khối lượng đậu/đậu phụ đã nấu trong một phần. Khối lượng đạm được phân bổ lại theo ngân sách 160 g cho món có nhiều thành phần đạm.,2026-08-02
HN142,Bánh đa trộn,Món trộn đường phố,5,lạc,Lạc nhân,Peanuts,hạt/đậu,khô hoặc rang,hat_beo_topping,có,thành phần được liệt kê,,có,15,567,85.1,965.8,8.8,ước tính biên tập; không phải công thức định lượng của từng quán,toàn bộ thành phần đặc trưng đã ghi trong CSV gốc; không phải công thức đầy đủ của mọi quán,Viện Dinh dưỡng Việt Nam / FAO (proxy),không gắn mã riêng; đối chiếu theo thực phẩm tương đương,NIN/FAO Energy kcal (trên 100 g phần ăn được),Peanuts,https://viendinhduong.vn/en/cong-cu-va-tien-ich/nutritional-value-of-food; https://www.fao.org/fileadmin/templates/food_composition/documents/pdf/VTN_FCT_2007.pdf,https://vietnam.travel/node/1560,cao,thap,"Nhân lạc ăn được, không vỏ. Một nhúm hạt/lạc/vừng làm topping.",2026-08-02
HN142,Bánh đa trộn,Món trộn đường phố,6,rau,Rau hỗn hợp,Mixed vegetables,rau củ,tươi hoặc chín nhẹ,rau_an_kem,có,thành phần được liệt kê,,có,70,30,21,965.8,2.2,ước tính biên tập; không phải công thức định lượng của từng quán,toàn bộ thành phần đặc trưng đã ghi trong CSV gốc; không phải công thức đầy đủ của mọi quán,Viện Dinh dưỡng Việt Nam / FAO (proxy),không gắn mã riêng; đối chiếu theo thực phẩm tương đương,NIN/FAO Energy kcal (trên 100 g phần ăn được),Mixed vegetables,https://viendinhduong.vn/en/cong-cu-va-tien-ich/nutritional-value-of-food; https://www.fao.org/fileadmin/templates/food_composition/documents/pdf/VTN_FCT_2007.pdf,https://vietnam.travel/node/1560,thap,thap,Tên chung; dùng trung bình rau ít tinh bột. Một nắm/đĩa rau ăn kèm cho một người; nếu là nguyên liệu đầu tiên của salad/nộm có thể nâng lên 120–150 g.,2026-08-02
HN143,Falafel,Món Trung Đông,1,đậu gà,Đậu gà chín,"Chickpeas, cooked",đậu,luộc chín,dam_thuc_vat_da_chin,có,thành phần được liệt kê,,có,100,164,164,570.3,28.8,ước tính biên tập; không phải công thức định lượng của từng quán,toàn bộ thành phần đặc trưng đã ghi trong CSV gốc; không phải công thức đầy đủ của mọi quán,USDA SR28 / FoodData Central (proxy),không gắn mã riêng; đối chiếu theo thực phẩm tương đương,USDA SR28 Energ_Kcal (trên 100 g phần ăn được),"Chickpeas, cooked",https://catalog.data.gov/dataset/composition-of-foods-raw-processed-prepared-usda-national-nutrient-database-for-standar-28,https://vietnam.travel/things-to-do/must-try-food-in-hanoi; https://vietnamtourism.vn/en/index.php/services/restaurants/search/19,cao,thap,"Đã để ráo, không sốt. Khối lượng đậu/đậu phụ đã nấu trong một phần.",2026-08-02
HN143,Falafel,Món Trung Đông,2,rau mùi,Rau mùi,"Cilantro, raw",rau thơm,"tươi, sống",rau_thom,có,thành phần được liệt kê,,có,15,23,3.5,570.3,0.6,ước tính biên tập; không phải công thức định lượng của từng quán,toàn bộ thành phần đặc trưng đã ghi trong CSV gốc; không phải công thức đầy đủ của mọi quán,USDA SR28 / FoodData Central (proxy),USDA SR28 NDB_No 11165,USDA SR28 Energ_Kcal (trên 100 g phần ăn được),"CORIANDER (CILANTRO) LEAVES,RAW",https://catalog.data.gov/dataset/composition-of-foods-raw-processed-prepared-usda-national-nutrient-database-for-standar-28,https://vietnam.travel/things-to-do/must-try-food-in-hanoi; https://vietnamtourism.vn/en/index.php/services/restaurants/search/19,cao,thap,Lá và thân non. Một nhúm rau thơm/lá gia vị ăn được trong một suất. Khớp gần với bản ghi USDA SR28; điểm khớp 100%.,2026-08-02
HN143,Falafel,Món Trung Đông,3,thì là,Rau thì là,"Dill weed, fresh",rau thơm,tươi,rau_thom,có,thành phần được liệt kê,,có,15,43,6.5,570.3,1.1,ước tính biên tập; không phải công thức định lượng của từng quán,toàn bộ thành phần đặc trưng đã ghi trong CSV gốc; không phải công thức đầy đủ của mọi quán,USDA SR28 / FoodData Central (proxy),USDA SR28 NDB_No 02045,USDA SR28 Energ_Kcal (trên 100 g phần ăn được),"DILL WEED,FRSH",https://catalog.data.gov/dataset/composition-of-foods-raw-processed-prepared-usda-national-nutrient-database-for-standar-28,https://vietnam.travel/things-to-do/must-try-food-in-hanoi; https://vietnamtourism.vn/en/index.php/services/restaurants/search/19,cao,thap,Lá và thân non. Một nhúm rau thơm/lá gia vị ăn được trong một suất. Khớp gần với bản ghi USDA SR28; điểm khớp 100%.,2026-08-02
HN143,Falafel,Món Trung Đông,4,pita,Bánh pita,Pita bread,bánh mì,nướng chín,banh_mi_tinh_bot,có,thành phần được liệt kê,,có,90,275,247.5,570.3,43.4,ước tính biên tập; không phải công thức định lượng của từng quán,toàn bộ thành phần đặc trưng đã ghi trong CSV gốc; không phải công thức đầy đủ của mọi quán,USDA SR28 / FoodData Central (proxy),USDA SR28 NDB_No 18041,USDA SR28 Energ_Kcal (trên 100 g phần ăn được),"BREAD,PITA,WHITE,ENRICHED",https://catalog.data.gov/dataset/composition-of-foods-raw-processed-prepared-usda-national-nutrient-database-for-standar-28,https://vietnam.travel/things-to-do/must-try-food-in-hanoi; https://vietnamtourism.vn/en/index.php/services/restaurants/search/19,cao,thap,Pita trắng thông dụng. Một phần bánh/vỏ bánh cho một suất. Khớp gần với bản ghi USDA SR28; điểm khớp 100%.,2026-08-02
HN143,Falafel,Món Trung Đông,5,tahini,Bơ vừng tahini,Tahini,hạt/sốt,xay nhuyễn,sot_nuoc_cham,có,thành phần được liệt kê,,có,25,595,148.8,570.3,26.1,ước tính biên tập; không phải công thức định lượng của từng quán,toàn bộ thành phần đặc trưng đã ghi trong CSV gốc; không phải công thức đầy đủ của mọi quán,USDA SR28 / FoodData Central (proxy),USDA SR28 NDB_No 12171,USDA SR28 Energ_Kcal (trên 100 g phần ăn được),"SESAME BUTTER,TAHINI,FROM UNROASTED KRNLS",https://catalog.data.gov/dataset/composition-of-foods-raw-processed-prepared-usda-national-nutrient-database-for-standar-28,https://vietnam.travel/things-to-do/must-try-food-in-hanoi; https://vietnamtourism.vn/en/index.php/services/restaurants/search/19,cao,thap,Vừng xay không pha loãng. Lượng sốt/nước chấm bám và được ăn trong một suất. Khớp gần với bản ghi USDA SR28; điểm khớp 104%.,2026-08-02
HN144,Shawarma,Món Trung Đông,1,thịt gà/bò,Thịt gà chín,"Chicken meat, cooked",thịt gia cầm,"chín, thịt và da đại diện",dam_chinh_lua_chon,có,lựa chọn mặc định,HN144-01,có,90,239,215.1,566.1,38,ước tính biên tập; không phải công thức định lượng của từng quán,toàn bộ thành phần đặc trưng đã ghi trong CSV gốc; không phải công thức đầy đủ của mọi quán,Viện Dinh dưỡng Việt Nam / FAO (proxy),không gắn mã riêng; đối chiếu theo thực phẩm tương đương,NIN/FAO Energy kcal (trên 100 g phần ăn được),"Chicken meat, cooked",https://viendinhduong.vn/en/cong-cu-va-tien-ich/nutritional-value-of-food; https://www.fao.org/fileadmin/templates/food_composition/documents/pdf/VTN_FCT_2007.pdf,https://vietnam.travel/things-to-do/must-try-food-in-hanoi; https://vietnamtourism.vn/en/index.php/services/restaurants/search/19,trung_binh,thap,Biến thiên theo phần cắt và da. Một lựa chọn đạm chính; không cộng đồng thời tất cả loại ngăn bằng dấu gạch chéo. Các lựa chọn cùng nhóm không dùng để cộng đồng thời.,2026-08-02
HN144,Shawarma,Món Trung Đông,2,thịt gà/bò,Thịt bò chín,"Beef, cooked",thịt,chín,dam_chinh_lua_chon,có,lựa chọn thay thế,HN144-01,không,90,250,225,566.1,0,ước tính biên tập; không phải công thức định lượng của từng quán,toàn bộ thành phần đặc trưng đã ghi trong CSV gốc; không phải công thức đầy đủ của mọi quán,Viện Dinh dưỡng Việt Nam / FAO (proxy),không gắn mã riêng; đối chiếu theo thực phẩm tương đương,NIN/FAO Energy kcal (trên 100 g phần ăn được),"Beef, cooked",https://viendinhduong.vn/en/cong-cu-va-tien-ich/nutritional-value-of-food; https://www.fao.org/fileadmin/templates/food_composition/documents/pdf/VTN_FCT_2007.pdf,https://vietnam.travel/things-to-do/must-try-food-in-hanoi; https://vietnamtourism.vn/en/index.php/services/restaurants/search/19,trung_binh,thap,Giá trị đại diện phần cắt nạc-mỡ vừa. Một lựa chọn đạm chính; không cộng đồng thời tất cả loại ngăn bằng dấu gạch chéo. Các lựa chọn cùng nhóm không dùng để cộng đồng thời.,2026-08-02
HN144,Shawarma,Món Trung Đông,3,pita,Bánh pita,Pita bread,bánh mì,nướng chín,banh_mi_tinh_bot,có,thành phần được liệt kê,,có,90,275,247.5,566.1,43.7,ước tính biên tập; không phải công thức định lượng của từng quán,toàn bộ thành phần đặc trưng đã ghi trong CSV gốc; không phải công thức đầy đủ của mọi quán,USDA SR28 / FoodData Central (proxy),USDA SR28 NDB_No 18041,USDA SR28 Energ_Kcal (trên 100 g phần ăn được),"BREAD,PITA,WHITE,ENRICHED",https://catalog.data.gov/dataset/composition-of-foods-raw-processed-prepared-usda-national-nutrient-database-for-standar-28,https://vietnam.travel/things-to-do/must-try-food-in-hanoi; https://vietnamtourism.vn/en/index.php/services/restaurants/search/19,cao,thap,Pita trắng thông dụng. Một phần bánh/vỏ bánh cho một suất. Khớp gần với bản ghi USDA SR28; điểm khớp 100%.,2026-08-02
HN144,Shawarma,Món Trung Đông,4,rau,Rau hỗn hợp,Mixed vegetables,rau củ,tươi hoặc chín nhẹ,rau_an_kem,có,thành phần được liệt kê,,có,70,30,21,566.1,3.7,ước tính biên tập; không phải công thức định lượng của từng quán,toàn bộ thành phần đặc trưng đã ghi trong CSV gốc; không phải công thức đầy đủ của mọi quán,Viện Dinh dưỡng Việt Nam / FAO (proxy),không gắn mã riêng; đối chiếu theo thực phẩm tương đương,NIN/FAO Energy kcal (trên 100 g phần ăn được),Mixed vegetables,https://viendinhduong.vn/en/cong-cu-va-tien-ich/nutritional-value-of-food; https://www.fao.org/fileadmin/templates/food_composition/documents/pdf/VTN_FCT_2007.pdf,https://vietnam.travel/things-to-do/must-try-food-in-hanoi; https://vietnamtourism.vn/en/index.php/services/restaurants/search/19,thap,thap,Tên chung; dùng trung bình rau ít tinh bột. Một nắm/đĩa rau ăn kèm cho một người; nếu là nguyên liệu đầu tiên của salad/nộm có thể nâng lên 120–150 g.,2026-08-02
HN144,Shawarma,Món Trung Đông,5,sốt tỏi,Sốt tỏi,Garlic sauce,nước sốt,chế biến sẵn,sot_nuoc_cham,có,thành phần được liệt kê,,có,25,300,75,566.1,13.2,ước tính biên tập; không phải công thức định lượng của từng quán,toàn bộ thành phần đặc trưng đã ghi trong CSV gốc; không phải công thức đầy đủ của mọi quán,USDA SR28 / FoodData Central (proxy),không gắn mã riêng; đối chiếu theo thực phẩm tương đương,USDA SR28 Energ_Kcal (trên 100 g phần ăn được),Garlic sauce,https://catalog.data.gov/dataset/composition-of-foods-raw-processed-prepared-usda-national-nutrient-database-for-standar-28,https://vietnam.travel/things-to-do/must-try-food-in-hanoi; https://vietnamtourism.vn/en/index.php/services/restaurants/search/19,thap,thap,Có thể là sốt dầu/mayonnaise hoặc sốt loãng. Lượng sốt/nước chấm bám và được ăn trong một suất.,2026-08-02
HN144,Shawarma,Món Trung Đông,6,gia vị,Gia vị hỗn hợp khô,"Mixed spices, dry",gia vị,khô/xay,gia_vi_kho_hon_hop,có,thành phần được liệt kê,,có,3,250,7.5,566.1,1.3,ước tính biên tập; không phải công thức định lượng của từng quán,toàn bộ thành phần đặc trưng đã ghi trong CSV gốc; không phải công thức đầy đủ của mọi quán,USDA SR28 / FoodData Central (proxy),không gắn mã riêng; đối chiếu theo thực phẩm tương đương,USDA SR28 Energ_Kcal (trên 100 g phần ăn được),"Mixed spices, dry",https://catalog.data.gov/dataset/composition-of-foods-raw-processed-prepared-usda-national-nutrient-database-for-standar-28,https://vietnam.travel/things-to-do/must-try-food-in-hanoi; https://vietnamtourism.vn/en/index.php/services/restaurants/search/19,thap,thap,Tên chung; lượng dùng nhỏ và thành phần thay đổi. Tổng lượng gia vị khô/hỗn hợp cho một suất; chuỗi gạch chéo được coi là hỗn hợp chung.,2026-08-02
HN145,Thắng cố,Món vùng cao,1,thịt/nội tạng,Thịt chín tổng hợp,"Cooked meat, generic",thịt,chín,dam_chinh,có,lựa chọn mặc định,HN145-01,có,90,250,225,250.5,89.8,ước tính biên tập; không phải công thức định lượng của từng quán,toàn bộ thành phần đặc trưng đã ghi trong CSV gốc; không phải công thức đầy đủ của mọi quán,Viện Dinh dưỡng Việt Nam / FAO (proxy),không gắn mã riêng; đối chiếu theo thực phẩm tương đương,NIN/FAO Energy kcal (trên 100 g phần ăn được),"Cooked meat, generic",https://viendinhduong.vn/en/cong-cu-va-tien-ich/nutritional-value-of-food; https://www.fao.org/fileadmin/templates/food_composition/documents/pdf/VTN_FCT_2007.pdf,https://vietnam.travel/things-to-do/vietnam-foodie-guide-region,thap,thap,Tên chung; giá trị trung bình thịt nạc-mỡ vừa. Khối lượng phần ăn được; tổ hợp có dấu gạch chéo được coi là một lựa chọn/hỗn hợp. Các lựa chọn cùng nhóm không dùng để cộng đồng thời.,2026-08-02
HN145,Thắng cố,Món vùng cao,2,thịt/nội tạng,nội tạng,"Meat or organ meat, cooked",thịt/nội tạng,chín,dam_chinh,có,lựa chọn thay thế,HN145-01,không,90,220,198,250.5,0,ước tính biên tập; không phải công thức định lượng của từng quán,toàn bộ thành phần đặc trưng đã ghi trong CSV gốc; không phải công thức đầy đủ của mọi quán,Viện Dinh dưỡng Việt Nam / FAO (proxy),không gắn mã riêng; đối chiếu theo thực phẩm tương đương,NIN/FAO Energy kcal (trên 100 g phần ăn được),"Meat or organ meat, cooked",https://viendinhduong.vn/en/cong-cu-va-tien-ich/nutritional-value-of-food; https://www.fao.org/fileadmin/templates/food_composition/documents/pdf/VTN_FCT_2007.pdf,https://vietnam.travel/things-to-do/vietnam-foodie-guide-region,thap,thap,Trung bình nhiều loại phần ăn được. Tách từ cụm lựa chọn “thịt/nội tạng”; dùng giá trị đại diện gần nhất. Khối lượng phần ăn được; tổ hợp có dấu gạch chéo được coi là một lựa chọn/hỗn hợp. Các lựa chọn cùng nhóm không dùng để cộng đồng thời.,2026-08-02
HN145,Thắng cố,Món vùng cao,3,thảo quả,Thảo quả khô,"Black cardamom, dried",gia vị,khô,gia_vi_kho_manh,có,thành phần được liệt kê,,có,1,311,3.1,250.5,1.2,ước tính biên tập; không phải công thức định lượng của từng quán,toàn bộ thành phần đặc trưng đã ghi trong CSV gốc; không phải công thức đầy đủ của mọi quán,USDA SR28 / FoodData Central (proxy),không gắn mã riêng; đối chiếu theo thực phẩm tương đương,USDA SR28 Energ_Kcal (trên 100 g phần ăn được),"Black cardamom, dried",https://catalog.data.gov/dataset/composition-of-foods-raw-processed-prepared-usda-national-nutrient-database-for-standar-28,https://vietnam.travel/things-to-do/vietnam-foodie-guide-region,trung_binh,thap,Proxy từ cardamom; thường nấu rồi bỏ. Lượng gia vị khô quy đổi; nhiều loại chỉ chiết hương và không ăn phần xác.,2026-08-02
HN145,Thắng cố,Món vùng cao,4,sả,Sả tươi,"Lemongrass, raw",gia vị,tươi,gia_vi_tuoi,có,thành phần được liệt kê,,có,8,99,7.9,250.5,3.2,ước tính biên tập; không phải công thức định lượng của từng quán,toàn bộ thành phần đặc trưng đã ghi trong CSV gốc; không phải công thức đầy đủ của mọi quán,USDA SR28 / FoodData Central (proxy),không gắn mã riêng; đối chiếu theo thực phẩm tương đương,USDA SR28 Energ_Kcal (trên 100 g phần ăn được),"Lemongrass, raw",https://catalog.data.gov/dataset/composition-of-foods-raw-processed-prepared-usda-national-nutrient-database-for-standar-28,https://vietnam.travel/things-to-do/vietnam-foodie-guide-region,cao,thap,Phần thân ăn được. Lượng gia vị tươi ước/nấu trong một suất; không nhất thiết ăn hết phần xác.,2026-08-02
HN145,Thắng cố,Món vùng cao,5,gừng,Gừng tươi,"Ginger root, raw",gia vị,"tươi, sống",gia_vi_tuoi,có,thành phần được liệt kê,,có,8,80,6.4,250.5,2.6,ước tính biên tập; không phải công thức định lượng của từng quán,toàn bộ thành phần đặc trưng đã ghi trong CSV gốc; không phải công thức đầy đủ của mọi quán,USDA SR28 / FoodData Central (proxy),USDA SR28 NDB_No 11216,USDA SR28 Energ_Kcal (trên 100 g phần ăn được),"GINGER ROOT,RAW",https://catalog.data.gov/dataset/composition-of-foods-raw-processed-prepared-usda-national-nutrient-database-for-standar-28,https://vietnam.travel/things-to-do/vietnam-foodie-guide-region,cao,thap,Gừng củ tươi. Lượng gia vị tươi ước/nấu trong một suất; không nhất thiết ăn hết phần xác. Khớp gần với bản ghi USDA SR28; điểm khớp 100%.,2026-08-02
HN145,Thắng cố,Món vùng cao,6,mắc khén,Hạt mắc khén khô,"Vietnamese prickly ash, dried",gia vị,"khô, rang/xay",gia_vi_kho_hon_hop,có,thành phần được liệt kê,,có,3,270,8.1,250.5,3.2,ước tính biên tập; không phải công thức định lượng của từng quán,toàn bộ thành phần đặc trưng đã ghi trong CSV gốc; không phải công thức đầy đủ của mọi quán,Viện Dinh dưỡng Việt Nam / FAO (proxy),không gắn mã riêng; đối chiếu theo thực phẩm tương đương,NIN/FAO Energy kcal (trên 100 g phần ăn được),"Vietnamese prickly ash, dried",https://viendinhduong.vn/en/cong-cu-va-tien-ich/nutritional-value-of-food; https://www.fao.org/fileadmin/templates/food_composition/documents/pdf/VTN_FCT_2007.pdf,https://vietnam.travel/things-to-do/vietnam-foodie-guide-region,thap,thap,Proxy gần hạt tiêu Tứ Xuyên; lượng dùng rất nhỏ. Tổng lượng gia vị khô/hỗn hợp cho một suất; chuỗi gạch chéo được coi là hỗn hợp chung.,2026-08-02
HN146,Bún quậy,Món vùng đảo,1,bún tươi,Bún tươi,"Rice vermicelli, cooked",mì/bún,"chín, ngậm nước",tinh_bot_chinh_da_chin,có,thành phần được liệt kê,,có,180,110,198,415,47.7,ước tính biên tập; không phải công thức định lượng của từng quán,toàn bộ thành phần đặc trưng đã ghi trong CSV gốc; không phải công thức đầy đủ của mọi quán,Viện Dinh dưỡng Việt Nam / FAO (proxy),không gắn mã riêng; đối chiếu theo thực phẩm tương đương,NIN/FAO Energy kcal (trên 100 g phần ăn được),"Rice vermicelli, cooked",https://viendinhduong.vn/en/cong-cu-va-tien-ich/nutritional-value-of-food; https://www.fao.org/fileadmin/templates/food_composition/documents/pdf/VTN_FCT_2007.pdf,https://vietnam.travel/things-to-do/vietnam-foodie-guide-region,cao,thap,Bún gạo tươi. Khối lượng sợi/bánh đã nấu chín cho một suất; nếu tra bảng dạng khô phải quy đổi lại.,2026-08-02
HN146,Bún quậy,Món vùng đảo,2,tôm,Tôm chín,"Shrimp, cooked",hải sản,"chín, phần ăn được",dam_hai_san_hoac_hon_hop,có,thành phần được liệt kê,,có,73.5,99,72.8,415,17.5,ước tính biên tập; không phải công thức định lượng của từng quán,toàn bộ thành phần đặc trưng đã ghi trong CSV gốc; không phải công thức đầy đủ của mọi quán,USDA SR28 / FoodData Central (proxy),không gắn mã riêng; đối chiếu theo thực phẩm tương đương,USDA SR28 Energ_Kcal (trên 100 g phần ăn được),"Shrimp, cooked",https://catalog.data.gov/dataset/composition-of-foods-raw-processed-prepared-usda-national-nutrient-database-for-standar-28,https://vietnam.travel/things-to-do/vietnam-foodie-guide-region,cao,thap,"Không tính vỏ và đầu bỏ đi. Khối lượng phần ăn được, bỏ vỏ/xương; chuỗi có dấu gạch chéo là một lựa chọn/hỗn hợp. Khối lượng đạm được phân bổ lại theo ngân sách 160 g cho món có nhiều thành phần đạm.",2026-08-02
HN146,Bún quậy,Món vùng đảo,3,cá,Cá chín tổng hợp,"Fish, cooked, generic",cá,"chín, phần thịt",dam_chinh_thuy_san,có,thành phần được liệt kê,,có,86.5,140,121.1,415,29.2,ước tính biên tập; không phải công thức định lượng của từng quán,toàn bộ thành phần đặc trưng đã ghi trong CSV gốc; không phải công thức đầy đủ của mọi quán,Viện Dinh dưỡng Việt Nam / FAO (proxy),không gắn mã riêng; đối chiếu theo thực phẩm tương đương,NIN/FAO Energy kcal (trên 100 g phần ăn được),"Fish, cooked, generic",https://viendinhduong.vn/en/cong-cu-va-tien-ich/nutritional-value-of-food; https://www.fao.org/fileadmin/templates/food_composition/documents/pdf/VTN_FCT_2007.pdf,https://vietnam.travel/things-to-do/vietnam-foodie-guide-region,thap,thap,Trung bình cá nạc và béo vừa. Khối lượng phần thịt ăn được sau khi bỏ xương/da không ăn. Khối lượng đạm được phân bổ lại theo ngân sách 160 g cho món có nhiều thành phần đạm.,2026-08-02
HN146,Bún quậy,Món vùng đảo,4,hành,Hành lá,"Spring onion, raw",rau thơm,tươi,rau_thom_tao_nen,có,thành phần được liệt kê,,có,20,32,6.4,415,1.5,ước tính biên tập; không phải công thức định lượng của từng quán,toàn bộ thành phần đặc trưng đã ghi trong CSV gốc; không phải công thức đầy đủ của mọi quán,Viện Dinh dưỡng Việt Nam / FAO (proxy),không gắn mã riêng; đối chiếu theo thực phẩm tương đương,NIN/FAO Energy kcal (trên 100 g phần ăn được),"Spring onion, raw",https://viendinhduong.vn/en/cong-cu-va-tien-ich/nutritional-value-of-food; https://www.fao.org/fileadmin/templates/food_composition/documents/pdf/VTN_FCT_2007.pdf,https://vietnam.travel/things-to-do/vietnam-foodie-guide-region,trung_binh,thap,"Giả định hành lá, không phải hành củ. Lượng hành trong một suất; nếu chỉ rắc mặt có thể giảm còn 5–10 g theo thứ tự thành phần.",2026-08-02
HN146,Bún quậy,Món vùng đảo,5,tiêu,Hạt tiêu đen xay,"Black pepper, ground",gia vị,"khô, xay",gia_vi_kho_manh,có,thành phần được liệt kê,,có,1,251,2.5,415,0.6,ước tính biên tập; không phải công thức định lượng của từng quán,toàn bộ thành phần đặc trưng đã ghi trong CSV gốc; không phải công thức đầy đủ của mọi quán,USDA SR28 / FoodData Central (proxy),không gắn mã riêng; đối chiếu theo thực phẩm tương đương,USDA SR28 Energ_Kcal (trên 100 g phần ăn được),"Black pepper, ground",https://catalog.data.gov/dataset/composition-of-foods-raw-processed-prepared-usda-national-nutrient-database-for-standar-28,https://vietnam.travel/things-to-do/vietnam-foodie-guide-region,cao,thap,Lượng dùng mỗi suất rất nhỏ. Lượng gia vị khô quy đổi; nhiều loại chỉ chiết hương và không ăn phần xác.,2026-08-02
HN146,Bún quậy,Món vùng đảo,6,quất,Quất tươi,"Kumquat, raw",trái cây/gia vị,tươi,qua_tao_chua,có,thành phần được liệt kê,,có,20,71,14.2,415,3.4,ước tính biên tập; không phải công thức định lượng của từng quán,toàn bộ thành phần đặc trưng đã ghi trong CSV gốc; không phải công thức đầy đủ của mọi quán,USDA SR28 / FoodData Central (proxy),không gắn mã riêng; đối chiếu theo thực phẩm tương đương,USDA SR28 Energ_Kcal (trên 100 g phần ăn được),"Kumquat, raw",https://catalog.data.gov/dataset/composition-of-foods-raw-processed-prepared-usda-national-nutrient-database-for-standar-28,https://vietnam.travel/things-to-do/vietnam-foodie-guide-region,cao,thap,Phần quả ăn được. Khối lượng phần nước/thịt quả dùng để tạo vị; không tính vỏ/hạt.,2026-08-02
HN147,Bánh đa cua,Món vùng miền phía Bắc,1,bánh đa đỏ,Bánh đa đỏ khô,"Red rice noodles, dry",mì/bún,khô,tinh_bot_chinh_da_chin,có,thành phần được liệt kê,,có,180,350,630,853.8,73.8,ước tính biên tập; không phải công thức định lượng của từng quán,toàn bộ thành phần đặc trưng đã ghi trong CSV gốc; không phải công thức đầy đủ của mọi quán,Viện Dinh dưỡng Việt Nam / FAO (proxy),không gắn mã riêng; đối chiếu theo thực phẩm tương đương,NIN/FAO Energy kcal (trên 100 g phần ăn được),"Red rice noodles, dry",https://viendinhduong.vn/en/cong-cu-va-tien-ich/nutritional-value-of-food; https://www.fao.org/fileadmin/templates/food_composition/documents/pdf/VTN_FCT_2007.pdf,https://vietnam.travel/things-to-do/vietnam-foodie-guide-region,trung_binh,thap,Khi nấu kcal/100 g giảm do hút nước. Khối lượng sợi/bánh đã nấu chín cho một suất; nếu tra bảng dạng khô phải quy đổi lại.,2026-08-02
HN147,Bánh đa cua,Món vùng miền phía Bắc,2,cua đồng,Thịt cua đồng,Rice-field crab meat,hải sản,"chín, phần ăn được",dam_hai_san_hoac_hon_hop,có,thành phần được liệt kê,,có,85,87,74,853.8,8.7,ước tính biên tập; không phải công thức định lượng của từng quán,toàn bộ thành phần đặc trưng đã ghi trong CSV gốc; không phải công thức đầy đủ của mọi quán,Viện Dinh dưỡng Việt Nam / FAO (proxy),không gắn mã riêng; đối chiếu theo thực phẩm tương đương,NIN/FAO Energy kcal (trên 100 g phần ăn được),Rice-field crab meat,https://viendinhduong.vn/en/cong-cu-va-tien-ich/nutritional-value-of-food; https://www.fao.org/fileadmin/templates/food_composition/documents/pdf/VTN_FCT_2007.pdf,https://vietnam.travel/things-to-do/vietnam-foodie-guide-region,trung_binh,thap,"Không tính mai/vỏ lọc bỏ. Khối lượng phần ăn được, bỏ vỏ/xương; chuỗi có dấu gạch chéo là một lựa chọn/hỗn hợp.",2026-08-02
HN147,Bánh đa cua,Món vùng miền phía Bắc,3,chả lá lốt,Chả thịt cuốn lá lốt,Grilled meat in wild betel leaf,thịt chế biến,nướng/chiên chín,dam_che_bien,có,thành phần được liệt kê,,có,55,240,132,853.8,15.5,ước tính biên tập; không phải công thức định lượng của từng quán,toàn bộ thành phần đặc trưng đã ghi trong CSV gốc; không phải công thức đầy đủ của mọi quán,Viện Dinh dưỡng Việt Nam / FAO (proxy),không gắn mã riêng; đối chiếu theo thực phẩm tương đương,NIN/FAO Energy kcal (trên 100 g phần ăn được),Grilled meat in wild betel leaf,https://viendinhduong.vn/en/cong-cu-va-tien-ich/nutritional-value-of-food; https://www.fao.org/fileadmin/templates/food_composition/documents/pdf/VTN_FCT_2007.pdf,https://vietnam.travel/things-to-do/vietnam-foodie-guide-region,thap,thap,Phụ thuộc loại thịt và dầu. Một phần chả/giò ăn kèm; giò sống được hiểu là khối lượng sau nấu gần tương đương.,2026-08-02
HN147,Bánh đa cua,Món vùng miền phía Bắc,4,rau muống,Rau muống,Water spinach,rau lá,tươi/chín nhẹ,rau_chinh_hoac_an_kem,có,thành phần được liệt kê,,có,60,19,11.4,853.8,1.3,ước tính biên tập; không phải công thức định lượng của từng quán,toàn bộ thành phần đặc trưng đã ghi trong CSV gốc; không phải công thức đầy đủ của mọi quán,Viện Dinh dưỡng Việt Nam / FAO (proxy),không gắn mã riêng; đối chiếu theo thực phẩm tương đương,NIN/FAO Energy kcal (trên 100 g phần ăn được),Water spinach,https://viendinhduong.vn/en/cong-cu-va-tien-ich/nutritional-value-of-food; https://www.fao.org/fileadmin/templates/food_composition/documents/pdf/VTN_FCT_2007.pdf,https://vietnam.travel/things-to-do/vietnam-foodie-guide-region,cao,thap,Không tính dầu/tỏi khi xào. Khối lượng rau ăn được trong một suất.,2026-08-02
HN147,Bánh đa cua,Món vùng miền phía Bắc,5,hành,Hành lá,"Spring onion, raw",rau thơm,tươi,rau_thom_tao_nen,có,thành phần được liệt kê,,có,20,32,6.4,853.8,0.7,ước tính biên tập; không phải công thức định lượng của từng quán,toàn bộ thành phần đặc trưng đã ghi trong CSV gốc; không phải công thức đầy đủ của mọi quán,Viện Dinh dưỡng Việt Nam / FAO (proxy),không gắn mã riêng; đối chiếu theo thực phẩm tương đương,NIN/FAO Energy kcal (trên 100 g phần ăn được),"Spring onion, raw",https://viendinhduong.vn/en/cong-cu-va-tien-ich/nutritional-value-of-food; https://www.fao.org/fileadmin/templates/food_composition/documents/pdf/VTN_FCT_2007.pdf,https://vietnam.travel/things-to-do/vietnam-foodie-guide-region,trung_binh,thap,"Giả định hành lá, không phải hành củ. Lượng hành trong một suất; nếu chỉ rắc mặt có thể giảm còn 5–10 g theo thứ tự thành phần.",2026-08-02
HN148,Phở xào bò,Món xào,1,bánh phở,Bánh phở tươi,"Flat rice noodles, cooked",mì/bún,"chín, ngậm nước",tinh_bot_chinh_da_chin,có,thành phần được liệt kê,,có,180,110,198,455.2,43.5,ước tính biên tập; không phải công thức định lượng của từng quán,toàn bộ thành phần đặc trưng đã ghi trong CSV gốc; không phải công thức đầy đủ của mọi quán,Viện Dinh dưỡng Việt Nam / FAO (proxy),không gắn mã riêng; đối chiếu theo thực phẩm tương đương,NIN/FAO Energy kcal (trên 100 g phần ăn được),"Flat rice noodles, cooked",https://viendinhduong.vn/en/cong-cu-va-tien-ich/nutritional-value-of-food; https://www.fao.org/fileadmin/templates/food_composition/documents/pdf/VTN_FCT_2007.pdf,https://vietnam.travel/things-to-do/vietnam-foodie-guide-region,cao,thap,Bánh phở tươi ăn ngay. Khối lượng sợi/bánh đã nấu chín cho một suất; nếu tra bảng dạng khô phải quy đổi lại.,2026-08-02
HN148,Phở xào bò,Món xào,2,thịt bò,Thịt bò chín,"Beef, cooked",thịt,chín,dam_chinh,có,thành phần được liệt kê,,có,90,250,225,455.2,49.4,ước tính biên tập; không phải công thức định lượng của từng quán,toàn bộ thành phần đặc trưng đã ghi trong CSV gốc; không phải công thức đầy đủ của mọi quán,Viện Dinh dưỡng Việt Nam / FAO (proxy),không gắn mã riêng; đối chiếu theo thực phẩm tương đương,NIN/FAO Energy kcal (trên 100 g phần ăn được),"Beef, cooked",https://viendinhduong.vn/en/cong-cu-va-tien-ich/nutritional-value-of-food; https://www.fao.org/fileadmin/templates/food_composition/documents/pdf/VTN_FCT_2007.pdf,https://vietnam.travel/things-to-do/vietnam-foodie-guide-region,trung_binh,thap,Giá trị đại diện phần cắt nạc-mỡ vừa. Khối lượng thịt bò chín/nhúng trong một suất.,2026-08-02
HN148,Phở xào bò,Món xào,3,cải xanh,Cải xanh,"Mustard greens, raw",rau lá,tươi,rau_chinh_hoac_an_kem,có,thành phần được liệt kê,,có,60,27,16.2,455.2,3.6,ước tính biên tập; không phải công thức định lượng của từng quán,toàn bộ thành phần đặc trưng đã ghi trong CSV gốc; không phải công thức đầy đủ của mọi quán,USDA SR28 / FoodData Central (proxy),USDA SR28 NDB_No 11270,USDA SR28 Energ_Kcal (trên 100 g phần ăn được),"MUSTARD GREENS,RAW",https://catalog.data.gov/dataset/composition-of-foods-raw-processed-prepared-usda-national-nutrient-database-for-standar-28,https://vietnam.travel/things-to-do/vietnam-foodie-guide-region,cao,thap,Phần lá và thân ăn được. Khối lượng rau ăn được trong một suất. Khớp gần với bản ghi USDA SR28; điểm khớp 100%.,2026-08-02
HN148,Phở xào bò,Món xào,4,hành tây,Hành tây,"Onion, raw",rau củ,tươi,rau_thom_tao_nen,có,thành phần được liệt kê,,có,20,40,8,455.2,1.8,ước tính biên tập; không phải công thức định lượng của từng quán,toàn bộ thành phần đặc trưng đã ghi trong CSV gốc; không phải công thức đầy đủ của mọi quán,USDA SR28 / FoodData Central (proxy),không gắn mã riêng; đối chiếu theo thực phẩm tương đương,USDA SR28 Energ_Kcal (trên 100 g phần ăn được),"Onion, raw",https://catalog.data.gov/dataset/composition-of-foods-raw-processed-prepared-usda-national-nutrient-database-for-standar-28,https://vietnam.travel/things-to-do/vietnam-foodie-guide-region,cao,thap,Phần củ ăn được. Lượng hành trong một suất; nếu chỉ rắc mặt có thể giảm còn 5–10 g theo thứ tự thành phần.,2026-08-02
HN148,Phở xào bò,Món xào,5,xì dầu,Nước tương,Soy sauce,gia vị/nước chấm,dạng lỏng,nuoc_cham_gia_vi_long,có,thành phần được liệt kê,,có,15,53,8,455.2,1.8,ước tính biên tập; không phải công thức định lượng của từng quán,toàn bộ thành phần đặc trưng đã ghi trong CSV gốc; không phải công thức đầy đủ của mọi quán,USDA SR28 / FoodData Central (proxy),không gắn mã riêng; đối chiếu theo thực phẩm tương đương,USDA SR28 Energ_Kcal (trên 100 g phần ăn được),Soy sauce,https://catalog.data.gov/dataset/composition-of-foods-raw-processed-prepared-usda-national-nutrient-database-for-standar-28,https://vietnam.travel/things-to-do/vietnam-foodie-guide-region,cao,thap,"Nước tương thông dụng. Lượng nước chấm/gia vị lỏng thực ăn trong một suất, không phải toàn bộ bát chấm.",2026-08-02
HN149,Phở chiên phồng,Món xào Hà Nội,1,bánh phở,Bánh phở tươi,"Flat rice noodles, cooked",mì/bún,"chín, ngậm nước",tinh_bot_chinh_da_chin,có,thành phần được liệt kê,,có,180,110,198,483.5,41,ước tính biên tập; không phải công thức định lượng của từng quán,toàn bộ thành phần đặc trưng đã ghi trong CSV gốc; không phải công thức đầy đủ của mọi quán,Viện Dinh dưỡng Việt Nam / FAO (proxy),không gắn mã riêng; đối chiếu theo thực phẩm tương đương,NIN/FAO Energy kcal (trên 100 g phần ăn được),"Flat rice noodles, cooked",https://viendinhduong.vn/en/cong-cu-va-tien-ich/nutritional-value-of-food; https://www.fao.org/fileadmin/templates/food_composition/documents/pdf/VTN_FCT_2007.pdf,https://www.vietnam.travel/things-to-do/10-must-try-hanoi-dishes/,cao,thap,Bánh phở tươi ăn ngay. Khối lượng sợi/bánh đã nấu chín cho một suất; nếu tra bảng dạng khô phải quy đổi lại.,2026-08-02
HN149,Phở chiên phồng,Món xào Hà Nội,2,thịt bò,Thịt bò chín,"Beef, cooked",thịt,chín,dam_chinh,có,thành phần được liệt kê,,có,90,250,225,483.5,46.5,ước tính biên tập; không phải công thức định lượng của từng quán,toàn bộ thành phần đặc trưng đã ghi trong CSV gốc; không phải công thức đầy đủ của mọi quán,Viện Dinh dưỡng Việt Nam / FAO (proxy),không gắn mã riêng; đối chiếu theo thực phẩm tương đương,NIN/FAO Energy kcal (trên 100 g phần ăn được),"Beef, cooked",https://viendinhduong.vn/en/cong-cu-va-tien-ich/nutritional-value-of-food; https://www.fao.org/fileadmin/templates/food_composition/documents/pdf/VTN_FCT_2007.pdf,https://www.vietnam.travel/things-to-do/10-must-try-hanoi-dishes/,trung_binh,thap,Giá trị đại diện phần cắt nạc-mỡ vừa. Khối lượng thịt bò chín/nhúng trong một suất.,2026-08-02
HN149,Phở chiên phồng,Món xào Hà Nội,3,cải,Rau cải,Mustard greens,rau lá,tươi/chín nhẹ,rau_chinh_hoac_an_kem,có,thành phần được liệt kê,,có,60,25,15,483.5,3.1,ước tính biên tập; không phải công thức định lượng của từng quán,toàn bộ thành phần đặc trưng đã ghi trong CSV gốc; không phải công thức đầy đủ của mọi quán,Viện Dinh dưỡng Việt Nam / FAO (proxy),không gắn mã riêng; đối chiếu theo thực phẩm tương đương,NIN/FAO Energy kcal (trên 100 g phần ăn được),Mustard greens,https://viendinhduong.vn/en/cong-cu-va-tien-ich/nutritional-value-of-food; https://www.fao.org/fileadmin/templates/food_composition/documents/pdf/VTN_FCT_2007.pdf,https://www.vietnam.travel/things-to-do/10-must-try-hanoi-dishes/,thap,thap,Tên chung; dùng rau cải lá đại diện. Khối lượng rau ăn được trong một suất.,2026-08-02
HN149,Phở chiên phồng,Món xào Hà Nội,4,hành tây,Hành tây,"Onion, raw",rau củ,tươi,rau_thom_tao_nen,có,thành phần được liệt kê,,có,20,40,8,483.5,1.7,ước tính biên tập; không phải công thức định lượng của từng quán,toàn bộ thành phần đặc trưng đã ghi trong CSV gốc; không phải công thức đầy đủ của mọi quán,USDA SR28 / FoodData Central (proxy),không gắn mã riêng; đối chiếu theo thực phẩm tương đương,USDA SR28 Energ_Kcal (trên 100 g phần ăn được),"Onion, raw",https://catalog.data.gov/dataset/composition-of-foods-raw-processed-prepared-usda-national-nutrient-database-for-standar-28,https://www.vietnam.travel/things-to-do/10-must-try-hanoi-dishes/,cao,thap,Phần củ ăn được. Lượng hành trong một suất; nếu chỉ rắc mặt có thể giảm còn 5–10 g theo thứ tự thành phần.,2026-08-02
HN149,Phở chiên phồng,Món xào Hà Nội,5,sốt,Nước sốt tổng hợp,"Prepared sauce, generic",nước sốt,chế biến sẵn,sot_nuoc_cham,có,thành phần được liệt kê,,có,25,150,37.5,483.5,7.8,ước tính biên tập; không phải công thức định lượng của từng quán,toàn bộ thành phần đặc trưng đã ghi trong CSV gốc; không phải công thức đầy đủ của mọi quán,USDA SR28 / FoodData Central (proxy),USDA SR28 NDB_No 06151,USDA SR28 Energ_Kcal (trên 100 g phần ăn được),"SAUCE,PLUM,READY-TO-SERVE",https://catalog.data.gov/dataset/composition-of-foods-raw-processed-prepared-usda-national-nutrient-database-for-standar-28,https://www.vietnam.travel/things-to-do/10-must-try-hanoi-dishes/,thap,thap,Tên quá rộng; dùng giá trị sốt mặn-ngọt trung bình. Lượng sốt/nước chấm bám và được ăn trong một suất. Khớp gần với bản ghi USDA SR28; điểm khớp 104%.,2026-08-02
HN150,Carbonara,Món Ý,1,pasta,Pasta chín,"Pasta, cooked",mì/bún,"chín, ngậm nước",tinh_bot_chinh_da_chin,có,thành phần được liệt kê,,có,180,157,282.6,739.7,38.2,ước tính biên tập; không phải công thức định lượng của từng quán,toàn bộ thành phần đặc trưng đã ghi trong CSV gốc; không phải công thức đầy đủ của mọi quán,USDA SR28 / FoodData Central (proxy),không gắn mã riêng; đối chiếu theo thực phẩm tương đương,USDA SR28 Energ_Kcal (trên 100 g phần ăn được),"Pasta, cooked",https://catalog.data.gov/dataset/composition-of-foods-raw-processed-prepared-usda-national-nutrient-database-for-standar-28,https://vietnam.travel/things-to-do/must-try-food-in-hanoi; https://vietnamtourism.vn/en/index.php/services/restaurants/search/19,cao,thap,Không sốt và không dầu. Khối lượng sợi/bánh đã nấu chín cho một suất; nếu tra bảng dạng khô phải quy đổi lại.,2026-08-02
HN150,Carbonara,Món Ý,2,trứng,Trứng gà nguyên quả,"Chicken egg, whole, cooked",trứng,chín,dam_phu,có,thành phần được liệt kê,,có,55,155,85.3,739.7,11.5,ước tính biên tập; không phải công thức định lượng của từng quán,toàn bộ thành phần đặc trưng đã ghi trong CSV gốc; không phải công thức đầy đủ của mọi quán,USDA SR28 / FoodData Central (proxy),không gắn mã riêng; đối chiếu theo thực phẩm tương đương,USDA SR28 Energ_Kcal (trên 100 g phần ăn được),"Chicken egg, whole, cooked",https://catalog.data.gov/dataset/composition-of-foods-raw-processed-prepared-usda-national-nutrient-database-for-standar-28,https://vietnam.travel/things-to-do/must-try-food-in-hanoi; https://vietnamtourism.vn/en/index.php/services/restaurants/search/19,cao,thap,"Trứng gà nguyên quả đại diện. Quy đổi một quả trứng gà cỡ vừa, bỏ vỏ.",2026-08-02
HN150,Carbonara,Món Ý,3,parmesan,Phô mai Parmesan,Parmesan cheese,sữa/phô mai,ủ chín,sua_dam_beo,có,thành phần được liệt kê,,có,30,431,129.3,739.7,17.5,ước tính biên tập; không phải công thức định lượng của từng quán,toàn bộ thành phần đặc trưng đã ghi trong CSV gốc; không phải công thức đầy đủ của mọi quán,USDA SR28 / FoodData Central (proxy),USDA SR28 NDB_No 01032,USDA SR28 Energ_Kcal (trên 100 g phần ăn được),"CHEESE,PARMESAN,GRATED",https://catalog.data.gov/dataset/composition-of-foods-raw-processed-prepared-usda-national-nutrient-database-for-standar-28,https://vietnam.travel/things-to-do/must-try-food-in-hanoi; https://vietnamtourism.vn/en/index.php/services/restaurants/search/19,cao,thap,Parmesan cứng bào. Phần phô mai trong một suất; chuỗi kết hợp được coi là topping nhỏ. Khớp gần với bản ghi USDA SR28; điểm khớp 100%.,2026-08-02
HN150,Carbonara,Món Ý,4,thịt muối,Thịt lợn muối,Cured pork,thịt chế biến,ướp muối/chín,dam_chinh,có,thành phần được liệt kê,,có,80,300,240,739.7,32.4,ước tính biên tập; không phải công thức định lượng của từng quán,toàn bộ thành phần đặc trưng đã ghi trong CSV gốc; không phải công thức đầy đủ của mọi quán,USDA SR28 / FoodData Central (proxy),USDA SR28 NDB_No 10123,USDA SR28 Energ_Kcal (trên 100 g phần ăn được),"PORK,CURED,BACON,UNPREP",https://catalog.data.gov/dataset/composition-of-foods-raw-processed-prepared-usda-national-nutrient-database-for-standar-28,https://vietnam.travel/things-to-do/must-try-food-in-hanoi; https://vietnamtourism.vn/en/index.php/services/restaurants/search/19,thap,thap,"Tên chung; có thể là bacon, pancetta hoặc ham. Khối lượng thịt lợn thành phẩm trong một suất. Khớp gần với bản ghi USDA SR28; điểm khớp 100%.",2026-08-02
HN150,Carbonara,Món Ý,5,tiêu,Hạt tiêu đen xay,"Black pepper, ground",gia vị,"khô, xay",gia_vi_kho_manh,có,thành phần được liệt kê,,có,1,251,2.5,739.7,0.3,ước tính biên tập; không phải công thức định lượng của từng quán,toàn bộ thành phần đặc trưng đã ghi trong CSV gốc; không phải công thức đầy đủ của mọi quán,USDA SR28 / FoodData Central (proxy),không gắn mã riêng; đối chiếu theo thực phẩm tương đương,USDA SR28 Energ_Kcal (trên 100 g phần ăn được),"Black pepper, ground",https://catalog.data.gov/dataset/composition-of-foods-raw-processed-prepared-usda-national-nutrient-database-for-standar-28,https://vietnam.travel/things-to-do/must-try-food-in-hanoi; https://vietnamtourism.vn/en/index.php/services/restaurants/search/19,cao,thap,Lượng dùng mỗi suất rất nhỏ. Lượng gia vị khô quy đổi; nhiều loại chỉ chiết hương và không ăn phần xác.,2026-08-02
HN151,Lasagna,Món Ý,1,lá lasagna,Lá lasagna chín,"Lasagna noodles, cooked",mì/bún,"chín, ngậm nước",tinh_bot_chinh_da_chin,có,thành phần được liệt kê,,có,180,131,235.8,602.9,39.1,ước tính biên tập; không phải công thức định lượng của từng quán,toàn bộ thành phần đặc trưng đã ghi trong CSV gốc; không phải công thức đầy đủ của mọi quán,USDA SR28 / FoodData Central (proxy),không gắn mã riêng; đối chiếu theo thực phẩm tương đương,USDA SR28 Energ_Kcal (trên 100 g phần ăn được),"Lasagna noodles, cooked",https://catalog.data.gov/dataset/composition-of-foods-raw-processed-prepared-usda-national-nutrient-database-for-standar-28,https://vietnam.travel/things-to-do/must-try-food-in-hanoi; https://vietnamtourism.vn/en/index.php/services/restaurants/search/19,cao,thap,Không tính sốt/phô mai. Khối lượng sợi/bánh đã nấu chín cho một suất; nếu tra bảng dạng khô phải quy đổi lại.,2026-08-02
HN151,Lasagna,Món Ý,2,thịt bò,Thịt bò chín,"Beef, cooked",thịt,chín,dam_chinh,có,thành phần được liệt kê,,có,90,250,225,602.9,37.3,ước tính biên tập; không phải công thức định lượng của từng quán,toàn bộ thành phần đặc trưng đã ghi trong CSV gốc; không phải công thức đầy đủ của mọi quán,Viện Dinh dưỡng Việt Nam / FAO (proxy),không gắn mã riêng; đối chiếu theo thực phẩm tương đương,NIN/FAO Energy kcal (trên 100 g phần ăn được),"Beef, cooked",https://viendinhduong.vn/en/cong-cu-va-tien-ich/nutritional-value-of-food; https://www.fao.org/fileadmin/templates/food_composition/documents/pdf/VTN_FCT_2007.pdf,https://vietnam.travel/things-to-do/must-try-food-in-hanoi; https://vietnamtourism.vn/en/index.php/services/restaurants/search/19,trung_binh,thap,Giá trị đại diện phần cắt nạc-mỡ vừa. Khối lượng thịt bò chín/nhúng trong một suất.,2026-08-02
HN151,Lasagna,Món Ý,3,cà chua,Cà chua tươi,"Tomato, raw",rau quả,tươi,rau_cu,có,thành phần được liệt kê,,có,60,18,10.8,602.9,1.8,ước tính biên tập; không phải công thức định lượng của từng quán,toàn bộ thành phần đặc trưng đã ghi trong CSV gốc; không phải công thức đầy đủ của mọi quán,USDA SR28 / FoodData Central (proxy),không gắn mã riêng; đối chiếu theo thực phẩm tương đương,USDA SR28 Energ_Kcal (trên 100 g phần ăn được),"Tomato, raw",https://catalog.data.gov/dataset/composition-of-foods-raw-processed-prepared-usda-national-nutrient-database-for-standar-28,https://vietnam.travel/things-to-do/must-try-food-in-hanoi; https://vietnamtourism.vn/en/index.php/services/restaurants/search/19,cao,thap,Phần quả ăn được. Khối lượng rau/củ chín hoặc sơ chế trong một suất.,2026-08-02
HN151,Lasagna,Món Ý,4,béchamel,Sốt béchamel,Béchamel sauce,nước sốt,đã nấu,sot_nuoc_cham,có,thành phần được liệt kê,,có,25,105,26.3,602.9,4.4,ước tính biên tập; không phải công thức định lượng của từng quán,toàn bộ thành phần đặc trưng đã ghi trong CSV gốc; không phải công thức đầy đủ của mọi quán,USDA SR28 / FoodData Central (proxy),không gắn mã riêng; đối chiếu theo thực phẩm tương đương,USDA SR28 Energ_Kcal (trên 100 g phần ăn được),Béchamel sauce,https://catalog.data.gov/dataset/composition-of-foods-raw-processed-prepared-usda-national-nutrient-database-for-standar-28,https://vietnam.travel/things-to-do/must-try-food-in-hanoi; https://vietnamtourism.vn/en/index.php/services/restaurants/search/19,trung_binh,thap,Công thức sữa-bơ-bột điển hình. Lượng sốt/nước chấm bám và được ăn trong một suất.,2026-08-02
HN151,Lasagna,Món Ý,5,phô mai,Phô mai bán cứng,"Cheese, semi-hard",sữa/phô mai,ăn liền,sua_dam_beo,có,thành phần được liệt kê,,có,30,350,105,602.9,17.4,ước tính biên tập; không phải công thức định lượng của từng quán,toàn bộ thành phần đặc trưng đã ghi trong CSV gốc; không phải công thức đầy đủ của mọi quán,USDA SR28 / FoodData Central (proxy),không gắn mã riêng; đối chiếu theo thực phẩm tương đương,USDA SR28 Energ_Kcal (trên 100 g phần ăn được),"Cheese, semi-hard",https://catalog.data.gov/dataset/composition-of-foods-raw-processed-prepared-usda-national-nutrient-database-for-standar-28,https://vietnam.travel/things-to-do/must-try-food-in-hanoi; https://vietnamtourism.vn/en/index.php/services/restaurants/search/19,trung_binh,thap,Giá trị đại diện nhiều loại phô mai. Phần phô mai trong một suất; chuỗi kết hợp được coi là topping nhỏ.,2026-08-02
HN152,Pizza Margherita,Món Ý,1,bột mì,Bột mì đa dụng,"Wheat flour, all-purpose",bột/ngũ cốc,khô,tinh_bot_chinh_kho,có,thành phần được liệt kê,,có,70,364,254.8,423.8,60.1,ước tính biên tập; không phải công thức định lượng của từng quán,toàn bộ thành phần đặc trưng đã ghi trong CSV gốc; không phải công thức đầy đủ của mọi quán,USDA SR28 / FoodData Central (proxy),không gắn mã riêng; đối chiếu theo thực phẩm tương đương,USDA SR28 Energ_Kcal (trên 100 g phần ăn được),"Wheat flour, all-purpose",https://catalog.data.gov/dataset/composition-of-foods-raw-processed-prepared-usda-national-nutrient-database-for-standar-28,https://vietnam.travel/things-to-do/must-try-food-in-hanoi; https://vietnamtourism.vn/en/index.php/services/restaurants/search/19,cao,thap,Bột mì trắng đa dụng. Lượng bột khô quy đổi trong một phần bánh/món.,2026-08-02
HN152,Pizza Margherita,Món Ý,2,cà chua,Cà chua tươi,"Tomato, raw",rau quả,tươi,rau_cu,có,thành phần được liệt kê,,có,60,18,10.8,423.8,2.5,ước tính biên tập; không phải công thức định lượng của từng quán,toàn bộ thành phần đặc trưng đã ghi trong CSV gốc; không phải công thức đầy đủ của mọi quán,USDA SR28 / FoodData Central (proxy),không gắn mã riêng; đối chiếu theo thực phẩm tương đương,USDA SR28 Energ_Kcal (trên 100 g phần ăn được),"Tomato, raw",https://catalog.data.gov/dataset/composition-of-foods-raw-processed-prepared-usda-national-nutrient-database-for-standar-28,https://vietnam.travel/things-to-do/must-try-food-in-hanoi; https://vietnamtourism.vn/en/index.php/services/restaurants/search/19,cao,thap,Phần quả ăn được. Khối lượng rau/củ chín hoặc sơ chế trong một suất.,2026-08-02
HN152,Pizza Margherita,Món Ý,3,mozzarella,Phô mai mozzarella,Mozzarella cheese,sữa/phô mai,tươi/ít ẩm,sua_dam_beo,có,thành phần được liệt kê,,có,30,280,84,423.8,19.8,ước tính biên tập; không phải công thức định lượng của từng quán,toàn bộ thành phần đặc trưng đã ghi trong CSV gốc; không phải công thức đầy đủ của mọi quán,USDA SR28 / FoodData Central (proxy),USDA SR28 NDB_No 01026,USDA SR28 Energ_Kcal (trên 100 g phần ăn được),"CHEESE,MOZZARELLA,WHL MILK",https://catalog.data.gov/dataset/composition-of-foods-raw-processed-prepared-usda-national-nutrient-database-for-standar-28,https://vietnam.travel/things-to-do/must-try-food-in-hanoi; https://vietnamtourism.vn/en/index.php/services/restaurants/search/19,trung_binh,thap,Độ ẩm ảnh hưởng kcal. Phần phô mai trong một suất; chuỗi kết hợp được coi là topping nhỏ. Khớp gần với bản ghi USDA SR28; điểm khớp 100%.,2026-08-02
HN152,Pizza Margherita,Món Ý,4,húng quế,Húng quế,"Basil, fresh",rau thơm,"tươi, sống",rau_thom,có,thành phần được liệt kê,,có,15,23,3.5,423.8,0.8,ước tính biên tập; không phải công thức định lượng của từng quán,toàn bộ thành phần đặc trưng đã ghi trong CSV gốc; không phải công thức đầy đủ của mọi quán,USDA SR28 / FoodData Central (proxy),USDA SR28 NDB_No 02044,USDA SR28 Energ_Kcal (trên 100 g phần ăn được),"BASIL,FRESH",https://catalog.data.gov/dataset/composition-of-foods-raw-processed-prepared-usda-national-nutrient-database-for-standar-28,https://vietnam.travel/things-to-do/must-try-food-in-hanoi; https://vietnamtourism.vn/en/index.php/services/restaurants/search/19,cao,thap,Lá và thân non. Một nhúm rau thơm/lá gia vị ăn được trong một suất. Khớp gần với bản ghi USDA SR28; điểm khớp 100%.,2026-08-02
HN152,Pizza Margherita,Món Ý,5,dầu ô liu,Dầu ô liu,Olive oil,chất béo,dạng lỏng,chat_beo_tao_huong,có,thành phần được liệt kê,,có,8,884,70.7,423.8,16.7,ước tính biên tập; không phải công thức định lượng của từng quán,toàn bộ thành phần đặc trưng đã ghi trong CSV gốc; không phải công thức đầy đủ của mọi quán,USDA SR28 / FoodData Central (proxy),USDA SR28 NDB_No 04053,USDA SR28 Energ_Kcal (trên 100 g phần ăn được),"OIL,OLIVE,SALAD OR COOKING",https://catalog.data.gov/dataset/composition-of-foods-raw-processed-prepared-usda-national-nutrient-database-for-standar-28,https://vietnam.travel/things-to-do/must-try-food-in-hanoi; https://vietnamtourism.vn/en/index.php/services/restaurants/search/19,cao,thap,Dầu nguyên chất; tính theo lượng dùng thực tế. Lượng dầu rưới/trộn trong một phần. Khớp gần với bản ghi USDA SR28; điểm khớp 100%.,2026-08-02
HN153,Risotto,Món Ý,1,gạo arborio,Gạo Arborio khô,"Arborio rice, dry",ngũ cốc,"khô, chưa nấu",tinh_bot_chinh_kho,có,thành phần được liệt kê,,có,80,360,288,607.6,47.4,ước tính biên tập; không phải công thức định lượng của từng quán,toàn bộ thành phần đặc trưng đã ghi trong CSV gốc; không phải công thức đầy đủ của mọi quán,USDA SR28 / FoodData Central (proxy),không gắn mã riêng; đối chiếu theo thực phẩm tương đương,USDA SR28 Energ_Kcal (trên 100 g phần ăn được),"Arborio rice, dry",https://catalog.data.gov/dataset/composition-of-foods-raw-processed-prepared-usda-national-nutrient-database-for-standar-28,https://vietnam.travel/things-to-do/must-try-food-in-hanoi; https://vietnamtourism.vn/en/index.php/services/restaurants/search/19,trung_binh,thap,Risotto chín cần dùng trọng lượng sau nấu và tính bơ/phô mai riêng. Khối lượng gạo khô quy đổi cho một phần sau nấu.,2026-08-02
HN153,Risotto,Món Ý,2,nước dùng,Nước dùng đã nấu,Prepared broth,nước dùng,"đã nấu, lọc",nuoc_dung,có,thành phần được liệt kê,,có,320,20,64,607.6,10.5,ước tính biên tập; không phải công thức định lượng của từng quán,toàn bộ thành phần đặc trưng đã ghi trong CSV gốc; không phải công thức đầy đủ của mọi quán,Viện Dinh dưỡng Việt Nam / FAO (proxy),không gắn mã riêng; đối chiếu theo thực phẩm tương đương,NIN/FAO Energy kcal (trên 100 g phần ăn được),Prepared broth,https://viendinhduong.vn/en/cong-cu-va-tien-ich/nutritional-value-of-food; https://www.fao.org/fileadmin/templates/food_composition/documents/pdf/VTN_FCT_2007.pdf,https://vietnam.travel/things-to-do/must-try-food-in-hanoi; https://vietnamtourism.vn/en/index.php/services/restaurants/search/19,thap,thap,Phụ thuộc mỡ/cốt thịt; không cộng trùng nguyên liệu con. Một tô/cốc nước dùng; với lẩu hiểu là lượng một người thực ăn.,2026-08-02
HN153,Risotto,Món Ý,3,bơ,Bơ động vật,Butter,chất béo,dạng rắn,chat_beo,có,thành phần được liệt kê,,có,15,717,107.6,607.6,17.7,ước tính biên tập; không phải công thức định lượng của từng quán,toàn bộ thành phần đặc trưng đã ghi trong CSV gốc; không phải công thức đầy đủ của mọi quán,USDA SR28 / FoodData Central (proxy),USDA SR28 NDB_No 12171,USDA SR28 Energ_Kcal (trên 100 g phần ăn được),"SESAME BUTTER,TAHINI,FROM UNROASTED KRNLS",https://catalog.data.gov/dataset/composition-of-foods-raw-processed-prepared-usda-national-nutrient-database-for-standar-28,https://vietnam.travel/things-to-do/must-try-food-in-hanoi; https://vietnamtourism.vn/en/index.php/services/restaurants/search/19,cao,thap,"Giả định butter, không phải quả bơ. Khoảng một thìa canh bơ cho một phần. Khớp gần với bản ghi USDA SR28; điểm khớp 104%.",2026-08-02
HN153,Risotto,Món Ý,4,parmesan,Phô mai Parmesan,Parmesan cheese,sữa/phô mai,ủ chín,sua_dam_beo,có,thành phần được liệt kê,,có,30,431,129.3,607.6,21.3,ước tính biên tập; không phải công thức định lượng của từng quán,toàn bộ thành phần đặc trưng đã ghi trong CSV gốc; không phải công thức đầy đủ của mọi quán,USDA SR28 / FoodData Central (proxy),USDA SR28 NDB_No 01032,USDA SR28 Energ_Kcal (trên 100 g phần ăn được),"CHEESE,PARMESAN,GRATED",https://catalog.data.gov/dataset/composition-of-foods-raw-processed-prepared-usda-national-nutrient-database-for-standar-28,https://vietnam.travel/things-to-do/must-try-food-in-hanoi; https://vietnamtourism.vn/en/index.php/services/restaurants/search/19,cao,thap,Parmesan cứng bào. Phần phô mai trong một suất; chuỗi kết hợp được coi là topping nhỏ. Khớp gần với bản ghi USDA SR28; điểm khớp 100%.,2026-08-02
HN153,Risotto,Món Ý,5,nấm/hải sản,Nấm tươi hỗn hợp,"Mushrooms, raw",nấm,tươi,dam_hai_san_hoac_hon_hop,có,lựa chọn mặc định,HN153-05,có,85,22,18.7,607.6,3.1,ước tính biên tập; không phải công thức định lượng của từng quán,toàn bộ thành phần đặc trưng đã ghi trong CSV gốc; không phải công thức đầy đủ của mọi quán,USDA SR28 / FoodData Central (proxy),USDA SR28 NDB_No 11238,USDA SR28 Energ_Kcal (trên 100 g phần ăn được),"MUSHROOMS,SHIITAKE,RAW",https://catalog.data.gov/dataset/composition-of-foods-raw-processed-prepared-usda-national-nutrient-database-for-standar-28,https://vietnam.travel/things-to-do/must-try-food-in-hanoi; https://vietnamtourism.vn/en/index.php/services/restaurants/search/19,trung_binh,thap,"Nấm nút/nấm tươi đại diện. Khối lượng phần ăn được, bỏ vỏ/xương; chuỗi có dấu gạch chéo là một lựa chọn/hỗn hợp. Khớp gần với bản ghi USDA SR28; điểm khớp 100%. Các lựa chọn cùng nhóm không dùng để cộng đồng thời.",2026-08-02
HN153,Risotto,Món Ý,6,nấm/hải sản,Hải sản hỗn hợp chín,"Mixed seafood, cooked",hải sản,chín,dam_hai_san_hoac_hon_hop,có,lựa chọn thay thế,HN153-05,không,85,100,85,607.6,0,ước tính biên tập; không phải công thức định lượng của từng quán,toàn bộ thành phần đặc trưng đã ghi trong CSV gốc; không phải công thức đầy đủ của mọi quán,USDA SR28 / FoodData Central (proxy),không gắn mã riêng; đối chiếu theo thực phẩm tương đương,USDA SR28 Energ_Kcal (trên 100 g phần ăn được),"Mixed seafood, cooked",https://catalog.data.gov/dataset/composition-of-foods-raw-processed-prepared-usda-national-nutrient-database-for-standar-28,https://vietnam.travel/things-to-do/must-try-food-in-hanoi; https://vietnamtourism.vn/en/index.php/services/restaurants/search/19,thap,thap,"Trung bình tôm, mực và nhuyễn thể nạc. Khối lượng phần ăn được, bỏ vỏ/xương; chuỗi có dấu gạch chéo là một lựa chọn/hỗn hợp. Các lựa chọn cùng nhóm không dùng để cộng đồng thời.",2026-08-02
HN154,Spaghetti Bolognese,Món Ý,1,spaghetti,Spaghetti chín,"Spaghetti, cooked",mì/bún,"chín, ngậm nước",tinh_bot_chinh_da_chin,có,thành phần được liệt kê,,có,180,158,284.4,527.5,53.9,ước tính biên tập; không phải công thức định lượng của từng quán,toàn bộ thành phần đặc trưng đã ghi trong CSV gốc; không phải công thức đầy đủ của mọi quán,USDA SR28 / FoodData Central (proxy),USDA SR28 NDB_No 20127,USDA SR28 Energ_Kcal (trên 100 g phần ăn được),"SPAGHETTI,SPINACH,COOKED",https://catalog.data.gov/dataset/composition-of-foods-raw-processed-prepared-usda-national-nutrient-database-for-standar-28,https://vietnam.travel/things-to-do/must-try-food-in-hanoi; https://vietnamtourism.vn/en/index.php/services/restaurants/search/19,cao,thap,Không sốt và không dầu. Khối lượng sợi/bánh đã nấu chín cho một suất; nếu tra bảng dạng khô phải quy đổi lại. Khớp gần với bản ghi USDA SR28; điểm khớp 104%.,2026-08-02
HN154,Spaghetti Bolognese,Món Ý,2,thịt bò,Thịt bò chín,"Beef, cooked",thịt,chín,dam_chinh,có,thành phần được liệt kê,,có,90,250,225,527.5,42.7,ước tính biên tập; không phải công thức định lượng của từng quán,toàn bộ thành phần đặc trưng đã ghi trong CSV gốc; không phải công thức đầy đủ của mọi quán,Viện Dinh dưỡng Việt Nam / FAO (proxy),không gắn mã riêng; đối chiếu theo thực phẩm tương đương,NIN/FAO Energy kcal (trên 100 g phần ăn được),"Beef, cooked",https://viendinhduong.vn/en/cong-cu-va-tien-ich/nutritional-value-of-food; https://www.fao.org/fileadmin/templates/food_composition/documents/pdf/VTN_FCT_2007.pdf,https://vietnam.travel/things-to-do/must-try-food-in-hanoi; https://vietnamtourism.vn/en/index.php/services/restaurants/search/19,trung_binh,thap,Giá trị đại diện phần cắt nạc-mỡ vừa. Khối lượng thịt bò chín/nhúng trong một suất.,2026-08-02
HN154,Spaghetti Bolognese,Món Ý,3,cà chua,Cà chua tươi,"Tomato, raw",rau quả,tươi,rau_cu,có,thành phần được liệt kê,,có,60,18,10.8,527.5,2,ước tính biên tập; không phải công thức định lượng của từng quán,toàn bộ thành phần đặc trưng đã ghi trong CSV gốc; không phải công thức đầy đủ của mọi quán,USDA SR28 / FoodData Central (proxy),không gắn mã riêng; đối chiếu theo thực phẩm tương đương,USDA SR28 Energ_Kcal (trên 100 g phần ăn được),"Tomato, raw",https://catalog.data.gov/dataset/composition-of-foods-raw-processed-prepared-usda-national-nutrient-database-for-standar-28,https://vietnam.travel/things-to-do/must-try-food-in-hanoi; https://vietnamtourism.vn/en/index.php/services/restaurants/search/19,cao,thap,Phần quả ăn được. Khối lượng rau/củ chín hoặc sơ chế trong một suất.,2026-08-02
HN154,Spaghetti Bolognese,Món Ý,4,hành,Hành lá,"Spring onion, raw",rau thơm,tươi,rau_thom_tao_nen,có,thành phần được liệt kê,,có,20,32,6.4,527.5,1.2,ước tính biên tập; không phải công thức định lượng của từng quán,toàn bộ thành phần đặc trưng đã ghi trong CSV gốc; không phải công thức đầy đủ của mọi quán,Viện Dinh dưỡng Việt Nam / FAO (proxy),không gắn mã riêng; đối chiếu theo thực phẩm tương đương,NIN/FAO Energy kcal (trên 100 g phần ăn được),"Spring onion, raw",https://viendinhduong.vn/en/cong-cu-va-tien-ich/nutritional-value-of-food; https://www.fao.org/fileadmin/templates/food_composition/documents/pdf/VTN_FCT_2007.pdf,https://vietnam.travel/things-to-do/must-try-food-in-hanoi; https://vietnamtourism.vn/en/index.php/services/restaurants/search/19,trung_binh,thap,"Giả định hành lá, không phải hành củ. Lượng hành trong một suất; nếu chỉ rắc mặt có thể giảm còn 5–10 g theo thứ tự thành phần.",2026-08-02
HN154,Spaghetti Bolognese,Món Ý,5,thảo mộc,Thảo mộc tươi hỗn hợp,Mixed fresh herbs,rau thơm/gia vị,tươi,gia_vi_kho_hon_hop,có,thành phần được liệt kê,,có,3,30,0.9,527.5,0.2,ước tính biên tập; không phải công thức định lượng của từng quán,toàn bộ thành phần đặc trưng đã ghi trong CSV gốc; không phải công thức đầy đủ của mọi quán,USDA SR28 / FoodData Central (proxy),không gắn mã riêng; đối chiếu theo thực phẩm tương đương,USDA SR28 Energ_Kcal (trên 100 g phần ăn được),Mixed fresh herbs,https://catalog.data.gov/dataset/composition-of-foods-raw-processed-prepared-usda-national-nutrient-database-for-standar-28,https://vietnam.travel/things-to-do/must-try-food-in-hanoi; https://vietnamtourism.vn/en/index.php/services/restaurants/search/19,thap,thap,Tên chung; lượng dùng nhỏ. Tổng lượng gia vị khô/hỗn hợp cho một suất; chuỗi gạch chéo được coi là hỗn hợp chung.,2026-08-02
HN155,Pizza hải sản,Món Ý/quốc tế,1,bột mì,Bột mì đa dụng,"Wheat flour, all-purpose",bột/ngũ cốc,khô,tinh_bot_chinh_kho,có,thành phần được liệt kê,,có,70,364,254.8,509.1,50,ước tính biên tập; không phải công thức định lượng của từng quán,toàn bộ thành phần đặc trưng đã ghi trong CSV gốc; không phải công thức đầy đủ của mọi quán,USDA SR28 / FoodData Central (proxy),không gắn mã riêng; đối chiếu theo thực phẩm tương đương,USDA SR28 Energ_Kcal (trên 100 g phần ăn được),"Wheat flour, all-purpose",https://catalog.data.gov/dataset/composition-of-foods-raw-processed-prepared-usda-national-nutrient-database-for-standar-28,https://vietnam.travel/things-to-do/must-try-food-in-hanoi; https://vietnamtourism.vn/en/index.php/services/restaurants/search/19,cao,thap,Bột mì trắng đa dụng. Lượng bột khô quy đổi trong một phần bánh/món.,2026-08-02
HN155,Pizza hải sản,Món Ý/quốc tế,2,sốt cà chua,Sốt cà chua đã nấu,Tomato sauce,nước sốt,đã nấu,sot_nuoc_cham,có,thành phần được liệt kê,,có,25,70,17.5,509.1,3.4,ước tính biên tập; không phải công thức định lượng của từng quán,toàn bộ thành phần đặc trưng đã ghi trong CSV gốc; không phải công thức đầy đủ của mọi quán,USDA SR28 / FoodData Central (proxy),USDA SR28 NDB_No 06972,USDA SR28 Energ_Kcal (trên 100 g phần ăn được),"SAUCE,TOMATO CHILI SAU,BTLD,W/SALT",https://catalog.data.gov/dataset/composition-of-foods-raw-processed-prepared-usda-national-nutrient-database-for-standar-28,https://vietnam.travel/things-to-do/must-try-food-in-hanoi; https://vietnamtourism.vn/en/index.php/services/restaurants/search/19,trung_binh,thap,Loại có ít dầu/đường; công thức biến thiên. Lượng sốt/nước chấm bám và được ăn trong một suất. Khớp gần với bản ghi USDA SR28; điểm khớp 100%.,2026-08-02
HN155,Pizza hải sản,Món Ý/quốc tế,3,mozzarella,Phô mai mozzarella,Mozzarella cheese,sữa/phô mai,tươi/ít ẩm,sua_dam_beo,có,thành phần được liệt kê,,có,30,280,84,509.1,16.5,ước tính biên tập; không phải công thức định lượng của từng quán,toàn bộ thành phần đặc trưng đã ghi trong CSV gốc; không phải công thức đầy đủ của mọi quán,USDA SR28 / FoodData Central (proxy),USDA SR28 NDB_No 01026,USDA SR28 Energ_Kcal (trên 100 g phần ăn được),"CHEESE,MOZZARELLA,WHL MILK",https://catalog.data.gov/dataset/composition-of-foods-raw-processed-prepared-usda-national-nutrient-database-for-standar-28,https://vietnam.travel/things-to-do/must-try-food-in-hanoi; https://vietnamtourism.vn/en/index.php/services/restaurants/search/19,trung_binh,thap,Độ ẩm ảnh hưởng kcal. Phần phô mai trong một suất; chuỗi kết hợp được coi là topping nhỏ. Khớp gần với bản ghi USDA SR28; điểm khớp 100%.,2026-08-02
HN155,Pizza hải sản,Món Ý/quốc tế,4,tôm,Tôm chín,"Shrimp, cooked",hải sản,"chín, phần ăn được",dam_hai_san_hoac_hon_hop,có,thành phần được liệt kê,,có,80,99,79.2,509.1,15.6,ước tính biên tập; không phải công thức định lượng của từng quán,toàn bộ thành phần đặc trưng đã ghi trong CSV gốc; không phải công thức đầy đủ của mọi quán,USDA SR28 / FoodData Central (proxy),không gắn mã riêng; đối chiếu theo thực phẩm tương đương,USDA SR28 Energ_Kcal (trên 100 g phần ăn được),"Shrimp, cooked",https://catalog.data.gov/dataset/composition-of-foods-raw-processed-prepared-usda-national-nutrient-database-for-standar-28,https://vietnam.travel/things-to-do/must-try-food-in-hanoi; https://vietnamtourism.vn/en/index.php/services/restaurants/search/19,cao,thap,"Không tính vỏ và đầu bỏ đi. Khối lượng phần ăn được, bỏ vỏ/xương; chuỗi có dấu gạch chéo là một lựa chọn/hỗn hợp. Khối lượng đạm được phân bổ lại theo ngân sách 160 g cho món có nhiều thành phần đạm.",2026-08-02
HN155,Pizza hải sản,Món Ý/quốc tế,5,mực,Mực chín,"Squid, cooked",hải sản,"chín, phần ăn được",dam_hai_san_hoac_hon_hop,có,thành phần được liệt kê,,có,80,92,73.6,509.1,14.5,ước tính biên tập; không phải công thức định lượng của từng quán,toàn bộ thành phần đặc trưng đã ghi trong CSV gốc; không phải công thức đầy đủ của mọi quán,USDA SR28 / FoodData Central (proxy),không gắn mã riêng; đối chiếu theo thực phẩm tương đương,USDA SR28 Energ_Kcal (trên 100 g phần ăn được),"Squid, cooked",https://catalog.data.gov/dataset/composition-of-foods-raw-processed-prepared-usda-national-nutrient-database-for-standar-28,https://vietnam.travel/things-to-do/must-try-food-in-hanoi; https://vietnamtourism.vn/en/index.php/services/restaurants/search/19,cao,thap,"Không tính dầu chiên/sốt. Khối lượng phần ăn được, bỏ vỏ/xương; chuỗi có dấu gạch chéo là một lựa chọn/hỗn hợp. Khối lượng đạm được phân bổ lại theo ngân sách 160 g cho món có nhiều thành phần đạm.",2026-08-02
HN156,Lẩu nướng không khói,Mô hình ăn nhóm,1,thịt bò,Thịt bò chín,"Beef, cooked",thịt,chín,dam_chinh,có,thành phần được liệt kê,,có,70.6,250,176.5,527.9,33.4,ước tính biên tập; không phải công thức định lượng của từng quán,toàn bộ thành phần đặc trưng đã ghi trong CSV gốc; không phải công thức đầy đủ của mọi quán,Viện Dinh dưỡng Việt Nam / FAO (proxy),không gắn mã riêng; đối chiếu theo thực phẩm tương đương,NIN/FAO Energy kcal (trên 100 g phần ăn được),"Beef, cooked",https://viendinhduong.vn/en/cong-cu-va-tien-ich/nutritional-value-of-food; https://www.fao.org/fileadmin/templates/food_composition/documents/pdf/VTN_FCT_2007.pdf,https://vietnamtourism.vn/en/index.php/services/restaurants/search/19,trung_binh,thap,Giá trị đại diện phần cắt nạc-mỡ vừa. Khối lượng thịt bò chín/nhúng trong một suất. Khối lượng đạm được phân bổ lại theo ngân sách 200 g cho món có nhiều thành phần đạm.,2026-08-02
HN156,Lẩu nướng không khói,Mô hình ăn nhóm,2,thịt lợn,"Thịt lợn chín, nạc mỡ vừa","Pork, cooked, lean and fat",thịt,chín,dam_chinh,có,thành phần được liệt kê,,có,62.7,242,151.7,527.9,28.7,ước tính biên tập; không phải công thức định lượng của từng quán,toàn bộ thành phần đặc trưng đã ghi trong CSV gốc; không phải công thức đầy đủ của mọi quán,Viện Dinh dưỡng Việt Nam / FAO (proxy),không gắn mã riêng; đối chiếu theo thực phẩm tương đương,NIN/FAO Energy kcal (trên 100 g phần ăn được),"Pork, cooked, lean and fat",https://viendinhduong.vn/en/cong-cu-va-tien-ich/nutritional-value-of-food; https://www.fao.org/fileadmin/templates/food_composition/documents/pdf/VTN_FCT_2007.pdf,https://vietnamtourism.vn/en/index.php/services/restaurants/search/19,trung_binh,thap,Giá trị đại diện nhiều phần cắt. Khối lượng thịt lợn thành phẩm trong một suất. Khối lượng đạm được phân bổ lại theo ngân sách 200 g cho món có nhiều thành phần đạm.,2026-08-02
HN156,Lẩu nướng không khói,Mô hình ăn nhóm,3,hải sản,Hải sản hỗn hợp chín,"Mixed seafood, cooked",hải sản,chín,dam_hai_san_hoac_hon_hop,có,thành phần được liệt kê,,có,66.7,100,66.7,527.9,12.6,ước tính biên tập; không phải công thức định lượng của từng quán,toàn bộ thành phần đặc trưng đã ghi trong CSV gốc; không phải công thức đầy đủ của mọi quán,USDA SR28 / FoodData Central (proxy),không gắn mã riêng; đối chiếu theo thực phẩm tương đương,USDA SR28 Energ_Kcal (trên 100 g phần ăn được),"Mixed seafood, cooked",https://catalog.data.gov/dataset/composition-of-foods-raw-processed-prepared-usda-national-nutrient-database-for-standar-28,https://vietnamtourism.vn/en/index.php/services/restaurants/search/19,thap,thap,"Trung bình tôm, mực và nhuyễn thể nạc. Khối lượng phần ăn được, bỏ vỏ/xương; chuỗi có dấu gạch chéo là một lựa chọn/hỗn hợp. Khối lượng đạm được phân bổ lại theo ngân sách 200 g cho món có nhiều thành phần đạm.",2026-08-02
HN156,Lẩu nướng không khói,Mô hình ăn nhóm,4,rau,Rau hỗn hợp,Mixed vegetables,rau củ,tươi hoặc chín nhẹ,rau_an_kem,có,thành phần được liệt kê,,có,70,30,21,527.9,4,ước tính biên tập; không phải công thức định lượng của từng quán,toàn bộ thành phần đặc trưng đã ghi trong CSV gốc; không phải công thức đầy đủ của mọi quán,Viện Dinh dưỡng Việt Nam / FAO (proxy),không gắn mã riêng; đối chiếu theo thực phẩm tương đương,NIN/FAO Energy kcal (trên 100 g phần ăn được),Mixed vegetables,https://viendinhduong.vn/en/cong-cu-va-tien-ich/nutritional-value-of-food; https://www.fao.org/fileadmin/templates/food_composition/documents/pdf/VTN_FCT_2007.pdf,https://vietnamtourism.vn/en/index.php/services/restaurants/search/19,thap,thap,Tên chung; dùng trung bình rau ít tinh bột. Một nắm/đĩa rau ăn kèm cho một người; nếu là nguyên liệu đầu tiên của salad/nộm có thể nâng lên 120–150 g.,2026-08-02
HN156,Lẩu nướng không khói,Mô hình ăn nhóm,5,nước lẩu,Nước lẩu đã nấu,Prepared hot-pot broth,nước dùng,đã nấu,nuoc_dung,có,thành phần được liệt kê,,có,320,35,112,527.9,21.2,ước tính biên tập; không phải công thức định lượng của từng quán,toàn bộ thành phần đặc trưng đã ghi trong CSV gốc; không phải công thức đầy đủ của mọi quán,Viện Dinh dưỡng Việt Nam / FAO (proxy),không gắn mã riêng; đối chiếu theo thực phẩm tương đương,NIN/FAO Energy kcal (trên 100 g phần ăn được),Prepared hot-pot broth,https://viendinhduong.vn/en/cong-cu-va-tien-ich/nutritional-value-of-food; https://www.fao.org/fileadmin/templates/food_composition/documents/pdf/VTN_FCT_2007.pdf,https://vietnamtourism.vn/en/index.php/services/restaurants/search/19,thap,thap,"Phụ thuộc dầu, đường và cốt; không cộng trùng nguyên liệu con. Một tô/cốc nước dùng; với lẩu hiểu là lượng một người thực ăn.",2026-08-02
HN157,Bánh cốm,Quà Hà Nội,1,cốm,Cốm xanh,Green sticky rice flakes,ngũ cốc,"rang/dẹp, ẩm nhẹ",tinh_bot_chinh_kho,có,thành phần được liệt kê,,có,70,350,245,602.5,40.7,ước tính biên tập; không phải công thức định lượng của từng quán,toàn bộ thành phần đặc trưng đã ghi trong CSV gốc; không phải công thức đầy đủ của mọi quán,Viện Dinh dưỡng Việt Nam / FAO (proxy),không gắn mã riêng; đối chiếu theo thực phẩm tương đương,NIN/FAO Energy kcal (trên 100 g phần ăn được),Green sticky rice flakes,https://viendinhduong.vn/en/cong-cu-va-tien-ich/nutritional-value-of-food; https://www.fao.org/fileadmin/templates/food_composition/documents/pdf/VTN_FCT_2007.pdf,https://www.vietnam.travel/things-to-do/10-must-try-hanoi-dishes/,trung_binh,thap,Biến thiên theo độ ẩm và đường thêm. Lượng nguyên liệu nếp/cốm cho một phần bánh/quà.,2026-08-02
HN157,Bánh cốm,Quà Hà Nội,2,đậu xanh,Đậu xanh hạt khô,"Mung beans, dry",đậu,khô,nhan_ngot_dam_thuc_vat,có,thành phần được liệt kê,,có,45,347,156.2,602.5,25.9,ước tính biên tập; không phải công thức định lượng của từng quán,toàn bộ thành phần đặc trưng đã ghi trong CSV gốc; không phải công thức đầy đủ của mọi quán,Viện Dinh dưỡng Việt Nam / FAO (proxy),không gắn mã riêng; đối chiếu theo thực phẩm tương đương,NIN/FAO Energy kcal (trên 100 g phần ăn được),"Mung beans, dry",https://viendinhduong.vn/en/cong-cu-va-tien-ich/nutritional-value-of-food; https://www.fao.org/fileadmin/templates/food_composition/documents/pdf/VTN_FCT_2007.pdf,https://www.vietnam.travel/things-to-do/10-must-try-hanoi-dishes/,cao,thap,"Hạt khô; khi nấu kcal/100 g giảm do hút nước. Lượng nhân/hỗn hợp đậu trong một phần bánh/chè; dấu gạch chéo là biến thể, không phải cộng tất cả.",2026-08-02
HN157,Bánh cốm,Quà Hà Nội,3,đường,Đường trắng,Granulated sugar,đường/chất tạo ngọt,khô,chat_tao_ngot,có,thành phần được liệt kê,,có,20,387,77.4,602.5,12.8,ước tính biên tập; không phải công thức định lượng của từng quán,toàn bộ thành phần đặc trưng đã ghi trong CSV gốc; không phải công thức đầy đủ của mọi quán,USDA SR28 / FoodData Central (proxy),USDA SR28 NDB_No 19909,USDA SR28 Energ_Kcal (trên 100 g phần ăn được),"SWEETENERS,SUGAR SUB,GRANULATED,BROWN",https://catalog.data.gov/dataset/composition-of-foods-raw-processed-prepared-usda-national-nutrient-database-for-standar-28,https://www.vietnam.travel/things-to-do/10-must-try-hanoi-dishes/,cao,thap,Sucrose dạng hạt. Lượng chất tạo ngọt thực tế trong một phần; dấu gạch chéo là lựa chọn. Khớp gần với bản ghi USDA SR28; điểm khớp 100%.,2026-08-02
HN157,Bánh cốm,Quà Hà Nội,4,dừa,Cùi dừa già,"Coconut meat, mature, raw",trái cây/hạt dầu,tươi,dua_soi_topping,có,thành phần được liệt kê,,có,35,354,123.9,602.5,20.6,ước tính biên tập; không phải công thức định lượng của từng quán,toàn bộ thành phần đặc trưng đã ghi trong CSV gốc; không phải công thức đầy đủ của mọi quán,USDA SR28 / FoodData Central (proxy),không gắn mã riêng; đối chiếu theo thực phẩm tương đương,USDA SR28 Energ_Kcal (trên 100 g phần ăn được),"Coconut meat, mature, raw",https://catalog.data.gov/dataset/composition-of-foods-raw-processed-prepared-usda-national-nutrient-database-for-standar-28,https://www.vietnam.travel/things-to-do/10-must-try-hanoi-dishes/,cao,thap,Phần cùi ăn được. Cơm dừa nạo/sợi trong một phần chè/bánh.,2026-08-02
HN158,Cốm làng Vòng,Quà Hà Nội,1,nếp non,Nếp non/cốm,Young glutinous rice,ngũ cốc,"non, rang/dẹp",tinh_bot_chinh_kho,có,thành phần được liệt kê,,có,70,350,245,245,100,ước tính biên tập; không phải công thức định lượng của từng quán,toàn bộ thành phần đặc trưng đã ghi trong CSV gốc; không phải công thức đầy đủ của mọi quán,Viện Dinh dưỡng Việt Nam / FAO (proxy),không gắn mã riêng; đối chiếu theo thực phẩm tương đương,NIN/FAO Energy kcal (trên 100 g phần ăn được),Young glutinous rice,https://viendinhduong.vn/en/cong-cu-va-tien-ich/nutritional-value-of-food; https://www.fao.org/fileadmin/templates/food_composition/documents/pdf/VTN_FCT_2007.pdf,https://www.vietnam.travel/things-to-do/10-must-try-hanoi-dishes/,trung_binh,thap,Proxy từ cốm xanh; độ ẩm thay đổi. Lượng nguyên liệu nếp/cốm cho một phần bánh/quà.,2026-08-02
HN158,Cốm làng Vòng,Quà Hà Nội,2,lá sen/lá ráy,lá sen,Lotus or taro leaf wrapper,vật liệu gói,không ăn trực tiếp,vat_lieu_khong_an,không,lựa chọn mặc định,HN158-02,không,0,0,0,245,0,ước tính biên tập; không phải công thức định lượng của từng quán,toàn bộ thành phần đặc trưng đã ghi trong CSV gốc; không phải công thức đầy đủ của mọi quán,Viện Dinh dưỡng Việt Nam / FAO (proxy),không gắn mã riêng; đối chiếu theo thực phẩm tương đương,NIN/FAO Energy kcal (trên 100 g phần ăn được),Lotus or taro leaf wrapper,https://viendinhduong.vn/en/cong-cu-va-tien-ich/nutritional-value-of-food; https://www.fao.org/fileadmin/templates/food_composition/documents/pdf/VTN_FCT_2007.pdf,https://www.vietnam.travel/things-to-do/10-must-try-hanoi-dishes/,thap,thap,"Đặt 0 vì dùng để gói/ủ, không tính phần ăn. Tách từ cụm lựa chọn “lá sen/lá ráy”; dùng giá trị đại diện gần nhất. Khối lượng ăn được bằng 0; xương chỉ dùng nấu nước, lá và ống tre chỉ dùng gói/chứa. Năng lượng chiết xuất vào nước dùng không thể suy ra từ danh sách này. Không ăn trực tiếp; không cộng vào tổng kcal mặc định. Các lựa chọn cùng nhóm không dùng để cộng đồng thời.",2026-08-02
HN158,Cốm làng Vòng,Quà Hà Nội,3,lá sen/lá ráy,lá ráy,Lotus or taro leaf wrapper,vật liệu gói,không ăn trực tiếp,vat_lieu_khong_an,không,lựa chọn thay thế,HN158-02,không,0,0,0,245,0,ước tính biên tập; không phải công thức định lượng của từng quán,toàn bộ thành phần đặc trưng đã ghi trong CSV gốc; không phải công thức đầy đủ của mọi quán,Viện Dinh dưỡng Việt Nam / FAO (proxy),không gắn mã riêng; đối chiếu theo thực phẩm tương đương,NIN/FAO Energy kcal (trên 100 g phần ăn được),Lotus or taro leaf wrapper,https://viendinhduong.vn/en/cong-cu-va-tien-ich/nutritional-value-of-food; https://www.fao.org/fileadmin/templates/food_composition/documents/pdf/VTN_FCT_2007.pdf,https://www.vietnam.travel/things-to-do/10-must-try-hanoi-dishes/,thap,thap,"Đặt 0 vì dùng để gói/ủ, không tính phần ăn. Tách từ cụm lựa chọn “lá sen/lá ráy”; dùng giá trị đại diện gần nhất. Khối lượng ăn được bằng 0; xương chỉ dùng nấu nước, lá và ống tre chỉ dùng gói/chứa. Năng lượng chiết xuất vào nước dùng không thể suy ra từ danh sách này. Không ăn trực tiếp; không cộng vào tổng kcal mặc định. Các lựa chọn cùng nhóm không dùng để cộng đồng thời.",2026-08-02
HN159,Ô mai,Quà Hà Nội,1,mơ/mận/sấu,mơ,"Apricot, plum or dracontomelon",trái cây,tươi,trai_cay,có,lựa chọn mặc định,HN159-01,có,80,47,37.6,125.2,30,ước tính biên tập; không phải công thức định lượng của từng quán,toàn bộ thành phần đặc trưng đã ghi trong CSV gốc; không phải công thức đầy đủ của mọi quán,Viện Dinh dưỡng Việt Nam / FAO (proxy),không gắn mã riêng; đối chiếu theo thực phẩm tương đương,NIN/FAO Energy kcal (trên 100 g phần ăn được),"Apricot, plum or dracontomelon",https://viendinhduong.vn/en/cong-cu-va-tien-ich/nutritional-value-of-food; https://www.fao.org/fileadmin/templates/food_composition/documents/pdf/VTN_FCT_2007.pdf,https://www.vietnam.travel/things-to-do/10-must-try-hanoi-dishes/,thap,thap,Trung bình ba loại quả; đồ ngâm đường phải tính đường riêng. Tách từ cụm lựa chọn “mơ/mận/sấu”; dùng giá trị đại diện gần nhất. Phần trái cây ăn được; chuỗi có dấu gạch chéo là biến thể/lựa chọn. Các lựa chọn cùng nhóm không dùng để cộng đồng thời.,2026-08-02
HN159,Ô mai,Quà Hà Nội,2,mơ/mận/sấu,mận,"Apricot, plum or dracontomelon",trái cây,tươi,trai_cay,có,lựa chọn thay thế,HN159-01,không,80,47,37.6,125.2,0,ước tính biên tập; không phải công thức định lượng của từng quán,toàn bộ thành phần đặc trưng đã ghi trong CSV gốc; không phải công thức đầy đủ của mọi quán,Viện Dinh dưỡng Việt Nam / FAO (proxy),không gắn mã riêng; đối chiếu theo thực phẩm tương đương,NIN/FAO Energy kcal (trên 100 g phần ăn được),"Apricot, plum or dracontomelon",https://viendinhduong.vn/en/cong-cu-va-tien-ich/nutritional-value-of-food; https://www.fao.org/fileadmin/templates/food_composition/documents/pdf/VTN_FCT_2007.pdf,https://www.vietnam.travel/things-to-do/10-must-try-hanoi-dishes/,thap,thap,Trung bình ba loại quả; đồ ngâm đường phải tính đường riêng. Tách từ cụm lựa chọn “mơ/mận/sấu”; dùng giá trị đại diện gần nhất. Phần trái cây ăn được; chuỗi có dấu gạch chéo là biến thể/lựa chọn. Các lựa chọn cùng nhóm không dùng để cộng đồng thời.,2026-08-02
HN159,Ô mai,Quà Hà Nội,3,mơ/mận/sấu,Quả sấu tươi,"Dracontomelon fruit, raw",trái cây/gia vị,"tươi, phần thịt",trai_cay,có,lựa chọn thay thế,HN159-01,không,80,38,30.4,125.2,0,ước tính biên tập; không phải công thức định lượng của từng quán,toàn bộ thành phần đặc trưng đã ghi trong CSV gốc; không phải công thức đầy đủ của mọi quán,Viện Dinh dưỡng Việt Nam / FAO (proxy),không gắn mã riêng; đối chiếu theo thực phẩm tương đương,NIN/FAO Energy kcal (trên 100 g phần ăn được),"Dracontomelon fruit, raw",https://viendinhduong.vn/en/cong-cu-va-tien-ich/nutritional-value-of-food; https://www.fao.org/fileadmin/templates/food_composition/documents/pdf/VTN_FCT_2007.pdf,https://www.vietnam.travel/things-to-do/10-must-try-hanoi-dishes/,trung_binh,thap,Không tính hạt; sấu ngâm đường phải tính đường riêng. Phần trái cây ăn được; chuỗi có dấu gạch chéo là biến thể/lựa chọn. Các lựa chọn cùng nhóm không dùng để cộng đồng thời.,2026-08-02
HN159,Ô mai,Quà Hà Nội,4,đường,Đường trắng,Granulated sugar,đường/chất tạo ngọt,khô,chat_tao_ngot,có,thành phần được liệt kê,,có,20,387,77.4,125.2,61.8,ước tính biên tập; không phải công thức định lượng của từng quán,toàn bộ thành phần đặc trưng đã ghi trong CSV gốc; không phải công thức đầy đủ của mọi quán,USDA SR28 / FoodData Central (proxy),USDA SR28 NDB_No 19909,USDA SR28 Energ_Kcal (trên 100 g phần ăn được),"SWEETENERS,SUGAR SUB,GRANULATED,BROWN",https://catalog.data.gov/dataset/composition-of-foods-raw-processed-prepared-usda-national-nutrient-database-for-standar-28,https://www.vietnam.travel/things-to-do/10-must-try-hanoi-dishes/,cao,thap,Sucrose dạng hạt. Lượng chất tạo ngọt thực tế trong một phần; dấu gạch chéo là lựa chọn. Khớp gần với bản ghi USDA SR28; điểm khớp 100%.,2026-08-02
HN159,Ô mai,Quà Hà Nội,5,muối,Muối ăn,Table salt,gia vị khoáng,khô,gia_vi,có,thành phần được liệt kê,,có,2,0,0,125.2,0,ước tính biên tập; không phải công thức định lượng của từng quán,toàn bộ thành phần đặc trưng đã ghi trong CSV gốc; không phải công thức đầy đủ của mọi quán,USDA SR28 / FoodData Central (proxy),USDA SR28 NDB_No 02047,USDA SR28 Energ_Kcal (trên 100 g phần ăn được),"SALT,TABLE",https://catalog.data.gov/dataset/composition-of-foods-raw-processed-prepared-usda-national-nutrient-database-for-standar-28,https://www.vietnam.travel/things-to-do/10-must-try-hanoi-dishes/,cao,thap,"Khoáng chất, không cung cấp năng lượng. Lượng gia vị ước tính được ăn trong một suất. Khớp gần với bản ghi USDA SR28; điểm khớp 100%.",2026-08-02
HN159,Ô mai,Quà Hà Nội,6,gừng,Gừng tươi,"Ginger root, raw",gia vị,"tươi, sống",gia_vi_tuoi,có,thành phần được liệt kê,,có,8,80,6.4,125.2,5.1,ước tính biên tập; không phải công thức định lượng của từng quán,toàn bộ thành phần đặc trưng đã ghi trong CSV gốc; không phải công thức đầy đủ của mọi quán,USDA SR28 / FoodData Central (proxy),USDA SR28 NDB_No 11216,USDA SR28 Energ_Kcal (trên 100 g phần ăn được),"GINGER ROOT,RAW",https://catalog.data.gov/dataset/composition-of-foods-raw-processed-prepared-usda-national-nutrient-database-for-standar-28,https://www.vietnam.travel/things-to-do/10-must-try-hanoi-dishes/,cao,thap,Gừng củ tươi. Lượng gia vị tươi ước/nấu trong một suất; không nhất thiết ăn hết phần xác. Khớp gần với bản ghi USDA SR28; điểm khớp 100%.,2026-08-02
HN159,Ô mai,Quà Hà Nội,7,cam thảo,Cam thảo khô,"Licorice root, dried",gia vị/dược liệu,"khô, thường ngâm rồi bỏ",gia_vi_kho_manh,có,thành phần được liệt kê,,có,1,375,3.8,125.2,3,ước tính biên tập; không phải công thức định lượng của từng quán,toàn bộ thành phần đặc trưng đã ghi trong CSV gốc; không phải công thức đầy đủ của mọi quán,USDA SR28 / FoodData Central (proxy),không gắn mã riêng; đối chiếu theo thực phẩm tương đương,USDA SR28 Energ_Kcal (trên 100 g phần ăn được),"Licorice root, dried",https://catalog.data.gov/dataset/composition-of-foods-raw-processed-prepared-usda-national-nutrient-database-for-standar-28,https://www.vietnam.travel/things-to-do/10-must-try-hanoi-dishes/,thap,thap,Proxy rễ cam thảo khô; phần tiêu thụ thực tế rất nhỏ. Lượng gia vị khô quy đổi; nhiều loại chỉ chiết hương và không ăn phần xác.,2026-08-02
HN160,Bánh đúc nóng,Quà nóng Hà Nội,1,bột gạo,Bột gạo tẻ,Rice flour,bột/ngũ cốc,khô,tinh_bot_chinh_kho,có,thành phần được liệt kê,,có,65,366,237.9,742.3,32,ước tính biên tập; không phải công thức định lượng của từng quán,toàn bộ thành phần đặc trưng đã ghi trong CSV gốc; không phải công thức đầy đủ của mọi quán,Viện Dinh dưỡng Việt Nam / FAO (proxy),không gắn mã riêng; đối chiếu theo thực phẩm tương đương,NIN/FAO Energy kcal (trên 100 g phần ăn được),Rice flour,https://viendinhduong.vn/en/cong-cu-va-tien-ich/nutritional-value-of-food; https://www.fao.org/fileadmin/templates/food_composition/documents/pdf/VTN_FCT_2007.pdf,https://vietnam.travel/node/1560,cao,thap,Bột gạo trắng khô. Lượng bột khô trong vỏ/bánh cho một suất; calo tra theo bột khô.,2026-08-02
HN160,Bánh đúc nóng,Quà nóng Hà Nội,2,bột năng,Tinh bột sắn,Tapioca starch,tinh bột,khô,tinh_bot_chinh_kho,có,thành phần được liệt kê,,có,65,358,232.7,742.3,31.3,ước tính biên tập; không phải công thức định lượng của từng quán,toàn bộ thành phần đặc trưng đã ghi trong CSV gốc; không phải công thức đầy đủ của mọi quán,USDA SR28 / FoodData Central (proxy),USDA SR28 NDB_No 28337,USDA SR28 Energ_Kcal (trên 100 g phần ăn được),"BREAD,GLUTEN-FREE,RICE FLOUR,CORN STARCH,AND/OR TAPIOCA",https://catalog.data.gov/dataset/composition-of-foods-raw-processed-prepared-usda-national-nutrient-database-for-standar-28,https://vietnam.travel/node/1560,cao,thap,Tinh bột sắn khô. Lượng bột khô trong vỏ/bánh cho một suất; calo tra theo bột khô. Khớp gần với bản ghi USDA SR28; điểm khớp 100%.,2026-08-02
HN160,Bánh đúc nóng,Quà nóng Hà Nội,3,thịt băm,Thịt lợn băm chín,"Ground pork, cooked",thịt,chín,dam_chinh_hoac_nhan,có,thành phần được liệt kê,,có,70,297,207.9,742.3,28,ước tính biên tập; không phải công thức định lượng của từng quán,toàn bộ thành phần đặc trưng đã ghi trong CSV gốc; không phải công thức đầy đủ của mọi quán,Viện Dinh dưỡng Việt Nam / FAO (proxy),không gắn mã riêng; đối chiếu theo thực phẩm tương đương,NIN/FAO Energy kcal (trên 100 g phần ăn được),"Ground pork, cooked",https://viendinhduong.vn/en/cong-cu-va-tien-ich/nutritional-value-of-food; https://www.fao.org/fileadmin/templates/food_composition/documents/pdf/VTN_FCT_2007.pdf,https://vietnam.travel/node/1560,trung_binh,thap,Giả định thịt lợn băm độ béo vừa. Thịt chín dùng làm nhân/topping; nếu là nguyên liệu đầu tiên của món có thể nâng lên 90 g.,2026-08-02
HN160,Bánh đúc nóng,Quà nóng Hà Nội,4,mộc nhĩ,Mộc nhĩ ngâm nở,"Wood ear mushroom, rehydrated",nấm,ngâm nở,nam_rau_phu,có,thành phần được liệt kê,,có,35,25,8.8,742.3,1.2,ước tính biên tập; không phải công thức định lượng của từng quán,toàn bộ thành phần đặc trưng đã ghi trong CSV gốc; không phải công thức đầy đủ của mọi quán,Viện Dinh dưỡng Việt Nam / FAO (proxy),không gắn mã riêng; đối chiếu theo thực phẩm tương đương,NIN/FAO Energy kcal (trên 100 g phần ăn được),"Wood ear mushroom, rehydrated",https://viendinhduong.vn/en/cong-cu-va-tien-ich/nutritional-value-of-food; https://www.fao.org/fileadmin/templates/food_composition/documents/pdf/VTN_FCT_2007.pdf,https://vietnam.travel/node/1560,trung_binh,thap,Không dùng giá trị mộc nhĩ khô. Khối lượng nấm/mộc nhĩ sau ngâm hoặc nấu trong một suất.,2026-08-02
HN160,Bánh đúc nóng,Quà nóng Hà Nội,5,hành phi,Hành phi,Fried shallots,gia vị chiên,chiên giòn,topping_thom_beo,có,thành phần được liệt kê,,có,10,550,55,742.3,7.4,ước tính biên tập; không phải công thức định lượng của từng quán,toàn bộ thành phần đặc trưng đã ghi trong CSV gốc; không phải công thức đầy đủ của mọi quán,Viện Dinh dưỡng Việt Nam / FAO (proxy),không gắn mã riêng; đối chiếu theo thực phẩm tương đương,NIN/FAO Energy kcal (trên 100 g phần ăn được),Fried shallots,https://viendinhduong.vn/en/cong-cu-va-tien-ich/nutritional-value-of-food; https://www.fao.org/fileadmin/templates/food_composition/documents/pdf/VTN_FCT_2007.pdf,https://vietnam.travel/node/1560,thap,thap,Phụ thuộc lượng dầu hấp thụ. Một thìa hành phi rắc mặt.,2026-08-02
HN161,Bánh đúc lạc,Quà quê miền Bắc,1,bột gạo,Bột gạo tẻ,Rice flour,bột/ngũ cốc,khô,tinh_bot_chinh_kho,có,thành phần được liệt kê,,có,65,366,237.9,341,69.8,ước tính biên tập; không phải công thức định lượng của từng quán,toàn bộ thành phần đặc trưng đã ghi trong CSV gốc; không phải công thức đầy đủ của mọi quán,Viện Dinh dưỡng Việt Nam / FAO (proxy),không gắn mã riêng; đối chiếu theo thực phẩm tương đương,NIN/FAO Energy kcal (trên 100 g phần ăn được),Rice flour,https://viendinhduong.vn/en/cong-cu-va-tien-ich/nutritional-value-of-food; https://www.fao.org/fileadmin/templates/food_composition/documents/pdf/VTN_FCT_2007.pdf,https://vietnam.travel/things-to-do/vietnam-foodie-guide-region,cao,thap,Bột gạo trắng khô. Lượng bột khô trong vỏ/bánh cho một suất; calo tra theo bột khô.,2026-08-02
HN161,Bánh đúc lạc,Quà quê miền Bắc,2,lạc,Lạc nhân,Peanuts,hạt/đậu,khô hoặc rang,hat_beo_topping,có,thành phần được liệt kê,,có,15,567,85.1,341,25,ước tính biên tập; không phải công thức định lượng của từng quán,toàn bộ thành phần đặc trưng đã ghi trong CSV gốc; không phải công thức đầy đủ của mọi quán,Viện Dinh dưỡng Việt Nam / FAO (proxy),không gắn mã riêng; đối chiếu theo thực phẩm tương đương,NIN/FAO Energy kcal (trên 100 g phần ăn được),Peanuts,https://viendinhduong.vn/en/cong-cu-va-tien-ich/nutritional-value-of-food; https://www.fao.org/fileadmin/templates/food_composition/documents/pdf/VTN_FCT_2007.pdf,https://vietnam.travel/things-to-do/vietnam-foodie-guide-region,cao,thap,"Nhân lạc ăn được, không vỏ. Một nhúm hạt/lạc/vừng làm topping.",2026-08-02
HN161,Bánh đúc lạc,Quà quê miền Bắc,3,nước vôi trong,Nước vôi trong thực phẩm,Food-grade limewater,phụ gia khoáng,dung dịch,phu_gia_che_bien_khong_tinh_calo,không,thành phần được liệt kê,,không,0,0,0,341,0,ước tính biên tập; không phải công thức định lượng của từng quán,toàn bộ thành phần đặc trưng đã ghi trong CSV gốc; không phải công thức đầy đủ của mọi quán,Viện Dinh dưỡng Việt Nam / FAO (proxy),không gắn mã riêng; đối chiếu theo thực phẩm tương đương,NIN/FAO Energy kcal (trên 100 g phần ăn được),Food-grade limewater,https://viendinhduong.vn/en/cong-cu-va-tien-ich/nutritional-value-of-food; https://www.fao.org/fileadmin/templates/food_composition/documents/pdf/VTN_FCT_2007.pdf,https://vietnam.travel/things-to-do/vietnam-foodie-guide-region,cao,thap,"Không cung cấp năng lượng; dùng lượng nhỏ và thường rửa/để ráo. Nước ngâm hỗ trợ kết cấu, không coi là phần ăn được và không tính calo. Không ăn trực tiếp; không cộng vào tổng kcal mặc định.",2026-08-02
HN161,Bánh đúc lạc,Quà quê miền Bắc,4,tương,Tương đậu lên men,Fermented soybean sauce,gia vị/nước chấm,lên men,nuoc_cham_gia_vi_long,có,thành phần được liệt kê,,có,15,120,18,341,5.3,ước tính biên tập; không phải công thức định lượng của từng quán,toàn bộ thành phần đặc trưng đã ghi trong CSV gốc; không phải công thức đầy đủ của mọi quán,Viện Dinh dưỡng Việt Nam / FAO (proxy),không gắn mã riêng; đối chiếu theo thực phẩm tương đương,NIN/FAO Energy kcal (trên 100 g phần ăn được),Fermented soybean sauce,https://viendinhduong.vn/en/cong-cu-va-tien-ich/nutritional-value-of-food; https://www.fao.org/fileadmin/templates/food_composition/documents/pdf/VTN_FCT_2007.pdf,https://vietnam.travel/things-to-do/vietnam-foodie-guide-region,thap,thap,"Tên chung; đường và độ cô đặc thay đổi. Lượng nước chấm/gia vị lỏng thực ăn trong một suất, không phải toàn bộ bát chấm.",2026-08-02
HN162,Sấu dầm,Quà vặt Hà Nội,1,sấu,Quả sấu tươi,"Dracontomelon fruit, raw",trái cây/gia vị,"tươi, phần thịt",qua_tao_chua,có,thành phần được liệt kê,,có,20,38,7.6,92.2,8.2,ước tính biên tập; không phải công thức định lượng của từng quán,toàn bộ thành phần đặc trưng đã ghi trong CSV gốc; không phải công thức đầy đủ của mọi quán,Viện Dinh dưỡng Việt Nam / FAO (proxy),không gắn mã riêng; đối chiếu theo thực phẩm tương đương,NIN/FAO Energy kcal (trên 100 g phần ăn được),"Dracontomelon fruit, raw",https://viendinhduong.vn/en/cong-cu-va-tien-ich/nutritional-value-of-food; https://www.fao.org/fileadmin/templates/food_composition/documents/pdf/VTN_FCT_2007.pdf,https://www.vietnam.travel/things-to-do/10-must-try-hanoi-dishes/,trung_binh,thap,Không tính hạt; sấu ngâm đường phải tính đường riêng. Khối lượng phần nước/thịt quả dùng để tạo vị; không tính vỏ/hạt.,2026-08-02
HN162,Sấu dầm,Quà vặt Hà Nội,2,đường,Đường trắng,Granulated sugar,đường/chất tạo ngọt,khô,chat_tao_ngot,có,thành phần được liệt kê,,có,20,387,77.4,92.2,83.9,ước tính biên tập; không phải công thức định lượng của từng quán,toàn bộ thành phần đặc trưng đã ghi trong CSV gốc; không phải công thức đầy đủ của mọi quán,USDA SR28 / FoodData Central (proxy),USDA SR28 NDB_No 19909,USDA SR28 Energ_Kcal (trên 100 g phần ăn được),"SWEETENERS,SUGAR SUB,GRANULATED,BROWN",https://catalog.data.gov/dataset/composition-of-foods-raw-processed-prepared-usda-national-nutrient-database-for-standar-28,https://www.vietnam.travel/things-to-do/10-must-try-hanoi-dishes/,cao,thap,Sucrose dạng hạt. Lượng chất tạo ngọt thực tế trong một phần; dấu gạch chéo là lựa chọn. Khớp gần với bản ghi USDA SR28; điểm khớp 100%.,2026-08-02
HN162,Sấu dầm,Quà vặt Hà Nội,3,muối,Muối ăn,Table salt,gia vị khoáng,khô,gia_vi,có,thành phần được liệt kê,,có,2,0,0,92.2,0,ước tính biên tập; không phải công thức định lượng của từng quán,toàn bộ thành phần đặc trưng đã ghi trong CSV gốc; không phải công thức đầy đủ của mọi quán,USDA SR28 / FoodData Central (proxy),USDA SR28 NDB_No 02047,USDA SR28 Energ_Kcal (trên 100 g phần ăn được),"SALT,TABLE",https://catalog.data.gov/dataset/composition-of-foods-raw-processed-prepared-usda-national-nutrient-database-for-standar-28,https://www.vietnam.travel/things-to-do/10-must-try-hanoi-dishes/,cao,thap,"Khoáng chất, không cung cấp năng lượng. Lượng gia vị ước tính được ăn trong một suất. Khớp gần với bản ghi USDA SR28; điểm khớp 100%.",2026-08-02
HN162,Sấu dầm,Quà vặt Hà Nội,4,ớt,Ớt tươi,"Chili pepper, raw",gia vị/rau quả,"tươi, sống",gia_vi,có,thành phần được liệt kê,,có,2,40,0.8,92.2,0.9,ước tính biên tập; không phải công thức định lượng của từng quán,toàn bộ thành phần đặc trưng đã ghi trong CSV gốc; không phải công thức đầy đủ của mọi quán,USDA SR28 / FoodData Central (proxy),không gắn mã riêng; đối chiếu theo thực phẩm tương đương,USDA SR28 Energ_Kcal (trên 100 g phần ăn được),"Chili pepper, raw",https://catalog.data.gov/dataset/composition-of-foods-raw-processed-prepared-usda-national-nutrient-database-for-standar-28,https://www.vietnam.travel/things-to-do/10-must-try-hanoi-dishes/,cao,thap,Ớt đỏ tươi đại diện. Lượng gia vị ước tính được ăn trong một suất.,2026-08-02
HN162,Sấu dầm,Quà vặt Hà Nội,5,gừng,Gừng tươi,"Ginger root, raw",gia vị,"tươi, sống",gia_vi_tuoi,có,thành phần được liệt kê,,có,8,80,6.4,92.2,6.9,ước tính biên tập; không phải công thức định lượng của từng quán,toàn bộ thành phần đặc trưng đã ghi trong CSV gốc; không phải công thức đầy đủ của mọi quán,USDA SR28 / FoodData Central (proxy),USDA SR28 NDB_No 11216,USDA SR28 Energ_Kcal (trên 100 g phần ăn được),"GINGER ROOT,RAW",https://catalog.data.gov/dataset/composition-of-foods-raw-processed-prepared-usda-national-nutrient-database-for-standar-28,https://www.vietnam.travel/things-to-do/10-must-try-hanoi-dishes/,cao,thap,Gừng củ tươi. Lượng gia vị tươi ước/nấu trong một suất; không nhất thiết ăn hết phần xác. Khớp gần với bản ghi USDA SR28; điểm khớp 100%.,2026-08-02
HN163,Salad Caesar,Salad quốc tế,1,xà lách romaine,Xà lách romaine,"Romaine lettuce, raw",rau lá,"tươi, sống",rau_chinh_hoac_an_kem,có,thành phần được liệt kê,,có,60,17,10.2,595.4,1.7,ước tính biên tập; không phải công thức định lượng của từng quán,toàn bộ thành phần đặc trưng đã ghi trong CSV gốc; không phải công thức đầy đủ của mọi quán,USDA SR28 / FoodData Central (proxy),USDA SR28 NDB_No 11251,USDA SR28 Energ_Kcal (trên 100 g phần ăn được),"LETTUCE,COS OR ROMAINE,RAW",https://catalog.data.gov/dataset/composition-of-foods-raw-processed-prepared-usda-national-nutrient-database-for-standar-28,https://vietnam.travel/things-to-do/must-try-food-in-hanoi; https://vietnamtourism.vn/en/index.php/services/restaurants/search/19,cao,thap,Lá ăn được. Khối lượng rau ăn được trong một suất. Khớp gần với bản ghi USDA SR28; điểm khớp 100%.,2026-08-02
HN163,Salad Caesar,Salad quốc tế,2,parmesan,Phô mai Parmesan,Parmesan cheese,sữa/phô mai,ủ chín,sua_dam_beo,có,thành phần được liệt kê,,có,30,431,129.3,595.4,21.7,ước tính biên tập; không phải công thức định lượng của từng quán,toàn bộ thành phần đặc trưng đã ghi trong CSV gốc; không phải công thức đầy đủ của mọi quán,USDA SR28 / FoodData Central (proxy),USDA SR28 NDB_No 01032,USDA SR28 Energ_Kcal (trên 100 g phần ăn được),"CHEESE,PARMESAN,GRATED",https://catalog.data.gov/dataset/composition-of-foods-raw-processed-prepared-usda-national-nutrient-database-for-standar-28,https://vietnam.travel/things-to-do/must-try-food-in-hanoi; https://vietnamtourism.vn/en/index.php/services/restaurants/search/19,cao,thap,Parmesan cứng bào. Phần phô mai trong một suất; chuỗi kết hợp được coi là topping nhỏ. Khớp gần với bản ghi USDA SR28; điểm khớp 100%.,2026-08-02
HN163,Salad Caesar,Salad quốc tế,3,crouton,Bánh mì crouton,Croutons,bánh mì,nướng/chiên khô,tinh_bot_gion_an_kem,có,thành phần được liệt kê,,có,20,407,81.4,595.4,13.7,ước tính biên tập; không phải công thức định lượng của từng quán,toàn bộ thành phần đặc trưng đã ghi trong CSV gốc; không phải công thức đầy đủ của mọi quán,USDA SR28 / FoodData Central (proxy),USDA SR28 NDB_No 18242,USDA SR28 Energ_Kcal (trên 100 g phần ăn được),"CROUTONS,PLAIN",https://catalog.data.gov/dataset/composition-of-foods-raw-processed-prepared-usda-national-nutrient-database-for-standar-28,https://vietnam.travel/things-to-do/must-try-food-in-hanoi; https://vietnamtourism.vn/en/index.php/services/restaurants/search/19,trung_binh,thap,Biến thiên theo dầu/bơ. Phần topping tinh bột giòn trong một suất. Khớp gần với bản ghi USDA SR28; điểm khớp 100%.,2026-08-02
HN163,Salad Caesar,Salad quốc tế,4,sốt Caesar,Sốt Caesar,Caesar dressing,nước sốt,chế biến sẵn,sot_nuoc_cham,có,thành phần được liệt kê,,có,25,542,135.5,595.4,22.8,ước tính biên tập; không phải công thức định lượng của từng quán,toàn bộ thành phần đặc trưng đã ghi trong CSV gốc; không phải công thức đầy đủ của mọi quán,USDA SR28 / FoodData Central (proxy),không gắn mã riêng; đối chiếu theo thực phẩm tương đương,USDA SR28 Energ_Kcal (trên 100 g phần ăn được),Caesar dressing,https://catalog.data.gov/dataset/composition-of-foods-raw-processed-prepared-usda-national-nutrient-database-for-standar-28,https://vietnam.travel/things-to-do/must-try-food-in-hanoi; https://vietnamtourism.vn/en/index.php/services/restaurants/search/19,trung_binh,thap,Loại toàn béo; sản phẩm ít béo thấp hơn nhiều. Lượng sốt/nước chấm bám và được ăn trong một suất.,2026-08-02
HN163,Salad Caesar,Salad quốc tế,5,gà tùy chọn,"Thịt gà chín, tùy chọn",Optional cooked chicken,thịt gia cầm,chín,dam_chinh,có,thành phần được liệt kê,,có,100,239,239,595.4,40.1,ước tính biên tập; không phải công thức định lượng của từng quán,toàn bộ thành phần đặc trưng đã ghi trong CSV gốc; không phải công thức đầy đủ của mọi quán,Viện Dinh dưỡng Việt Nam / FAO (proxy),không gắn mã riêng; đối chiếu theo thực phẩm tương đương,NIN/FAO Energy kcal (trên 100 g phần ăn được),Optional cooked chicken,https://viendinhduong.vn/en/cong-cu-va-tien-ich/nutritional-value-of-food; https://www.fao.org/fileadmin/templates/food_composition/documents/pdf/VTN_FCT_2007.pdf,https://vietnam.travel/things-to-do/must-try-food-in-hanoi; https://vietnamtourism.vn/en/index.php/services/restaurants/search/19,trung_binh,thap,Dùng khi công thức có thêm gà; phần cắt và da ảnh hưởng kcal. Khối lượng thịt chín ăn được trong một suất; gà tùy chọn chỉ tính khi thực sự thêm.,2026-08-02
HN164,Xôi gà,Xôi,1,gạo nếp,Gạo nếp,"Glutinous rice, dry",ngũ cốc,"khô, chưa nấu",tinh_bot_chinh_kho,có,thành phần được liệt kê,,có,90,370,333,672.2,49.5,ước tính biên tập; không phải công thức định lượng của từng quán,toàn bộ thành phần đặc trưng đã ghi trong CSV gốc; không phải công thức đầy đủ của mọi quán,Viện Dinh dưỡng Việt Nam / FAO (proxy),không gắn mã riêng; đối chiếu theo thực phẩm tương đương,NIN/FAO Energy kcal (trên 100 g phần ăn được),"Glutinous rice, dry",https://viendinhduong.vn/en/cong-cu-va-tien-ich/nutritional-value-of-food; https://www.fao.org/fileadmin/templates/food_composition/documents/pdf/VTN_FCT_2007.pdf,https://vietnam.travel/things-to-do/vietnam-foodie-guide-region,cao,thap,Gạo nếp khô. Gạo nếp khô cho một suất xôi/cơm lam; cho nở thành khoảng 180–220 g chín.,2026-08-02
HN164,Xôi gà,Xôi,2,gà,Thịt gà chín,"Chicken meat, cooked",thịt gia cầm,"chín, thịt và da đại diện",dam_chinh,có,thành phần được liệt kê,,có,100,239,239,672.2,35.6,ước tính biên tập; không phải công thức định lượng của từng quán,toàn bộ thành phần đặc trưng đã ghi trong CSV gốc; không phải công thức đầy đủ của mọi quán,Viện Dinh dưỡng Việt Nam / FAO (proxy),không gắn mã riêng; đối chiếu theo thực phẩm tương đương,NIN/FAO Energy kcal (trên 100 g phần ăn được),"Chicken meat, cooked",https://viendinhduong.vn/en/cong-cu-va-tien-ich/nutritional-value-of-food; https://www.fao.org/fileadmin/templates/food_composition/documents/pdf/VTN_FCT_2007.pdf,https://vietnam.travel/things-to-do/vietnam-foodie-guide-region,trung_binh,thap,Biến thiên theo phần cắt và có da hay không. Khối lượng thịt chín ăn được trong một suất; gà tùy chọn chỉ tính khi thực sự thêm.,2026-08-02
HN164,Xôi gà,Xôi,3,hành phi,Hành phi,Fried shallots,gia vị chiên,chiên giòn,topping_thom_beo,có,thành phần được liệt kê,,có,10,550,55,672.2,8.2,ước tính biên tập; không phải công thức định lượng của từng quán,toàn bộ thành phần đặc trưng đã ghi trong CSV gốc; không phải công thức đầy đủ của mọi quán,Viện Dinh dưỡng Việt Nam / FAO (proxy),không gắn mã riêng; đối chiếu theo thực phẩm tương đương,NIN/FAO Energy kcal (trên 100 g phần ăn được),Fried shallots,https://viendinhduong.vn/en/cong-cu-va-tien-ich/nutritional-value-of-food; https://www.fao.org/fileadmin/templates/food_composition/documents/pdf/VTN_FCT_2007.pdf,https://vietnam.travel/things-to-do/vietnam-foodie-guide-region,thap,thap,Phụ thuộc lượng dầu hấp thụ. Một thìa hành phi rắc mặt.,2026-08-02
HN164,Xôi gà,Xôi,4,nấm,Nấm tươi hỗn hợp,"Mushrooms, raw",nấm,tươi,nam_rau_phu,có,thành phần được liệt kê,,có,35,22,7.7,672.2,1.1,ước tính biên tập; không phải công thức định lượng của từng quán,toàn bộ thành phần đặc trưng đã ghi trong CSV gốc; không phải công thức đầy đủ của mọi quán,USDA SR28 / FoodData Central (proxy),USDA SR28 NDB_No 11238,USDA SR28 Energ_Kcal (trên 100 g phần ăn được),"MUSHROOMS,SHIITAKE,RAW",https://catalog.data.gov/dataset/composition-of-foods-raw-processed-prepared-usda-national-nutrient-database-for-standar-28,https://vietnam.travel/things-to-do/vietnam-foodie-guide-region,trung_binh,thap,Nấm nút/nấm tươi đại diện. Khối lượng nấm/mộc nhĩ sau ngâm hoặc nấu trong một suất. Khớp gần với bản ghi USDA SR28; điểm khớp 100%.,2026-08-02
HN164,Xôi gà,Xôi,5,sốt,Nước sốt tổng hợp,"Prepared sauce, generic",nước sốt,chế biến sẵn,sot_nuoc_cham,có,thành phần được liệt kê,,có,25,150,37.5,672.2,5.6,ước tính biên tập; không phải công thức định lượng của từng quán,toàn bộ thành phần đặc trưng đã ghi trong CSV gốc; không phải công thức đầy đủ của mọi quán,USDA SR28 / FoodData Central (proxy),USDA SR28 NDB_No 06151,USDA SR28 Energ_Kcal (trên 100 g phần ăn được),"SAUCE,PLUM,READY-TO-SERVE",https://catalog.data.gov/dataset/composition-of-foods-raw-processed-prepared-usda-national-nutrient-database-for-standar-28,https://vietnam.travel/things-to-do/vietnam-foodie-guide-region,thap,thap,Tên quá rộng; dùng giá trị sốt mặn-ngọt trung bình. Lượng sốt/nước chấm bám và được ăn trong một suất. Khớp gần với bản ghi USDA SR28; điểm khớp 104%.,2026-08-02
HN165,Xôi mặn,Xôi,1,gạo nếp,Gạo nếp,"Glutinous rice, dry",ngũ cốc,"khô, chưa nấu",tinh_bot_chinh_kho,có,thành phần được liệt kê,,có,90,370,333,848.8,39.2,ước tính biên tập; không phải công thức định lượng của từng quán,toàn bộ thành phần đặc trưng đã ghi trong CSV gốc; không phải công thức đầy đủ của mọi quán,Viện Dinh dưỡng Việt Nam / FAO (proxy),không gắn mã riêng; đối chiếu theo thực phẩm tương đương,NIN/FAO Energy kcal (trên 100 g phần ăn được),"Glutinous rice, dry",https://viendinhduong.vn/en/cong-cu-va-tien-ich/nutritional-value-of-food; https://www.fao.org/fileadmin/templates/food_composition/documents/pdf/VTN_FCT_2007.pdf,https://vietnam.travel/things-to-do/vietnam-foodie-guide-region,cao,thap,Gạo nếp khô. Gạo nếp khô cho một suất xôi/cơm lam; cho nở thành khoảng 180–220 g chín.,2026-08-02
HN165,Xôi mặn,Xôi,2,chả,Chả thịt chế biến,"Vietnamese meat patty, generic",thịt chế biến,chín,dam_che_bien,có,thành phần được liệt kê,,có,44,250,110,848.8,13,ước tính biên tập; không phải công thức định lượng của từng quán,toàn bộ thành phần đặc trưng đã ghi trong CSV gốc; không phải công thức đầy đủ của mọi quán,Viện Dinh dưỡng Việt Nam / FAO (proxy),không gắn mã riêng; đối chiếu theo thực phẩm tương đương,NIN/FAO Energy kcal (trên 100 g phần ăn được),"Vietnamese meat patty, generic",https://viendinhduong.vn/en/cong-cu-va-tien-ich/nutritional-value-of-food; https://www.fao.org/fileadmin/templates/food_composition/documents/pdf/VTN_FCT_2007.pdf,https://vietnam.travel/things-to-do/vietnam-foodie-guide-region,thap,thap,"Tên chung, có thể là chả lợn, cá hoặc gia cầm. Một phần chả/giò ăn kèm; giò sống được hiểu là khối lượng sau nấu gần tương đương. Khối lượng đạm được phân bổ lại theo ngân sách 160 g cho món có nhiều thành phần đạm.",2026-08-02
HN165,Xôi mặn,Xôi,3,thịt,Thịt chín tổng hợp,"Cooked meat, generic",thịt,chín,dam_chinh_hoac_nhan,có,thành phần được liệt kê,,có,56,250,140,848.8,16.5,ước tính biên tập; không phải công thức định lượng của từng quán,toàn bộ thành phần đặc trưng đã ghi trong CSV gốc; không phải công thức đầy đủ của mọi quán,Viện Dinh dưỡng Việt Nam / FAO (proxy),không gắn mã riêng; đối chiếu theo thực phẩm tương đương,NIN/FAO Energy kcal (trên 100 g phần ăn được),"Cooked meat, generic",https://viendinhduong.vn/en/cong-cu-va-tien-ich/nutritional-value-of-food; https://www.fao.org/fileadmin/templates/food_composition/documents/pdf/VTN_FCT_2007.pdf,https://vietnam.travel/things-to-do/vietnam-foodie-guide-region,thap,thap,Tên chung; giá trị trung bình thịt nạc-mỡ vừa. Thịt chín dùng làm nhân/topping; nếu là nguyên liệu đầu tiên của món có thể nâng lên 90 g. Khối lượng đạm được phân bổ lại theo ngân sách 160 g cho món có nhiều thành phần đạm.,2026-08-02
HN165,Xôi mặn,Xôi,4,ruốc,Ruốc thịt lợn,Pork floss,thịt chế biến,sấy/rang khô,dam_topping,có,thành phần được liệt kê,,có,24,400,96,848.8,11.3,ước tính biên tập; không phải công thức định lượng của từng quán,toàn bộ thành phần đặc trưng đã ghi trong CSV gốc; không phải công thức đầy đủ của mọi quán,Viện Dinh dưỡng Việt Nam / FAO (proxy),không gắn mã riêng; đối chiếu theo thực phẩm tương đương,NIN/FAO Energy kcal (trên 100 g phần ăn được),Pork floss,https://viendinhduong.vn/en/cong-cu-va-tien-ich/nutritional-value-of-food; https://www.fao.org/fileadmin/templates/food_composition/documents/pdf/VTN_FCT_2007.pdf,https://vietnam.travel/things-to-do/vietnam-foodie-guide-region,thap,thap,"Biến thiên theo đường, dầu và độ khô. Topping đạm mặn/khô trong một suất. Khối lượng đạm được phân bổ lại theo ngân sách 160 g cho món có nhiều thành phần đạm.",2026-08-02
HN165,Xôi mặn,Xôi,5,pate,Pa-tê gan,Liver pâté,thịt chế biến,"chín, dạng phết",thit_che_bien_topping,có,thành phần được liệt kê,,có,36,319,114.8,848.8,13.5,ước tính biên tập; không phải công thức định lượng của từng quán,toàn bộ thành phần đặc trưng đã ghi trong CSV gốc; không phải công thức đầy đủ của mọi quán,USDA SR28 / FoodData Central (proxy),USDA SR28 NDB_No 05282,USDA SR28 Energ_Kcal (trên 100 g phần ăn được),"PATE DE FOIE GRAS,CND (GOOSE LIVER PATE),SMOKED",https://catalog.data.gov/dataset/composition-of-foods-raw-processed-prepared-usda-national-nutrient-database-for-standar-28,https://vietnam.travel/things-to-do/vietnam-foodie-guide-region,trung_binh,thap,Pa-tê gan lợn/gia cầm đại diện. Một khẩu phần thịt chế biến dùng kèm/bị kẹp. Khớp gần với bản ghi USDA SR28; điểm khớp 100%. Khối lượng đạm được phân bổ lại theo ngân sách 160 g cho món có nhiều thành phần đạm.,2026-08-02
HN165,Xôi mặn,Xôi,6,hành phi,Hành phi,Fried shallots,gia vị chiên,chiên giòn,topping_thom_beo,có,thành phần được liệt kê,,có,10,550,55,848.8,6.5,ước tính biên tập; không phải công thức định lượng của từng quán,toàn bộ thành phần đặc trưng đã ghi trong CSV gốc; không phải công thức đầy đủ của mọi quán,Viện Dinh dưỡng Việt Nam / FAO (proxy),không gắn mã riêng; đối chiếu theo thực phẩm tương đương,NIN/FAO Energy kcal (trên 100 g phần ăn được),Fried shallots,https://viendinhduong.vn/en/cong-cu-va-tien-ich/nutritional-value-of-food; https://www.fao.org/fileadmin/templates/food_composition/documents/pdf/VTN_FCT_2007.pdf,https://vietnam.travel/things-to-do/vietnam-foodie-guide-region,thap,thap,Phụ thuộc lượng dầu hấp thụ. Một thìa hành phi rắc mặt.,2026-08-02
HN166,Xôi xéo,Xôi Hà Nội,1,gạo nếp,Gạo nếp,"Glutinous rice, dry",ngũ cốc,"khô, chưa nấu",tinh_bot_chinh_kho,có,thành phần được liệt kê,,có,90,370,333,695.2,47.9,ước tính biên tập; không phải công thức định lượng của từng quán,toàn bộ thành phần đặc trưng đã ghi trong CSV gốc; không phải công thức đầy đủ của mọi quán,Viện Dinh dưỡng Việt Nam / FAO (proxy),không gắn mã riêng; đối chiếu theo thực phẩm tương đương,NIN/FAO Energy kcal (trên 100 g phần ăn được),"Glutinous rice, dry",https://viendinhduong.vn/en/cong-cu-va-tien-ich/nutritional-value-of-food; https://www.fao.org/fileadmin/templates/food_composition/documents/pdf/VTN_FCT_2007.pdf,https://www.vietnam.travel/things-to-do/10-must-try-hanoi-dishes/,cao,thap,Gạo nếp khô. Gạo nếp khô cho một suất xôi/cơm lam; cho nở thành khoảng 180–220 g chín.,2026-08-02
HN166,Xôi xéo,Xôi Hà Nội,2,đậu xanh,Đậu xanh hạt khô,"Mung beans, dry",đậu,khô,nhan_ngot_dam_thuc_vat,có,thành phần được liệt kê,,có,45,347,156.2,695.2,22.5,ước tính biên tập; không phải công thức định lượng của từng quán,toàn bộ thành phần đặc trưng đã ghi trong CSV gốc; không phải công thức đầy đủ của mọi quán,Viện Dinh dưỡng Việt Nam / FAO (proxy),không gắn mã riêng; đối chiếu theo thực phẩm tương đương,NIN/FAO Energy kcal (trên 100 g phần ăn được),"Mung beans, dry",https://viendinhduong.vn/en/cong-cu-va-tien-ich/nutritional-value-of-food; https://www.fao.org/fileadmin/templates/food_composition/documents/pdf/VTN_FCT_2007.pdf,https://www.vietnam.travel/things-to-do/10-must-try-hanoi-dishes/,cao,thap,"Hạt khô; khi nấu kcal/100 g giảm do hút nước. Lượng nhân/hỗn hợp đậu trong một phần bánh/chè; dấu gạch chéo là biến thể, không phải cộng tất cả.",2026-08-02
HN166,Xôi xéo,Xôi Hà Nội,3,nghệ,Bột nghệ,"Turmeric, ground",gia vị,"khô, xay",gia_vi_tuoi,có,thành phần được liệt kê,,có,8,312,25,695.2,3.6,ước tính biên tập; không phải công thức định lượng của từng quán,toàn bộ thành phần đặc trưng đã ghi trong CSV gốc; không phải công thức đầy đủ của mọi quán,USDA SR28 / FoodData Central (proxy),USDA SR28 NDB_No 02043,USDA SR28 Energ_Kcal (trên 100 g phần ăn được),"TURMERIC,GROUND",https://catalog.data.gov/dataset/composition-of-foods-raw-processed-prepared-usda-national-nutrient-database-for-standar-28,https://www.vietnam.travel/things-to-do/10-must-try-hanoi-dishes/,cao,thap,Giả định dạng bột; nghệ tươi có kcal thấp hơn. Lượng gia vị tươi ước/nấu trong một suất; không nhất thiết ăn hết phần xác. Khớp gần với bản ghi USDA SR28; điểm khớp 100%.,2026-08-02
HN166,Xôi xéo,Xôi Hà Nội,4,mỡ hành,Mỡ hành,Scallion oil,chất béo/nước sốt,hành chín trong dầu,chat_beo_topping,có,thành phần được liệt kê,,có,18,700,126,695.2,18.1,ước tính biên tập; không phải công thức định lượng của từng quán,toàn bộ thành phần đặc trưng đã ghi trong CSV gốc; không phải công thức đầy đủ của mọi quán,Viện Dinh dưỡng Việt Nam / FAO (proxy),không gắn mã riêng; đối chiếu theo thực phẩm tương đương,NIN/FAO Energy kcal (trên 100 g phần ăn được),Scallion oil,https://viendinhduong.vn/en/cong-cu-va-tien-ich/nutritional-value-of-food; https://www.fao.org/fileadmin/templates/food_composition/documents/pdf/VTN_FCT_2007.pdf,https://www.vietnam.travel/things-to-do/10-must-try-hanoi-dishes/,thap,thap,Ước tính hỗn hợp chủ yếu là dầu. Lượng mỡ/tóp mỡ ăn được trong một suất.,2026-08-02
HN166,Xôi xéo,Xôi Hà Nội,5,hành phi,Hành phi,Fried shallots,gia vị chiên,chiên giòn,topping_thom_beo,có,thành phần được liệt kê,,có,10,550,55,695.2,7.9,ước tính biên tập; không phải công thức định lượng của từng quán,toàn bộ thành phần đặc trưng đã ghi trong CSV gốc; không phải công thức đầy đủ của mọi quán,Viện Dinh dưỡng Việt Nam / FAO (proxy),không gắn mã riêng; đối chiếu theo thực phẩm tương đương,NIN/FAO Energy kcal (trên 100 g phần ăn được),Fried shallots,https://viendinhduong.vn/en/cong-cu-va-tien-ich/nutritional-value-of-food; https://www.fao.org/fileadmin/templates/food_composition/documents/pdf/VTN_FCT_2007.pdf,https://www.vietnam.travel/things-to-do/10-must-try-hanoi-dishes/,thap,thap,Phụ thuộc lượng dầu hấp thụ. Một thìa hành phi rắc mặt.,2026-08-02
HN167,Xôi khúc,Xôi và bánh nếp,1,gạo nếp,Gạo nếp,"Glutinous rice, dry",ngũ cốc,"khô, chưa nấu",tinh_bot_chinh_kho,có,thành phần được liệt kê,,có,90,370,333,945,35.2,ước tính biên tập; không phải công thức định lượng của từng quán,toàn bộ thành phần đặc trưng đã ghi trong CSV gốc; không phải công thức đầy đủ của mọi quán,Viện Dinh dưỡng Việt Nam / FAO (proxy),không gắn mã riêng; đối chiếu theo thực phẩm tương đương,NIN/FAO Energy kcal (trên 100 g phần ăn được),"Glutinous rice, dry",https://viendinhduong.vn/en/cong-cu-va-tien-ich/nutritional-value-of-food; https://www.fao.org/fileadmin/templates/food_composition/documents/pdf/VTN_FCT_2007.pdf,https://vietnam.travel/things-to-do/vietnam-foodie-guide-region,cao,thap,Gạo nếp khô. Gạo nếp khô cho một suất xôi/cơm lam; cho nở thành khoảng 180–220 g chín.,2026-08-02
HN167,Xôi khúc,Xôi và bánh nếp,2,bột nếp,Bột gạo nếp,Glutinous rice flour,bột/ngũ cốc,khô,tinh_bot_chinh_kho,có,thành phần được liệt kê,,có,70,366,256.2,945,27.1,ước tính biên tập; không phải công thức định lượng của từng quán,toàn bộ thành phần đặc trưng đã ghi trong CSV gốc; không phải công thức đầy đủ của mọi quán,Viện Dinh dưỡng Việt Nam / FAO (proxy),không gắn mã riêng; đối chiếu theo thực phẩm tương đương,NIN/FAO Energy kcal (trên 100 g phần ăn được),Glutinous rice flour,https://viendinhduong.vn/en/cong-cu-va-tien-ich/nutritional-value-of-food; https://www.fao.org/fileadmin/templates/food_composition/documents/pdf/VTN_FCT_2007.pdf,https://vietnam.travel/things-to-do/vietnam-foodie-guide-region,cao,thap,Bột nếp khô. Lượng nguyên liệu nếp/cốm cho một phần bánh/quà.,2026-08-02
HN167,Xôi khúc,Xôi và bánh nếp,3,lá khúc,Rau khúc,Cudweed leaves,rau lá,tươi/chần,rau_thom,có,thành phần được liệt kê,,có,15,40,6,945,0.6,ước tính biên tập; không phải công thức định lượng của từng quán,toàn bộ thành phần đặc trưng đã ghi trong CSV gốc; không phải công thức đầy đủ của mọi quán,Viện Dinh dưỡng Việt Nam / FAO (proxy),không gắn mã riêng; đối chiếu theo thực phẩm tương đương,NIN/FAO Energy kcal (trên 100 g phần ăn được),Cudweed leaves,https://viendinhduong.vn/en/cong-cu-va-tien-ich/nutritional-value-of-food; https://www.fao.org/fileadmin/templates/food_composition/documents/pdf/VTN_FCT_2007.pdf,https://vietnam.travel/things-to-do/vietnam-foodie-guide-region,thap,thap,Proxy từ rau lá xanh; lượng dùng hạn chế. Một nhúm rau thơm/lá gia vị ăn được trong một suất.,2026-08-02
HN167,Xôi khúc,Xôi và bánh nếp,4,đậu xanh,Đậu xanh hạt khô,"Mung beans, dry",đậu,khô,nhan_ngot_dam_thuc_vat,có,thành phần được liệt kê,,có,45,347,156.2,945,16.5,ước tính biên tập; không phải công thức định lượng của từng quán,toàn bộ thành phần đặc trưng đã ghi trong CSV gốc; không phải công thức đầy đủ của mọi quán,Viện Dinh dưỡng Việt Nam / FAO (proxy),không gắn mã riêng; đối chiếu theo thực phẩm tương đương,NIN/FAO Energy kcal (trên 100 g phần ăn được),"Mung beans, dry",https://viendinhduong.vn/en/cong-cu-va-tien-ich/nutritional-value-of-food; https://www.fao.org/fileadmin/templates/food_composition/documents/pdf/VTN_FCT_2007.pdf,https://vietnam.travel/things-to-do/vietnam-foodie-guide-region,cao,thap,"Hạt khô; khi nấu kcal/100 g giảm do hút nước. Lượng nhân/hỗn hợp đậu trong một phần bánh/chè; dấu gạch chéo là biến thể, không phải cộng tất cả.",2026-08-02
HN167,Xôi khúc,Xôi và bánh nếp,5,thịt lợn,"Thịt lợn chín, nạc mỡ vừa","Pork, cooked, lean and fat",thịt,chín,dam_chinh,có,thành phần được liệt kê,,có,80,242,193.6,945,20.5,ước tính biên tập; không phải công thức định lượng của từng quán,toàn bộ thành phần đặc trưng đã ghi trong CSV gốc; không phải công thức đầy đủ của mọi quán,Viện Dinh dưỡng Việt Nam / FAO (proxy),không gắn mã riêng; đối chiếu theo thực phẩm tương đương,NIN/FAO Energy kcal (trên 100 g phần ăn được),"Pork, cooked, lean and fat",https://viendinhduong.vn/en/cong-cu-va-tien-ich/nutritional-value-of-food; https://www.fao.org/fileadmin/templates/food_composition/documents/pdf/VTN_FCT_2007.pdf,https://vietnam.travel/things-to-do/vietnam-foodie-guide-region,trung_binh,thap,Giá trị đại diện nhiều phần cắt. Khối lượng thịt lợn thành phẩm trong một suất.,2026-08-02
